season,line_id,direction,time_period_id,station_id,total_ons,total_offs,number_service_days,average_ons,average_offs,average_flow
Fall 2017,blue,0,time_period_02,place-orhte,37523,1211,82,458,15,1987
Fall 2017,blue,0,time_period_02,place-rbmnl,28265,1323,82,345,16,1126
Fall 2017,blue,0,time_period_02,place-sdmnl,4531,261,82,55,3,1544
Fall 2017,blue,0,time_period_02,place-state,483,151881,82,6,1852,1428
Fall 2017,blue,0,time_period_02,place-wimnl,19373,1723,82,236,21,2202
Fall 2017,blue,0,time_period_02,place-wondl,65393,0,82,797,0,797
Fall 2017,blue,0,time_period_03,place-aport,110241,10442,82,1344,127,7979
Fall 2017,blue,0,time_period_03,place-aqucl,6181,114044,82,75,1391,9374
Fall 2017,blue,0,time_period_03,place-bmmnl,90806,1341,82,1107,16,4738
Fall 2017,blue,0,time_period_03,place-bomnl,0,62603,82,0,763,0
Fall 2017,blue,0,time_period_03,place-gover,144,284533,82,2,3470,763
Fall 2017,blue,0,time_period_03,place-mvbcl,239147,16866,82,2916,206,10690
Fall 2017,blue,0,time_period_03,place-orhte,110837,2702,82,1352,33,6236
Fall 2017,blue,0,time_period_03,place-rbmnl,69149,3124,82,843,38,3647
Fall 2017,blue,0,time_period_03,place-sdmnl,15114,469,82,184,6,4917
Fall 2017,blue,0,time_period_03,place-state,1614,423301,82,20,5162,4232
Fall 2017,blue,0,time_period_03,place-wimnl,46719,3592,82,570,44,6762
Fall 2017,blue,0,time_period_03,place-wondl,233063,0,82,2842,0,2842
Fall 2017,blue,0,time_period_04,place-aport,113660,20596,82,1386,251,5290
Fall 2017,blue,0,time_period_04,place-aqucl,14096,70624,82,172,861,6535
Fall 2017,blue,0,time_period_04,place-bmmnl,55352,2861,82,675,35,2842
Fall 2017,blue,0,time_period_04,place-bomnl,0,35199,82,0,429,0
Fall 2017,blue,0,time_period_04,place-gover,345,225534,82,4,2750,429
Fall 2017,blue,0,time_period_04,place-mvbcl,189320,30740,82,2309,375,7224
Fall 2017,blue,0,time_period_04,place-orhte,73674,4828,82,898,59,3782
Fall 2017,blue,0,time_period_04,place-rbmnl,62431,3724,82,761,45,2202
Fall 2017,blue,0,time_period_04,place-sdmnl,9494,1258,82,116,15,2942
Fall 2017,blue,0,time_period_04,place-state,4286,279745,82,52,3412,3175
Fall 2017,blue,0,time_period_04,place-wimnl,33851,3223,82,413,39,4155
Fall 2017,blue,0,time_period_04,place-wondl,121823,0,82,1486,0,1486
Fall 2017,blue,0,time_period_05,place-aport,82284,12421,82,1003,151,2889
Fall 2017,blue,0,time_period_05,place-aqucl,19909,39993,82,243,488,3670
Fall 2017,blue,0,time_period_05,place-bmmnl,29239,2555,82,357,31,1339
Fall 2017,blue,0,time_period_05,place-bomnl,0,16737,82,0,204,0
Fall 2017,blue,0,time_period_05,place-gover,298,126256,82,4,1540,204
Fall 2017,blue,0,time_period_05,place-mvbcl,111056,26945,82,1354,329,3915
Fall 2017,blue,0,time_period_05,place-orhte,37192,4164,82,454,51,1793
Fall 2017,blue,0,time_period_05,place-rbmnl,36408,2505,82,444,31,1013
Fall 2017,blue,0,time_period_05,place-sdmnl,5002,753,82,61,9,1390
Fall 2017,blue,0,time_period_05,place-state,4516,162780,82,55,1985,1740
Fall 2017,blue,0,time_period_05,place-wimnl,22986,2963,82,280,36,2037
Fall 2017,blue,0,time_period_05,place-wondl,49182,0,82,600,0,600
Fall 2017,blue,0,time_period_06,place-aport,68093,10325,82,830,126,2342
Fall 2017,blue,0,time_period_06,place-aqucl,29958,28453,82,365,347,3237
Fall 2017,blue,0,time_period_06,place-bmmnl,20536,2480,82,250,30,1009
Fall 2017,blue,0,time_period_06,place-bomnl,0,10371,82,0,126,0
Fall 2017,blue,0,time_period_06,place-gover,350,106659,82,4,1301,126
Fall 2017,blue,0,time_period_06,place-mvbcl,94665,22729,82,1154,277,3219
Fall 2017,blue,0,time_period_06,place-orhte,32137,4536,82,392,55,1394
Fall 2017,blue,0,time_period_06,place-rbmnl,27789,2580,82,339,31,789
Fall 2017,blue,0,time_period_01,place-aport,24671,3599,82,301,44,1454
Fall 2017,blue,0,time_period_01,place-aqucl,321,14374,82,4,175,1711
Fall 2017,blue,0,time_period_01,place-bmmnl,17937,110,82,219,1,783
Fall 2017,blue,0,time_period_01,place-bomnl,0,10534,82,0,128,0
Fall 2017,blue,0,time_period_01,place-gover,8,60422,82,0,737,128
Fall 2017,blue,0,time_period_01,place-mvbcl,38544,3417,82,470,42,1883
Fall 2017,blue,0,time_period_01,place-orhte,23284,325,82,284,4,1081
Fall 2017,blue,0,time_period_01,place-rbmnl,18921,1244,82,231,15,566
Fall 2017,blue,0,time_period_01,place-sdmnl,1578,102,82,19,1,801
Fall 2017,blue,0,time_period_01,place-state,220,69602,82,3,849,865
Fall 2017,blue,0,time_period_01,place-wimnl,10790,1287,82,132,16,1197
Fall 2017,blue,0,time_period_01,place-wondl,28742,0,82,351,0,351
Fall 2017,blue,0,time_period_02,place-aport,42976,5570,82,524,68,2658
Fall 2017,blue,0,time_period_02,place-aqucl,1297,26151,82,16,319,3275
Fall 2017,blue,0,time_period_02,place-bmmnl,30553,539,82,373,7,1492
Fall 2017,blue,0,time_period_02,place-bomnl,0,21637,82,0,264,0
Fall 2017,blue,0,time_period_02,place-gover,37,95515,82,0,1165,264
Fall 2017,blue,0,time_period_02,place-mvbcl,81438,6058,82,993,74,3578
Fall 2017,blue,0,time_period_10,place-wimnl,19856,2812,16,1241,176,10591
Fall 2017,blue,0,time_period_10,place-wondl,60641,0,16,3790,0,3790
Fall 2017,blue,0,time_period_11,place-aport,66805,12164,17,3930,716,11235
Fall 2017,blue,0,time_period_11,place-aqucl,15388,33679,17,905,1981,13604
Fall 2017,blue,0,time_period_11,place-bmmnl,22776,2289,17,1340,135,5474
Fall 2017,blue,0,time_period_11,place-bomnl,0,9901,17,0,582,0
Fall 2017,blue,0,time_period_11,place-gover,117,112189,17,7,6599,582
Fall 2017,blue,0,time_period_11,place-mvbcl,77276,18711,17,4546,1101,14680
Fall 2017,blue,0,time_period_11,place-orhte,28653,3479,17,1685,205,7168
Fall 2017,blue,0,time_period_11,place-rbmnl,27485,2335,17,1617,137,4269
Fall 2017,blue,0,time_period_11,place-sdmnl,4292,665,17,252,39,5687
Fall 2017,blue,0,time_period_11,place-state,2760,112056,17,162,6592,7175
Fall 2017,blue,0,time_period_11,place-wimnl,16808,2315,17,989,136,8021
Fall 2017,blue,0,time_period_11,place-wondl,47423,0,17,2790,0,2790
Fall 2017,blue,0,time_period_06,place-sdmnl,4588,586,82,56,7,1058
Fall 2017,blue,0,time_period_06,place-state,8479,157247,82,103,1918,1423
Fall 2017,blue,0,time_period_06,place-wimnl,22650,2739,82,276,33,1637
Fall 2017,blue,0,time_period_06,place-wondl,39459,0,82,481,0,481
Fall 2017,blue,0,time_period_07,place-aport,44374,6247,82,541,76,1174
Fall 2017,blue,0,time_period_07,place-aqucl,12136,9677,82,148,118,1564
Fall 2017,blue,0,time_period_07,place-bmmnl,9505,2321,82,116,28,484
Fall 2017,blue,0,time_period_07,place-bomnl,0,4152,82,0,51,0
Fall 2017,blue,0,time_period_07,place-gover,179,54364,82,2,663,51
Fall 2017,blue,0,time_period_07,place-mvbcl,42648,13156,82,520,160,1534
Fall 2017,blue,0,time_period_07,place-orhte,14014,3234,82,171,39,633
Fall 2017,blue,0,time_period_07,place-rbmnl,11137,2594,82,136,32,396
Fall 2017,blue,0,time_period_07,place-sdmnl,1858,408,82,23,5,501
Fall 2017,blue,0,time_period_07,place-state,3432,73348,82,42,894,711
Fall 2017,blue,0,time_period_07,place-wimnl,8251,1972,82,101,24,709
Fall 2017,blue,0,time_period_07,place-wondl,23938,0,82,292,0,292
Fall 2017,blue,0,time_period_08,place-aport,21030,2601,82,256,32,495
Fall 2017,blue,0,time_period_08,place-aqucl,4375,3563,82,53,43,571
Fall 2017,blue,0,time_period_08,place-bmmnl,3293,666,82,40,8,177
Fall 2017,blue,0,time_period_08,place-bomnl,0,1134,82,0,14,0
Fall 2017,blue,0,time_period_08,place-gover,29,18007,82,0,220,14
Fall 2017,blue,0,time_period_08,place-mvbcl,10278,4905,82,125,60,561
Fall 2017,blue,0,time_period_08,place-orhte,5584,1219,82,68,15,232
Fall 2017,blue,0,time_period_08,place-rbmnl,3885,1116,82,47,14,145
Fall 2017,blue,0,time_period_08,place-sdmnl,320,110,82,4,1,179
Fall 2017,blue,0,time_period_08,place-state,745,28441,82,9,347,233
Fall 2017,blue,0,time_period_08,place-wimnl,3863,721,82,47,9,271
Fall 2017,blue,0,time_period_08,place-wondl,9082,0,82,111,0,111
Fall 2017,blue,0,time_period_09,place-aport,2512,334,82,31,4,55
Fall 2017,blue,0,time_period_09,place-aqucl,686,375,82,8,5,68
Fall 2017,blue,0,time_period_09,place-bmmnl,254,53,82,3,1,16
Fall 2017,blue,0,time_period_09,place-bomnl,0,121,82,0,1,0
Fall 2017,blue,0,time_period_09,place-gover,9,2650,82,0,32,1
Fall 2017,blue,0,time_period_09,place-mvbcl,1360,630,82,17,8,64
Fall 2017,blue,0,time_period_09,place-orhte,656,149,82,8,2,23
Fall 2017,blue,0,time_period_09,place-rbmnl,497,230,82,6,3,14
Fall 2017,blue,0,time_period_09,place-sdmnl,32,20,82,0,0,17
Fall 2017,blue,0,time_period_09,place-state,237,3046,82,3,37,34
Fall 2017,blue,0,time_period_09,place-wimnl,671,182,82,8,2,29
Fall 2017,blue,0,time_period_09,place-wondl,876,0,82,11,0,11
Fall 2017,blue,0,time_period_10,place-aport,70371,13007,16,4398,813,14176
Fall 2017,blue,0,time_period_10,place-aqucl,17665,43373,16,1104,2711,17533
Fall 2017,blue,0,time_period_10,place-bmmnl,27410,2489,16,1713,156,7159
Fall 2017,blue,0,time_period_10,place-bomnl,0,10794,16,0,675,0
Fall 2017,blue,0,time_period_10,place-gover,118,141375,16,7,8836,675
Fall 2017,blue,0,time_period_10,place-mvbcl,99820,20403,16,6239,1275,19139
Fall 2017,blue,0,time_period_10,place-orhte,37354,3912,16,2335,245,9525
Fall 2017,blue,0,time_period_10,place-rbmnl,31868,2884,16,1992,180,5602
Fall 2017,blue,0,time_period_10,place-sdmnl,5191,774,16,324,48,7435
Fall 2017,blue,0,time_period_10,place-state,3892,132364,16,243,8273,9503
Fall 2017,blue,1,time_period_01,place-aport,1215,5186,82,15,63,108
Fall 2017,blue,1,time_period_01,place-aqucl,736,537,82,9,7,169
Fall 2017,blue,1,time_period_01,place-bmmnl,367,1050,82,4,13,55
Fall 2017,blue,1,time_period_01,place-bomnl,195,0,82,2,0,2
Fall 2017,blue,1,time_period_01,place-gover,4983,34,82,61,0,63
Fall 2017,blue,1,time_period_01,place-mvbcl,2701,3776,82,33,46,156
Fall 2017,blue,1,time_period_01,place-orhte,345,2101,82,4,26,64
Fall 2017,blue,1,time_period_01,place-rbmnl,72,1831,82,1,22,33
Fall 2017,blue,1,time_period_01,place-sdmnl,32,134,82,0,2,63
Fall 2017,blue,1,time_period_01,place-state,8708,173,82,106,2,167
Fall 2017,blue,1,time_period_08,place-bmmnl,596,28213,82,7,344,980
Fall 2017,blue,1,time_period_01,place-wimnl,633,2429,82,8,30,86
Fall 2017,blue,1,time_period_01,place-wondl,0,2735,82,0,33,0
Fall 2017,blue,1,time_period_02,place-aport,2879,15134,82,35,185,281
Fall 2017,blue,1,time_period_02,place-aqucl,3097,1840,82,38,22,593
Fall 2017,blue,1,time_period_02,place-bmmnl,434,2711,82,5,33,114
Fall 2017,blue,1,time_period_02,place-bomnl,850,0,82,10,0,10
Fall 2017,blue,1,time_period_02,place-gover,16398,73,82,200,1,209
Fall 2017,blue,1,time_period_02,place-mvbcl,6082,19394,82,74,237,431
Fall 2017,blue,1,time_period_02,place-orhte,854,5370,82,10,65,149
Fall 2017,blue,1,time_period_02,place-rbmnl,242,3070,82,3,37,79
Fall 2017,blue,1,time_period_02,place-sdmnl,72,659,82,1,8,142
Fall 2017,blue,1,time_period_02,place-state,30919,704,82,377,9,578
Fall 2017,blue,1,time_period_02,place-wimnl,936,7293,82,11,89,204
Fall 2017,blue,1,time_period_02,place-wondl,0,6513,82,0,79,0
Fall 2017,blue,1,time_period_03,place-aport,5943,25982,82,72,317,548
Fall 2017,blue,1,time_period_03,place-aqucl,6418,14134,82,78,172,1083
Fall 2017,blue,1,time_period_03,place-bmmnl,1783,6428,82,22,78,289
Fall 2017,blue,1,time_period_03,place-bomnl,4450,0,82,54,0,54
Fall 2017,blue,1,time_period_03,place-gover,37279,531,82,455,6,502
Fall 2017,blue,1,time_period_03,place-mvbcl,14181,38005,82,173,463,792
Fall 2017,blue,1,time_period_03,place-orhte,2612,11858,82,32,145,358
Fall 2017,blue,1,time_period_03,place-rbmnl,724,8763,82,9,107,191
Fall 2017,blue,1,time_period_03,place-sdmnl,165,1192,82,2,15,345
Fall 2017,blue,1,time_period_03,place-state,57670,2367,82,703,29,1177
Fall 2017,blue,1,time_period_03,place-wimnl,1926,8249,82,23,101,471
Fall 2017,blue,1,time_period_03,place-wondl,0,15642,82,0,191,0
Fall 2017,blue,1,time_period_04,place-aport,12307,63321,82,150,772,1886
Fall 2017,blue,1,time_period_08,place-bomnl,12157,0,82,148,0,148
Fall 2017,blue,1,time_period_08,place-gover,156766,338,82,1912,4,2056
Fall 2017,blue,1,time_period_04,place-aqucl,22948,18665,82,280,228,3426
Fall 2017,blue,1,time_period_04,place-bmmnl,3227,24821,82,39,303,1026
Fall 2017,blue,1,time_period_08,place-mvbcl,6126,103526,82,75,1263,2546
Fall 2017,blue,1,time_period_04,place-bomnl,21972,0,82,268,0,268
Fall 2017,blue,1,time_period_08,place-orhte,1492,34919,82,18,426,1351
Fall 2017,blue,1,time_period_04,place-gover,115203,2751,82,1405,34,1639
Fall 2017,blue,1,time_period_08,place-rbmnl,289,37299,82,4,455,529
Fall 2017,blue,1,time_period_08,place-sdmnl,153,2958,82,2,36,1317
Fall 2017,blue,1,time_period_08,place-state,96722,1488,82,1180,18,3217
Fall 2017,blue,1,time_period_04,place-mvbcl,23233,98480,82,283,1201,2509
Fall 2017,blue,1,time_period_04,place-orhte,4694,33523,82,57,409,1367
Fall 2017,blue,1,time_period_08,place-wimnl,1770,19251,82,22,235,1759
Fall 2017,blue,1,time_period_04,place-rbmnl,1307,31335,82,16,382,660
Fall 2017,blue,1,time_period_08,place-wondl,0,43381,82,0,529,0
Fall 2017,blue,1,time_period_04,place-sdmnl,737,7126,82,9,87,1289
Fall 2017,blue,1,time_period_04,place-state,148621,6376,82,1812,78,3374
Fall 2017,blue,1,time_period_04,place-wimnl,2850,16618,82,35,203,1719
Fall 2017,blue,1,time_period_09,place-aport,2807,13372,82,34,163,404
Fall 2017,blue,1,time_period_04,place-wondl,0,54083,82,0,660,0
Fall 2017,blue,1,time_period_09,place-aqucl,9141,206,82,111,3,802
Fall 2017,blue,1,time_period_05,place-aport,18092,86216,82,221,1051,3499
Fall 2017,blue,1,time_period_05,place-aqucl,54445,16352,82,664,199,5953
Fall 2017,blue,1,time_period_09,place-bmmnl,96,5788,82,1,71,187
Fall 2017,blue,1,time_period_05,place-bmmnl,2722,47147,82,33,575,1827
Fall 2017,blue,1,time_period_09,place-bomnl,1301,0,82,16,0,16
Fall 2017,blue,1,time_period_05,place-bomnl,35496,0,82,433,0,433
Fall 2017,blue,1,time_period_09,place-gover,35583,31,82,434,0,449
Fall 2017,blue,1,time_period_05,place-gover,191799,3139,82,2339,38,2734
Fall 2017,blue,1,time_period_09,place-mvbcl,1688,23786,82,21,290,533
Fall 2017,blue,1,time_period_05,place-mvbcl,26091,159198,82,318,1941,4330
Fall 2017,blue,1,time_period_05,place-orhte,4470,63943,82,55,780,2464
Fall 2017,blue,1,time_period_09,place-orhte,302,7594,82,4,93,265
Fall 2017,blue,1,time_period_05,place-rbmnl,1188,49074,82,14,598,1243
Fall 2017,blue,1,time_period_09,place-rbmnl,12,13442,82,0,164,23
Fall 2017,blue,1,time_period_05,place-sdmnl,833,8656,82,10,106,2369
Fall 2017,blue,1,time_period_09,place-sdmnl,49,740,82,1,9,256
Fall 2017,blue,1,time_period_05,place-state,235362,9443,82,2870,115,5489
Fall 2017,blue,1,time_period_09,place-state,20222,243,82,247,3,693
Fall 2017,blue,1,time_period_05,place-wimnl,4251,29649,82,52,362,3189
Fall 2017,blue,1,time_period_09,place-wimnl,274,4376,82,3,53,354
Fall 2017,blue,1,time_period_05,place-wondl,0,101928,82,0,1243,0
Fall 2017,blue,1,time_period_09,place-wondl,0,1898,82,0,23,0
Fall 2017,blue,1,time_period_06,place-aport,17420,120378,82,212,1468,6841
Fall 2017,blue,1,time_period_10,place-aport,16659,67511,16,1041,4219,11452
Fall 2017,blue,1,time_period_10,place-aqucl,44786,11646,16,2799,728,20476
Fall 2017,blue,1,time_period_10,place-bmmnl,2534,29074,16,158,1817,6047
Fall 2017,blue,1,time_period_06,place-aqucl,114850,18872,82,1401,230,10662
Fall 2017,blue,1,time_period_10,place-bomnl,10298,0,16,644,0,644
Fall 2017,blue,1,time_period_06,place-bmmnl,2287,90573,82,28,1105,3732
Fall 2017,blue,1,time_period_10,place-gover,158634,977,16,9915,61,10497
Fall 2017,blue,1,time_period_06,place-bomnl,74788,0,82,912,0,912
Fall 2017,blue,1,time_period_10,place-mvbcl,20385,113926,16,1274,7120,14630
Fall 2017,blue,1,time_period_06,place-gover,319292,4867,82,3894,59,4747
Fall 2017,blue,1,time_period_10,place-orhte,4279,40818,16,267,2551,8036
Fall 2017,blue,1,time_period_10,place-rbmnl,813,36450,16,51,2278,3819
Fall 2017,blue,1,time_period_10,place-sdmnl,737,6030,16,46,377,7706
Fall 2017,blue,1,time_period_10,place-state,129874,3348,16,8117,209,18405
Fall 2017,blue,1,time_period_10,place-wimnl,3115,21224,16,195,1327,10320
Fall 2017,blue,1,time_period_10,place-wondl,0,61110,16,0,3819,0
Fall 2017,blue,1,time_period_11,place-aport,18120,58364,17,1066,3433,9043
Fall 2017,blue,1,time_period_11,place-aqucl,35044,8898,17,2061,523,15714
Fall 2017,blue,1,time_period_11,place-bmmnl,2183,24666,17,128,1451,4880
Fall 2017,blue,1,time_period_11,place-bomnl,9058,0,17,533,0,533
Fall 2017,blue,1,time_period_11,place-gover,127493,762,17,7500,45,7988
Fall 2017,blue,1,time_period_11,place-mvbcl,17487,90649,17,1029,5332,11410
Fall 2017,blue,1,time_period_11,place-orhte,3712,32024,17,218,1884,6471
Fall 2017,blue,1,time_period_11,place-rbmnl,656,31703,17,39,1865,3054
Fall 2017,blue,1,time_period_11,place-sdmnl,651,5210,17,38,306,6203
Fall 2017,blue,1,time_period_11,place-state,107881,2678,17,6346,158,14176
Fall 2017,blue,1,time_period_11,place-wimnl,2594,18008,17,153,1059,8136
Fall 2017,blue,1,time_period_11,place-wondl,0,51915,17,0,3054,0
Fall 2017,blue,1,time_period_06,place-mvbcl,29881,240205,82,364,2929,8097
Fall 2017,blue,1,time_period_06,place-orhte,5335,118756,82,65,1448,4983
Fall 2017,blue,1,time_period_06,place-rbmnl,1204,71143,82,15,868,2879
Fall 2017,blue,1,time_period_06,place-sdmnl,1028,15323,82,13,187,4808
Fall 2017,blue,1,time_period_06,place-state,405163,16080,82,4941,196,9491
Fall 2017,blue,1,time_period_06,place-wimnl,4940,43933,82,60,536,6366
Fall 2017,blue,1,time_period_06,place-wondl,0,236058,82,0,2879,0
Fall 2017,blue,1,time_period_07,place-aport,25165,89650,82,307,1093,3841
Fall 2017,blue,1,time_period_07,place-aqucl,65584,5863,82,800,72,6342
Fall 2017,blue,1,time_period_07,place-bmmnl,2048,51620,82,25,630,2012
Fall 2017,blue,1,time_period_07,place-bomnl,24632,0,82,300,0,300
Fall 2017,blue,1,time_period_07,place-gover,230197,1249,82,2807,15,3092
Fall 2017,blue,1,time_period_07,place-mvbcl,22465,163110,82,274,1989,4627
Fall 2017,blue,1,time_period_07,place-orhte,3913,69279,82,48,845,2703
Fall 2017,blue,1,time_period_07,place-rbmnl,625,54388,82,8,663,1357
Fall 2017,blue,1,time_period_07,place-sdmnl,424,7482,82,5,91,2617
Fall 2017,blue,1,time_period_07,place-state,212073,5295,82,2586,65,5614
Fall 2017,blue,1,time_period_07,place-wimnl,2505,30437,82,31,371,3500
Fall 2017,blue,1,time_period_07,place-wondl,0,111258,82,0,1357,0
Fall 2017,blue,1,time_period_08,place-aport,13270,60325,82,162,736,1972
Fall 2017,blue,1,time_period_08,place-aqucl,43867,1509,82,535,18,3734
Fall 2017,green,0,time_period_04,place-plsgr,2586,9140,82,32,111,1174
Fall 2017,green,0,time_period_04,place-prmnl,9293,49830,82,113,608,1796
Fall 2017,green,0,time_period_04,place-river,0,4054,82,0,49,0
Fall 2017,green,0,time_period_04,place-rsmnl,9467,15087,82,115,184,865
Fall 2017,green,0,time_period_04,place-rvrwy,550,5513,82,7,67,128
Fall 2017,green,0,time_period_04,place-smary,5465,16856,82,67,206,754
Fall 2017,green,0,time_period_03,place-buwst,277,7535,82,3,92,624
Fall 2017,green,0,time_period_01,place-nuniv,120,1728,82,1,21,83
Fall 2017,green,0,time_period_03,place-woodl,6,7637,82,0,93,240
Fall 2017,green,0,time_period_02,place-haecl,31181,2683,82,380,33,834
Fall 2017,green,0,time_period_04,place-sougr,17,3666,82,0,45,97
Fall 2017,green,0,time_period_04,place-spmnl,30430,25748,82,371,314,1162
Fall 2017,green,0,time_period_04,place-sthld,1051,4506,82,13,55,298
Fall 2017,green,0,time_period_04,place-stplb,2513,10387,82,31,127,1254
Fall 2017,green,0,time_period_04,place-stpul,1408,5321,82,17,65,642
Fall 2017,green,0,time_period_04,place-sumav,3346,6443,82,41,79,394
Fall 2017,green,0,time_period_04,place-symcl,7103,29264,82,87,357,1526
Fall 2017,green,0,time_period_04,place-tapst,602,5727,82,7,70,200
Fall 2017,green,0,time_period_04,place-waban,657,3917,82,8,48,314
Fall 2017,green,0,time_period_04,place-wascm,3519,13249,82,43,162,340
Fall 2017,green,0,time_period_04,place-woodl,88,9647,82,1,118,198
Fall 2017,green,0,time_period_04,place-wrnst,3100,8949,82,38,109,458
Fall 2017,green,0,time_period_05,place-alsgr,1243,10275,82,15,125,506
Fall 2017,green,0,time_period_05,place-armnl,36122,50346,82,441,614,5616
Fall 2017,green,0,time_period_05,place-babck,1837,10254,82,22,125,1105
Fall 2017,green,0,time_period_05,place-bckhl,168,1563,82,2,19,79
Fall 2017,green,0,time_period_05,place-bcnfd,1295,9553,82,16,117,999
Fall 2017,green,0,time_period_05,place-bcnwa,710,7276,82,9,89,239
Fall 2017,green,0,time_period_05,place-bland,9243,4015,82,113,49,1256
Fall 2017,green,0,time_period_05,place-bndhl,199,2246,82,2,27,362
Fall 2017,green,0,time_period_05,place-boyls,59490,32901,82,725,401,5789
Fall 2017,green,0,time_period_05,place-brico,5236,16766,82,64,204,964
Fall 2017,green,0,time_period_05,place-brkhl,5745,7732,82,70,94,1100
Fall 2017,green,0,time_period_05,place-brmnl,1868,14847,82,23,181,309
Fall 2017,green,0,time_period_05,place-bucen,11276,7333,82,138,89,1360
Fall 2017,green,0,time_period_05,place-buest,9290,4748,82,113,58,1312
Fall 2017,green,0,time_period_05,place-buwst,3027,6208,82,37,76,1321
Fall 2017,green,0,time_period_05,place-bvmnl,6905,13734,82,84,167,1124
Fall 2017,green,0,time_period_05,place-chhil,1572,10833,82,19,132,703
Fall 2017,green,0,time_period_05,place-chill,379,5025,82,5,61,85
Fall 2017,green,0,time_period_05,place-chswk,194,6144,82,2,75,142
Fall 2017,green,0,time_period_05,place-clmnl,0,3665,82,0,45,0
Fall 2017,green,0,time_period_05,place-coecl,82072,106238,82,1001,1296,3305
Fall 2017,green,0,time_period_05,place-cool,8962,22508,82,109,274,439
Fall 2017,green,0,time_period_05,place-denrd,91,3779,82,1,46,129
Fall 2017,green,0,time_period_05,place-eliot,222,5810,82,3,71,373
Fall 2017,green,0,time_period_05,place-engav,11,6911,82,0,84,45
Fall 2017,green,0,time_period_05,place-fbkst,209,3723,82,3,45,319
Fall 2017,green,0,time_period_05,place-fenwd,559,4873,82,7,59,257
Fall 2017,green,0,time_period_05,place-fenwy,9433,12586,82,115,153,1161
Fall 2017,green,0,time_period_05,place-gover,159965,29221,82,1951,356,3744
Fall 2017,green,0,time_period_05,place-grigg,1626,9751,82,20,119,616
Fall 2017,green,0,time_period_05,place-haecl,69113,16609,82,843,203,2150
Fall 2017,green,0,time_period_05,place-harvd,8492,28948,82,104,353,715
Fall 2017,green,0,time_period_03,place-wrnst,2514,5565,82,31,68,203
Fall 2017,green,0,time_period_02,place-harvd,1282,1969,82,16,24,65
Fall 2017,green,0,time_period_03,place-bvmnl,9878,14474,82,120,177,778
Fall 2017,green,0,time_period_02,place-hsmnl,0,3049,82,0,37,0
Fall 2017,green,0,time_period_04,place-alsgr,2258,8651,82,28,106,530
Fall 2017,green,0,time_period_01,place-pktrm,13521,25930,82,165,316,573
Fall 2017,green,0,time_period_02,place-hwsst,27,984,82,0,12,88
Fall 2017,green,0,time_period_01,place-plsgr,0,50,82,0,1,17
Fall 2017,green,0,time_period_04,place-armnl,45676,122019,82,557,1488,8435
Fall 2017,green,0,time_period_03,place-chhil,1127,12062,82,14,147,620
Fall 2017,green,0,time_period_02,place-hymnl,3989,10300,82,49,126,893
Fall 2017,green,0,time_period_01,place-prmnl,308,3024,82,4,37,117
Fall 2017,green,0,time_period_04,place-babck,2139,13334,82,26,163,1038
Fall 2017,green,0,time_period_04,place-bckhl,293,1821,82,4,22,109
Fall 2017,green,0,time_period_04,place-bcnfd,2481,7478,82,30,91,933
Fall 2017,green,0,time_period_04,place-bcnwa,796,7024,82,10,86,262
Fall 2017,green,0,time_period_04,place-bland,10227,9696,82,125,118,1488
Fall 2017,green,0,time_period_04,place-bndhl,400,1924,82,5,23,376
Fall 2017,green,0,time_period_04,place-boyls,72322,59768,82,882,729,9366
Fall 2017,green,0,time_period_04,place-brico,5992,16073,82,73,196,915
Fall 2017,green,0,time_period_04,place-brkhl,3701,7994,82,45,97,994
Fall 2017,green,0,time_period_04,place-brmnl,1661,28521,82,20,348,328
Fall 2017,green,0,time_period_04,place-bucen,12169,15516,82,148,189,1449
Fall 2017,green,0,time_period_04,place-buest,11065,10930,82,135,133,1489
Fall 2017,green,0,time_period_04,place-buwst,2621,10677,82,32,130,1350
Fall 2017,green,0,time_period_04,place-bvmnl,11894,17353,82,145,212,1047
Fall 2017,green,0,time_period_04,place-chhil,1161,12549,82,14,153,726
Fall 2017,green,0,time_period_04,place-chill,498,6794,82,6,83,141
Fall 2017,green,0,time_period_04,place-chswk,449,6993,82,5,85,218
Fall 2017,green,0,time_period_04,place-clmnl,0,5768,82,0,70,0
Fall 2017,green,0,time_period_04,place-coecl,102971,180231,82,1256,2198,4474
Fall 2017,green,0,time_period_04,place-cool,10352,27540,82,126,336,432
Fall 2017,green,0,time_period_04,place-denrd,228,3931,82,3,48,155
Fall 2017,green,0,time_period_04,place-eliot,517,4707,82,6,57,354
Fall 2017,green,0,time_period_04,place-engav,35,6959,82,0,85,70
Fall 2017,green,0,time_period_04,place-fbkst,432,3486,82,5,43,338
Fall 2017,green,0,time_period_04,place-fenwd,489,5400,82,6,66,268
Fall 2017,green,0,time_period_04,place-fenwy,8863,21722,82,108,265,1224
Fall 2017,green,0,time_period_04,place-gover,227882,38160,82,2779,465,5882
Fall 2017,green,0,time_period_04,place-grigg,2582,7517,82,31,92,608
Fall 2017,green,0,time_period_04,place-haecl,105043,19559,82,1281,239,3568
Fall 2017,green,0,time_period_04,place-harvd,8934,29183,82,109,356,668
Fall 2017,green,0,time_period_04,place-hsmnl,0,8944,82,0,109,0
Fall 2017,green,0,time_period_04,place-hwsst,1264,4215,82,15,51,718
Fall 2017,green,0,time_period_04,place-hymnl,41987,88551,82,512,1080,4634
Fall 2017,green,0,time_period_04,place-kencl,44540,116599,82,543,1422,1252
Fall 2017,green,0,time_period_04,place-kntst,1226,3598,82,15,44,689
Fall 2017,green,0,time_period_04,place-lake,0,7922,82,0,97,0
Fall 2017,green,0,time_period_04,place-lech,90601,0,82,1105,0,1105
Fall 2017,green,0,time_period_04,place-lngmd,2569,31370,82,31,383,655
Fall 2017,green,0,time_period_04,place-longw,8367,17452,82,102,213,1113
Fall 2017,green,0,time_period_04,place-mfa,2199,22637,82,27,276,1006
Fall 2017,green,0,time_period_04,place-mispk,606,7132,82,7,87,188
Fall 2017,green,0,time_period_04,place-newtn,1127,13253,82,14,162,405
Fall 2017,green,0,time_period_04,place-newto,1959,16140,82,24,197,553
Fall 2017,green,0,time_period_04,place-north,121909,10100,82,1487,123,2526
Fall 2017,green,0,time_period_04,place-nuniv,7151,29314,82,87,357,1256
Fall 2017,green,0,time_period_04,place-pktrm,439145,166010,82,5355,2025,9213
Fall 2017,green,0,time_period_02,place-kencl,4515,26018,82,55,317,210
Fall 2017,green,0,time_period_01,place-river,0,150,82,0,2,0
Fall 2017,green,0,time_period_02,place-kntst,7,537,82,0,7,82
Fall 2017,green,0,time_period_01,place-alsgr,0,72,82,0,1,6
Fall 2017,green,0,time_period_01,place-rsmnl,78,355,82,1,4,59
Fall 2017,green,0,time_period_03,place-chill,270,5471,82,3,67,83
Fall 2017,green,0,time_period_01,place-rvrwy,9,286,82,0,3,5
Fall 2017,green,0,time_period_03,place-chswk,265,1976,82,3,24,146
Fall 2017,green,0,time_period_02,place-lake,0,856,82,0,10,0
Fall 2017,green,0,time_period_01,place-smary,0,722,82,0,9,13
Fall 2017,green,0,time_period_01,place-armnl,1082,6565,82,13,80,467
Fall 2017,green,0,time_period_02,place-lech,12632,0,82,154,0,154
Fall 2017,green,0,time_period_03,place-clmnl,0,3714,82,0,45,0
Fall 2017,green,0,time_period_01,place-babck,1,261,82,0,3,14
Fall 2017,green,0,time_period_02,place-lngmd,179,7525,82,2,92,225
Fall 2017,green,0,time_period_01,place-sougr,0,1,82,0,0,0
Fall 2017,green,0,time_period_03,place-coecl,76339,162189,82,931,1978,3506
Fall 2017,green,0,time_period_02,place-longw,633,5594,82,8,68,269
Fall 2017,green,0,time_period_01,place-spmnl,492,835,82,6,10,67
Fall 2017,green,0,time_period_03,place-cool,2830,12361,82,35,151,159
Fall 2017,green,0,time_period_01,place-bckhl,0,36,82,0,0,5
Fall 2017,green,0,time_period_03,place-denrd,125,1112,82,2,14,79
Fall 2017,green,0,time_period_02,place-mfa,186,2281,82,2,28,315
Fall 2017,green,0,time_period_01,place-bcnfd,13,185,82,0,2,62
Fall 2017,green,0,time_period_03,place-eliot,488,2874,82,6,35,355
Fall 2017,green,0,time_period_01,place-sthld,0,41,82,0,1,1
Fall 2017,green,0,time_period_03,place-engav,0,2795,82,0,34,45
Fall 2017,green,0,time_period_02,place-mispk,88,918,82,1,11,48
Fall 2017,green,0,time_period_01,place-stplb,3,172,82,0,2,18
Fall 2017,green,0,time_period_01,place-bcnwa,0,167,82,0,2,2
Fall 2017,green,0,time_period_03,place-fbkst,319,1480,82,4,18,134
Fall 2017,green,0,time_period_02,place-newtn,370,4737,82,5,58,133
Fall 2017,green,0,time_period_01,place-stpul,0,28,82,0,0,10
Fall 2017,green,0,time_period_01,place-bland,51,47,82,1,1,25
Fall 2017,green,0,time_period_03,place-fenwd,112,3450,82,1,42,117
Fall 2017,green,0,time_period_01,place-sumav,0,49,82,0,1,5
Fall 2017,green,0,time_period_03,place-fenwy,5434,17896,82,66,218,1006
Fall 2017,green,0,time_period_01,place-bndhl,0,6,82,0,0,5
Fall 2017,green,0,time_period_03,place-gover,228113,35396,82,2782,432,6341
Fall 2017,green,0,time_period_02,place-newto,303,3204,82,4,39,187
Fall 2017,green,0,time_period_03,place-grigg,2204,1280,82,27,16,239
Fall 2017,green,0,time_period_01,place-boyls,1397,4629,82,17,56,533
Fall 2017,green,0,time_period_03,place-haecl,93483,14118,82,1140,172,3991
Fall 2017,green,0,time_period_02,place-north,29947,1535,82,365,19,487
Fall 2017,green,0,time_period_01,place-brico,0,120,82,0,1,13
Fall 2017,green,0,time_period_03,place-harvd,3507,8380,82,43,102,227
Fall 2017,green,0,time_period_02,place-nuniv,658,2662,82,8,32,340
Fall 2017,green,0,time_period_01,place-brkhl,39,135,82,0,2,64
Fall 2017,green,0,time_period_01,place-symcl,383,1587,82,5,19,102
Fall 2017,green,0,time_period_03,place-hsmnl,0,5486,82,0,67,0
Fall 2017,green,0,time_period_01,place-brmnl,16,3285,82,0,40,13
Fall 2017,green,0,time_period_02,place-pktrm,69815,50471,82,851,616,1983
Fall 2017,green,0,time_period_01,place-tapst,0,64,82,0,1,2
Fall 2017,green,0,time_period_03,place-hwsst,355,2763,82,4,34,317
Fall 2017,green,0,time_period_01,place-bucen,34,205,82,0,3,21
Fall 2017,green,0,time_period_02,place-plsgr,45,795,82,1,10,94
Fall 2017,green,0,time_period_01,place-waban,3,231,82,0,3,20
Fall 2017,green,0,time_period_03,place-hymnl,18791,55464,82,229,676,3620
Fall 2017,green,0,time_period_01,place-buest,8,173,82,0,2,23
Fall 2017,green,0,time_period_02,place-prmnl,1076,9930,82,13,121,388
Fall 2017,green,0,time_period_01,place-wascm,0,212,82,0,3,1
Fall 2017,green,0,time_period_03,place-kencl,22719,108263,82,277,1320,859
Fall 2017,green,0,time_period_01,place-buwst,1,96,82,0,1,20
Fall 2017,green,0,time_period_02,place-river,0,1159,82,0,14,0
Fall 2017,green,0,time_period_02,place-rsmnl,2328,2192,82,28,27,255
Fall 2017,green,0,time_period_02,place-rvrwy,117,769,82,1,9,40
Fall 2017,green,0,time_period_02,place-smary,78,2718,82,1,33,100
Fall 2017,green,0,time_period_02,place-sougr,0,237,82,0,3,10
Fall 2017,green,0,time_period_02,place-spmnl,2637,3754,82,32,46,140
Fall 2017,green,0,time_period_02,place-sthld,55,181,82,1,2,33
Fall 2017,green,0,time_period_02,place-stplb,49,616,82,1,8,103
Fall 2017,green,0,time_period_02,place-stpul,59,508,82,1,6,76
Fall 2017,green,0,time_period_02,place-sumav,123,512,82,2,6,36
Fall 2017,green,0,time_period_02,place-symcl,1040,2990,82,13,36,365
Fall 2017,green,0,time_period_02,place-tapst,57,429,82,1,5,19
Fall 2017,green,0,time_period_02,place-waban,104,1015,82,1,12,113
Fall 2017,green,0,time_period_02,place-wascm,358,955,82,4,12,35
Fall 2017,green,0,time_period_02,place-woodl,0,4596,82,0,56,57
Fall 2017,green,0,time_period_02,place-wrnst,303,2182,82,4,27,42
Fall 2017,green,0,time_period_03,place-alsgr,2213,2102,82,27,26,240
Fall 2017,green,0,time_period_03,place-armnl,27282,179543,82,333,2190,6937
Fall 2017,green,0,time_period_03,place-babck,770,11862,82,9,145,331
Fall 2017,green,0,time_period_03,place-bckhl,331,689,82,4,8,67
Fall 2017,green,0,time_period_03,place-bcnfd,3587,2980,82,44,36,726
Fall 2017,green,0,time_period_03,place-bcnwa,866,2633,82,11,32,112
Fall 2017,green,0,time_period_03,place-bland,1125,6094,82,14,74,890
Fall 2017,green,0,time_period_03,place-bndhl,536,686,82,7,8,148
Fall 2017,green,0,time_period_03,place-boyls,29855,45136,82,364,550,8794
Fall 2017,green,0,time_period_03,place-brico,1413,5089,82,17,62,287
Fall 2017,green,0,time_period_03,place-brkhl,2925,7754,82,36,95,719
Fall 2017,green,0,time_period_03,place-brmnl,506,31892,82,6,389,157
Fall 2017,green,0,time_period_03,place-bucen,867,10730,82,11,131,712
Fall 2017,green,0,time_period_03,place-buest,613,5322,82,7,65,833
Fall 2017,green,0,time_period_01,place-woodl,0,1069,82,0,13,7
Fall 2017,green,0,time_period_01,place-wrnst,0,182,82,0,2,4
Fall 2017,green,0,time_period_02,place-alsgr,444,488,82,5,6,65
Fall 2017,green,0,time_period_01,place-bvmnl,467,324,82,6,4,65
Fall 2017,green,0,time_period_03,place-kntst,365,2425,82,4,30,292
Fall 2017,green,0,time_period_01,place-chhil,1,412,82,0,5,54
Fall 2017,green,0,time_period_03,place-lake,0,5629,82,0,69,0
Fall 2017,green,0,time_period_01,place-chill,0,15,82,0,0,0
Fall 2017,green,0,time_period_03,place-lech,86982,0,82,1061,0,1061
Fall 2017,green,0,time_period_03,place-lngmd,783,28724,82,10,350,540
Fall 2017,green,0,time_period_01,place-chswk,0,18,82,0,0,1
Fall 2017,green,0,time_period_03,place-longw,5251,19389,82,64,236,834
Fall 2017,green,0,time_period_01,place-clmnl,0,47,82,0,1,0
Fall 2017,green,0,time_period_01,place-coecl,1763,9395,82,21,115,205
Fall 2017,green,0,time_period_03,place-mfa,770,12682,82,9,155,881
Fall 2017,green,0,time_period_01,place-cool,0,421,82,0,5,5
Fall 2017,green,0,time_period_01,place-denrd,0,30,82,0,0,1
Fall 2017,green,0,time_period_01,place-eliot,0,116,82,0,1,23
Fall 2017,green,0,time_period_01,place-engav,0,51,82,0,1,1
Fall 2017,green,0,time_period_01,place-fbkst,0,25,82,0,0,4
Fall 2017,green,0,time_period_01,place-fenwd,20,286,82,0,3,10
Fall 2017,green,0,time_period_01,place-fenwy,38,694,82,0,8,73
Fall 2017,green,0,time_period_01,place-gover,32583,3760,82,397,46,724
Fall 2017,green,0,time_period_01,place-grigg,0,26,82,0,0,7
Fall 2017,green,0,time_period_01,place-haecl,21729,1102,82,265,13,373
Fall 2017,green,0,time_period_01,place-harvd,3,451,82,0,6,7
Fall 2017,green,0,time_period_01,place-hsmnl,0,381,82,0,5,0
Fall 2017,green,0,time_period_01,place-hwsst,0,118,82,0,1,12
Fall 2017,green,0,time_period_01,place-hymnl,779,2809,82,9,34,199
Fall 2017,green,0,time_period_01,place-kencl,330,6050,82,4,74,43
Fall 2017,green,0,time_period_01,place-kntst,0,94,82,0,1,11
Fall 2017,green,0,time_period_01,place-lake,0,37,82,0,0,0
Fall 2017,green,0,time_period_01,place-lech,5860,0,82,71,0,71
Fall 2017,green,0,time_period_01,place-lngmd,61,1810,82,1,22,53
Fall 2017,green,0,time_period_01,place-longw,59,881,82,1,11,63
Fall 2017,green,0,time_period_01,place-mfa,44,691,82,1,8,75
Fall 2017,green,0,time_period_01,place-mispk,19,165,82,0,2,8
Fall 2017,green,0,time_period_01,place-newtn,8,1597,82,0,19,25
Fall 2017,green,0,time_period_01,place-newto,4,787,82,0,10,44
Fall 2017,green,0,time_period_01,place-north,4979,565,82,61,7,121
Fall 2017,green,0,time_period_02,place-armnl,6295,27393,82,77,334,1656
Fall 2017,green,0,time_period_02,place-babck,53,1213,82,1,15,80
Fall 2017,green,0,time_period_02,place-bckhl,72,333,82,1,4,37
Fall 2017,green,0,time_period_02,place-bcnfd,596,629,82,7,8,253
Fall 2017,green,0,time_period_02,place-bcnwa,99,861,82,1,11,24
Fall 2017,green,0,time_period_02,place-bland,129,368,82,2,4,133
Fall 2017,green,0,time_period_02,place-bndhl,48,76,82,1,1,35
Fall 2017,green,0,time_period_02,place-boyls,5858,11539,82,71,141,1913
Fall 2017,green,0,time_period_02,place-brico,131,611,82,2,7,74
Fall 2017,green,0,time_period_02,place-brkhl,254,1696,82,3,21,253
Fall 2017,green,0,time_period_02,place-brmnl,115,12711,82,1,155,71
Fall 2017,green,0,time_period_02,place-bucen,113,897,82,1,11,118
Fall 2017,green,0,time_period_02,place-buest,67,531,82,1,6,127
Fall 2017,green,0,time_period_02,place-buwst,25,662,82,0,8,110
Fall 2017,green,0,time_period_02,place-bvmnl,3305,3178,82,40,39,271
Fall 2017,green,0,time_period_02,place-chhil,130,2819,82,2,34,222
Fall 2017,green,0,time_period_02,place-chill,67,1497,82,1,18,13
Fall 2017,green,0,time_period_02,place-chswk,27,216,82,0,3,31
Fall 2017,green,0,time_period_02,place-clmnl,0,766,82,0,9,0
Fall 2017,green,0,time_period_02,place-coecl,10750,26327,82,131,321,851
Fall 2017,green,0,time_period_02,place-cool,321,3275,82,4,40,40
Fall 2017,green,0,time_period_02,place-denrd,4,295,82,0,4,16
Fall 2017,green,0,time_period_02,place-eliot,78,864,82,1,11,124
Fall 2017,green,0,time_period_02,place-engav,5,534,82,0,7,9
Fall 2017,green,0,time_period_02,place-fbkst,16,196,82,0,2,33
Fall 2017,green,0,time_period_02,place-fenwd,41,1108,82,1,14,58
Fall 2017,green,0,time_period_02,place-fenwy,583,3246,82,7,40,330
Fall 2017,green,0,time_period_02,place-gover,81165,6364,82,990,78,1747
Fall 2017,green,0,time_period_02,place-grigg,247,253,82,3,3,65
Fall 2017,green,0,time_period_03,place-mispk,245,2350,82,3,29,91
Fall 2017,green,0,time_period_03,place-newtn,935,11939,82,11,146,384
Fall 2017,green,0,time_period_03,place-newto,1243,9566,82,15,117,519
Fall 2017,green,0,time_period_03,place-north,175125,9281,82,2136,113,3023
Fall 2017,green,0,time_period_03,place-nuniv,2090,15064,82,25,184,1026
Fall 2017,green,0,time_period_03,place-pktrm,372177,155719,82,4539,1899,8981
Fall 2017,green,0,time_period_03,place-plsgr,427,6087,82,5,74,467
Fall 2017,green,0,time_period_03,place-prmnl,5156,49384,82,63,602,1284
Fall 2017,green,0,time_period_03,place-river,0,4927,82,0,60,0
Fall 2017,green,0,time_period_03,place-rsmnl,11263,9037,82,137,110,753
Fall 2017,green,0,time_period_03,place-rvrwy,402,2013,82,5,25,71
Fall 2017,green,0,time_period_03,place-smary,1234,11201,82,15,137,346
Fall 2017,green,0,time_period_03,place-sougr,1,1173,82,0,14,69
Fall 2017,green,0,time_period_03,place-spmnl,21286,26251,82,260,320,1000
Fall 2017,green,0,time_period_03,place-sthld,766,830,82,9,10,167
Fall 2017,green,0,time_period_03,place-stplb,366,7589,82,4,93,536
Fall 2017,green,0,time_period_03,place-stpul,674,2063,82,8,25,275
Fall 2017,green,0,time_period_03,place-sumav,1948,2681,82,24,33,150
Fall 2017,green,0,time_period_03,place-symcl,3913,12075,82,48,147,1184
Fall 2017,green,0,time_period_03,place-tapst,171,1869,82,2,23,91
Fall 2017,green,0,time_period_03,place-waban,507,2307,82,6,28,333
Fall 2017,green,0,time_period_03,place-wascm,2146,4987,82,26,61,168
Fall 2017,green,0,time_period_10,place-rvrwy,52,5564,16,3,348,356
Fall 2017,green,0,time_period_10,place-smary,4977,10891,16,311,681,3720
Fall 2017,green,0,time_period_07,place-river,0,6463,82,0,79,0
Fall 2017,green,0,time_period_10,place-sougr,4,3069,16,0,192,289
Fall 2017,green,0,time_period_07,place-rsmnl,3437,32538,82,42,397,944
Fall 2017,green,0,time_period_10,place-spmnl,24308,18429,16,1519,1152,4880
Fall 2017,green,0,time_period_07,place-rvrwy,172,10404,82,2,127,114
Fall 2017,green,0,time_period_10,place-sthld,446,7019,16,28,439,1246
Fall 2017,green,0,time_period_07,place-smary,10224,12576,82,125,153,1235
Fall 2017,green,0,time_period_10,place-stplb,1684,5232,16,105,327,6626
Fall 2017,green,0,time_period_07,place-sougr,0,4812,82,0,59,53
Fall 2017,green,0,time_period_10,place-stpul,861,5605,16,54,350,3221
Fall 2017,green,0,time_period_07,place-spmnl,26684,17942,82,325,219,1032
Fall 2017,green,0,time_period_10,place-sumav,1542,5585,16,96,349,2127
Fall 2017,green,0,time_period_07,place-sthld,362,13951,82,4,170,322
Fall 2017,green,0,time_period_10,place-symcl,4612,25451,16,288,1591,4953
Fall 2017,green,0,time_period_07,place-stplb,4171,6919,82,51,84,2252
Fall 2017,green,0,time_period_07,place-alsgr,1888,21347,82,23,260,966
Fall 2017,green,0,time_period_10,place-tapst,696,5670,16,44,354,1077
Fall 2017,green,0,time_period_07,place-stpul,1178,9684,82,14,118,1063
Fall 2017,green,0,time_period_07,place-armnl,48114,30279,82,587,369,6197
Fall 2017,green,0,time_period_10,place-waban,160,2822,16,10,176,1481
Fall 2017,green,0,time_period_08,place-hymnl,24229,13346,82,295,163,1482
Fall 2017,green,0,time_period_07,place-sumav,2068,11154,82,25,136,796
Fall 2017,green,0,time_period_06,place-chhil,2225,14625,82,27,178,1296
Fall 2017,green,0,time_period_05,place-hsmnl,0,6486,82,0,79,0
Fall 2017,green,0,time_period_10,place-babck,2122,9490,16,133,593,5839
Fall 2017,green,0,time_period_09,place-chswk,3,705,82,0,9,9
Fall 2017,green,0,time_period_07,place-babck,3095,11966,82,38,146,2102
Fall 2017,green,0,time_period_07,place-bckhl,84,2613,82,1,32,84
Fall 2017,green,0,time_period_07,place-bcnfd,1006,19112,82,12,233,1299
Fall 2017,green,0,time_period_07,place-bcnwa,956,13124,82,12,160,476
Fall 2017,green,0,time_period_07,place-bland,11535,3780,82,141,46,2052
Fall 2017,green,0,time_period_07,place-bndhl,186,5842,82,2,71,727
Fall 2017,green,0,time_period_07,place-boyls,89516,27989,82,1092,341,5979
Fall 2017,green,0,time_period_07,place-brico,9637,27914,82,118,340,1880
Fall 2017,green,0,time_period_07,place-brkhl,2119,13799,82,26,168,1520
Fall 2017,green,0,time_period_07,place-brmnl,1760,16001,82,21,195,440
Fall 2017,green,0,time_period_07,place-bucen,17700,6495,82,216,79,2278
Fall 2017,green,0,time_period_07,place-buest,12347,5056,82,151,62,2141
Fall 2017,green,0,time_period_07,place-buwst,5864,5202,82,72,63,2286
Fall 2017,green,0,time_period_07,place-bvmnl,6443,19944,82,79,243,1662
Fall 2017,green,0,time_period_07,place-chhil,1242,10679,82,15,130,829
Fall 2017,green,0,time_period_07,place-chill,552,7643,82,7,93,111
Fall 2017,green,0,time_period_07,place-chswk,207,10388,82,3,127,198
Fall 2017,green,0,time_period_07,place-clmnl,0,5543,82,0,68,0
Fall 2017,green,0,time_period_07,place-coecl,119093,70374,82,1452,858,4380
Fall 2017,green,0,time_period_07,place-cool,15991,28833,82,195,352,907
Fall 2017,green,0,time_period_07,place-denrd,164,9004,82,2,110,255
Fall 2017,green,0,time_period_07,place-eliot,162,7939,82,2,97,487
Fall 2017,green,0,time_period_07,place-engav,18,15403,82,0,188,68
Fall 2017,green,0,time_period_07,place-fbkst,218,8628,82,3,105,624
Fall 2017,green,0,time_period_07,place-fenwd,655,5587,82,8,68,380
Fall 2017,green,0,time_period_07,place-fenwy,15046,16261,82,183,198,1739
Fall 2017,green,0,time_period_07,place-gover,112343,29228,82,1370,356,3129
Fall 2017,green,0,time_period_07,place-grigg,2615,19638,82,32,239,1204
Fall 2017,green,0,time_period_07,place-haecl,58158,19796,82,709,241,2116
Fall 2017,green,0,time_period_07,place-harvd,13582,51989,82,166,634,1411
Fall 2017,green,0,time_period_07,place-hsmnl,0,6850,82,0,84,0
Fall 2017,green,0,time_period_07,place-hwsst,1186,3584,82,14,44,1206
Fall 2017,green,0,time_period_07,place-hymnl,86034,64355,82,1049,785,5630
Fall 2017,green,0,time_period_07,place-kencl,52764,106412,82,643,1298,1658
Fall 2017,green,0,time_period_07,place-kntst,971,4181,82,12,51,1167
Fall 2017,green,0,time_period_07,place-lake,0,4324,82,0,53,0
Fall 2017,green,0,time_period_07,place-lech,75905,0,82,926,0,926
Fall 2017,green,0,time_period_07,place-lngmd,2073,16262,82,25,198,614
Fall 2017,green,0,time_period_07,place-longw,17129,9953,82,209,121,1827
Fall 2017,green,0,time_period_07,place-mfa,2054,9730,82,25,119,787
Fall 2017,green,0,time_period_07,place-mispk,279,11812,82,3,144,239
Fall 2017,green,0,time_period_07,place-newtn,491,9684,82,6,118,582
Fall 2017,green,0,time_period_07,place-newto,1231,12290,82,15,150,694
Fall 2017,green,0,time_period_07,place-north,61452,10988,82,749,134,1648
Fall 2017,green,0,time_period_07,place-nuniv,10523,18233,82,128,222,880
Fall 2017,green,0,time_period_07,place-pktrm,279417,107235,82,3408,1308,5229
Fall 2017,green,0,time_period_07,place-plsgr,5292,8694,82,65,106,2211
Fall 2017,green,0,time_period_07,place-prmnl,8930,23252,82,109,284,1251
Fall 2017,green,0,time_period_06,place-chill,543,7155,82,7,87,127
Fall 2017,green,0,time_period_08,place-kencl,19089,26420,82,233,322,464
Fall 2017,green,0,time_period_09,place-clmnl,0,384,82,0,5,0
Fall 2017,green,0,time_period_05,place-hwsst,910,3013,82,11,37,672
Fall 2017,green,0,time_period_10,place-bckhl,29,1419,16,2,89,269
Fall 2017,green,0,time_period_08,place-kntst,169,743,82,2,9,246
Fall 2017,green,0,time_period_10,place-wascm,1713,13683,16,107,855,1657
Fall 2017,green,0,time_period_06,place-chswk,238,10525,82,3,128,207
Fall 2017,green,0,time_period_09,place-coecl,3357,2036,82,41,25,173
Fall 2017,green,0,time_period_07,place-symcl,5868,28550,82,72,348,974
Fall 2017,green,0,time_period_08,place-lake,0,897,82,0,11,0
Fall 2017,green,0,time_period_10,place-woodl,1,6197,16,0,387,1093
Fall 2017,green,0,time_period_10,place-bcnfd,1194,8424,16,75,527,4342
Fall 2017,green,0,time_period_09,place-cool,242,927,82,3,11,32
Fall 2017,green,0,time_period_07,place-tapst,974,10225,82,12,125,363
Fall 2017,green,0,time_period_06,place-clmnl,0,5953,82,0,73,0
Fall 2017,green,0,time_period_08,place-lech,15923,0,82,194,0,194
Fall 2017,green,0,time_period_05,place-hymnl,41431,61580,82,505,751,3703
Fall 2017,green,0,time_period_10,place-wrnst,1591,9598,16,99,600,2405
Fall 2017,green,0,time_period_10,place-bcnwa,726,7604,16,45,475,1388
Fall 2017,green,0,time_period_09,place-denrd,0,399,82,0,5,9
Fall 2017,green,0,time_period_09,place-eliot,4,457,82,0,6,20
Fall 2017,green,0,time_period_09,place-engav,0,353,82,0,4,5
Fall 2017,green,0,time_period_09,place-fbkst,0,207,82,0,3,24
Fall 2017,green,0,time_period_09,place-fenwd,21,133,82,0,2,17
Fall 2017,green,0,time_period_09,place-fenwy,887,527,82,11,6,74
Fall 2017,green,0,time_period_09,place-gover,4683,2027,82,57,25,115
Fall 2017,green,0,time_period_09,place-grigg,190,1170,82,2,14,75
Fall 2017,green,0,time_period_09,place-haecl,2589,544,82,32,7,82
Fall 2017,green,0,time_period_09,place-harvd,1097,3908,82,13,48,87
Fall 2017,green,0,time_period_09,place-hsmnl,0,243,82,0,3,0
Fall 2017,green,0,time_period_09,place-hwsst,15,180,82,0,2,45
Fall 2017,green,0,time_period_09,place-hymnl,4600,2082,82,56,25,245
Fall 2017,green,0,time_period_09,place-kencl,3696,3715,82,45,45,82
Fall 2017,green,0,time_period_09,place-kntst,4,111,82,0,1,43
Fall 2017,green,0,time_period_09,place-lake,0,151,82,0,2,0
Fall 2017,green,0,time_period_09,place-lech,1790,0,82,22,0,22
Fall 2017,green,0,time_period_09,place-lngmd,74,672,82,1,8,25
Fall 2017,green,0,time_period_09,place-longw,362,352,82,4,4,74
Fall 2017,green,0,time_period_09,place-mfa,98,282,82,1,3,32
Fall 2017,green,0,time_period_09,place-mispk,5,539,82,0,7,11
Fall 2017,green,0,time_period_09,place-newtn,8,326,82,0,4,26
Fall 2017,green,0,time_period_09,place-newto,110,421,82,1,5,30
Fall 2017,green,0,time_period_09,place-north,2916,121,82,36,1,57
Fall 2017,green,0,time_period_09,place-nuniv,488,917,82,6,11,34
Fall 2017,green,0,time_period_09,place-pktrm,9928,4035,82,121,49,187
Fall 2017,green,0,time_period_09,place-plsgr,253,266,82,3,3,145
Fall 2017,green,0,time_period_09,place-prmnl,223,511,82,3,6,45
Fall 2017,green,0,time_period_09,place-river,0,284,82,0,3,0
Fall 2017,green,0,time_period_09,place-rsmnl,238,1254,82,3,15,38
Fall 2017,green,0,time_period_09,place-rvrwy,1,582,82,0,7,4
Fall 2017,green,0,time_period_09,place-smary,212,469,82,3,6,47
Fall 2017,green,0,time_period_09,place-sougr,0,170,82,0,2,2
Fall 2017,green,0,time_period_09,place-spmnl,495,373,82,6,5,23
Fall 2017,green,0,time_period_09,place-sthld,0,935,82,0,11,18
Fall 2017,green,0,time_period_09,place-stplb,226,217,82,3,3,145
Fall 2017,green,0,time_period_09,place-stpul,32,268,82,0,3,41
Fall 2017,green,0,time_period_09,place-sumav,16,303,82,0,4,29
Fall 2017,green,0,time_period_09,place-symcl,301,755,82,4,9,39
Fall 2017,green,0,time_period_09,place-tapst,3,372,82,0,5,14
Fall 2017,green,0,time_period_09,place-waban,4,127,82,0,2,19
Fall 2017,green,0,time_period_09,place-wascm,36,1333,82,0,16,29
Fall 2017,green,0,time_period_09,place-woodl,0,420,82,0,5,14
Fall 2017,green,0,time_period_09,place-wrnst,98,1093,82,1,13,45
Fall 2017,green,0,time_period_10,place-alsgr,1373,10228,16,86,639,2905
Fall 2017,green,0,time_period_10,place-armnl,38889,48320,16,2431,3020,31510
Fall 2017,green,0,time_period_06,place-coecl,155972,146503,82,1902,1787,6450
Fall 2017,green,0,time_period_08,place-lngmd,486,4254,82,6,52,184
Fall 2017,green,0,time_period_05,place-kencl,33764,79607,82,412,971,1048
Fall 2017,green,0,time_period_06,place-cool,13587,41463,82,166,506,1059
Fall 2017,green,0,time_period_11,place-alsgr,1085,8918,17,64,525,2370
Fall 2017,green,0,time_period_08,place-longw,2071,2460,82,25,30,522
Fall 2017,green,0,time_period_10,place-bland,3256,3207,16,204,200,7042
Fall 2017,green,0,time_period_05,place-kntst,913,2540,82,11,31,652
Fall 2017,green,0,time_period_07,place-waban,246,5221,82,3,64,426
Fall 2017,green,0,time_period_11,place-armnl,32400,34617,17,1906,2036,23377
Fall 2017,green,0,time_period_10,place-bndhl,250,2207,16,16,138,2005
Fall 2017,green,0,time_period_05,place-lake,0,4198,82,0,51,0
Fall 2017,green,0,time_period_07,place-wascm,2131,23387,82,26,285,488
Fall 2017,green,0,time_period_06,place-denrd,153,9378,82,2,114,273
Fall 2017,green,0,time_period_11,place-babck,2119,8174,17,125,481,4699
Fall 2017,green,0,time_period_10,place-boyls,69892,37759,16,4368,2360,32099
Fall 2017,green,0,time_period_05,place-lech,67752,0,82,826,0,826
Fall 2017,green,0,time_period_08,place-mfa,498,2116,82,6,26,230
Fall 2017,green,0,time_period_07,place-woodl,23,9130,82,0,111,315
Fall 2017,green,0,time_period_06,place-eliot,343,12174,82,4,148,738
Fall 2017,green,0,time_period_11,place-bckhl,53,1309,17,3,77,213
Fall 2017,green,0,time_period_10,place-brico,6661,15622,16,416,976,5278
Fall 2017,green,0,time_period_05,place-lngmd,2112,14646,82,26,179,467
Fall 2017,green,0,time_period_05,place-longw,12394,8614,82,151,105,1208
Fall 2017,green,0,time_period_05,place-mfa,1754,10982,82,21,134,620
Fall 2017,green,0,time_period_05,place-mispk,338,7902,82,4,96,164
Fall 2017,green,0,time_period_05,place-newtn,539,10397,82,7,127,441
Fall 2017,green,0,time_period_05,place-newto,1312,12934,82,16,158,561
Fall 2017,green,0,time_period_05,place-north,58313,10435,82,711,127,1510
Fall 2017,green,0,time_period_05,place-nuniv,6506,17391,82,79,212,733
Fall 2017,green,0,time_period_05,place-pktrm,264047,122944,82,3220,1499,5465
Fall 2017,green,0,time_period_05,place-plsgr,2024,6723,82,25,82,1208
Fall 2017,green,0,time_period_05,place-prmnl,6350,30534,82,77,372,1077
Fall 2017,green,0,time_period_05,place-river,0,4813,82,0,59,0
Fall 2017,green,0,time_period_05,place-rsmnl,4205,19266,82,51,235,816
Fall 2017,green,0,time_period_05,place-rvrwy,283,5872,82,3,72,96
Fall 2017,green,0,time_period_05,place-smary,5685,10118,82,69,123,698
Fall 2017,green,0,time_period_05,place-sougr,9,2801,82,0,34,51
Fall 2017,green,0,time_period_05,place-spmnl,25542,17375,82,311,212,926
Fall 2017,green,0,time_period_05,place-sthld,387,5582,82,5,68,214
Fall 2017,green,0,time_period_05,place-stplb,2401,7002,82,29,85,1265
Fall 2017,green,0,time_period_05,place-stpul,846,4797,82,10,59,604
Fall 2017,green,0,time_period_05,place-sumav,1727,6003,82,21,73,387
Fall 2017,green,0,time_period_05,place-symcl,4291,21659,82,52,264,866
Fall 2017,green,0,time_period_05,place-tapst,469,5794,82,6,71,174
Fall 2017,green,0,time_period_05,place-waban,291,4584,82,4,56,320
Fall 2017,green,0,time_period_05,place-wascm,1571,13255,82,19,162,278
Fall 2017,green,0,time_period_05,place-woodl,12,7025,82,0,86,235
Fall 2017,green,0,time_period_05,place-wrnst,2238,9242,82,27,113,420
Fall 2017,green,0,time_period_06,place-alsgr,1573,20992,82,19,256,944
Fall 2017,green,0,time_period_06,place-armnl,74596,63255,82,910,771,9920
Fall 2017,green,0,time_period_06,place-babck,2253,13312,82,27,162,2197
Fall 2017,green,0,time_period_06,place-bckhl,174,3029,82,2,37,121
Fall 2017,green,0,time_period_06,place-bcnfd,1325,20202,82,16,246,1852
Fall 2017,green,0,time_period_06,place-bcnwa,946,15783,82,12,192,526
Fall 2017,green,0,time_period_06,place-bland,9255,5716,82,113,70,2474
Fall 2017,green,0,time_period_06,place-bndhl,279,7154,82,3,87,816
Fall 2017,green,0,time_period_06,place-boyls,97585,43863,82,1190,535,9782
Fall 2017,green,0,time_period_06,place-brico,6634,30230,82,81,369,1910
Fall 2017,green,0,time_period_06,place-brkhl,3317,15838,82,40,193,2082
Fall 2017,green,0,time_period_06,place-brmnl,2909,20555,82,35,251,527
Fall 2017,green,0,time_period_06,place-bucen,10302,8882,82,126,108,2520
Fall 2017,green,0,time_period_06,place-buest,8875,6566,82,108,80,2502
Fall 2017,green,0,time_period_06,place-buwst,4109,7083,82,50,86,2483
Fall 2017,green,0,time_period_06,place-bvmnl,7000,24218,82,85,295,2235
Fall 2017,green,0,time_period_06,place-engav,37,16496,82,0,201,73
Fall 2017,green,0,time_period_11,place-bcnfd,1072,7073,17,63,416,3173
Fall 2017,green,0,time_period_07,place-wrnst,1775,19759,82,22,241,747
Fall 2017,green,0,time_period_10,place-brkhl,1676,7226,16,105,452,4794
Fall 2017,green,0,time_period_11,place-bcnwa,615,6510,17,36,383,1212
Fall 2017,green,0,time_period_11,place-bland,3356,2624,17,197,154,5389
Fall 2017,green,0,time_period_08,place-mispk,71,4280,82,1,52,66
Fall 2017,green,0,time_period_10,place-brmnl,788,11800,16,49,738,1331
Fall 2017,green,0,time_period_11,place-bndhl,219,1815,17,13,107,1717
Fall 2017,green,0,time_period_08,place-newtn,123,2262,82,2,28,217
Fall 2017,green,0,time_period_10,place-bucen,6178,6088,16,386,381,6983
Fall 2017,green,0,time_period_08,place-newto,257,3271,82,3,40,243
Fall 2017,green,0,time_period_10,place-buest,3645,4683,16,228,293,6977
Fall 2017,green,0,time_period_11,place-boyls,58809,28182,17,3459,1658,23508
Fall 2017,green,0,time_period_08,place-north,46218,1441,82,564,18,757
Fall 2017,green,0,time_period_10,place-buwst,2216,4382,16,139,274,6847
Fall 2017,green,0,time_period_11,place-brico,6953,14145,17,409,832,4276
Fall 2017,green,0,time_period_08,place-nuniv,2983,5201,82,36,63,250
Fall 2017,green,0,time_period_10,place-bvmnl,5622,13465,16,351,842,5140
Fall 2017,green,0,time_period_06,place-fbkst,333,9295,82,4,113,707
Fall 2017,green,0,time_period_11,place-brkhl,1230,5650,17,72,332,3526
Fall 2017,green,0,time_period_08,place-alsgr,368,6798,82,4,83,281
Fall 2017,green,0,time_period_08,place-pktrm,58851,40425,82,718,493,1302
Fall 2017,green,0,time_period_11,place-brmnl,768,10113,17,45,595,1078
Fall 2017,green,0,time_period_06,place-fenwd,987,6590,82,12,80,459
Fall 2017,green,0,time_period_10,place-chhil,1629,8987,16,102,562,2984
Fall 2017,green,0,time_period_08,place-plsgr,1964,1631,82,24,20,666
Fall 2017,green,0,time_period_11,place-bucen,7170,4917,17,422,289,5498
Fall 2017,green,0,time_period_06,place-fenwy,11866,20863,82,145,254,2365
Fall 2017,green,0,time_period_10,place-chill,345,6742,16,22,421,480
Fall 2017,green,0,time_period_08,place-prmnl,1674,5059,82,20,62,329
Fall 2017,green,0,time_period_11,place-buest,3209,3612,17,189,212,5365
Fall 2017,green,0,time_period_06,place-gover,244037,40616,82,2976,495,5787
Fall 2017,green,0,time_period_10,place-chswk,238,6095,16,15,381,880
Fall 2017,green,0,time_period_08,place-river,0,2883,82,0,35,0
Fall 2017,green,0,time_period_11,place-buwst,2550,3860,17,150,227,5420
Fall 2017,green,0,time_period_06,place-grigg,2026,20796,82,25,254,1181
Fall 2017,green,0,time_period_10,place-clmnl,0,5202,16,0,325,0
Fall 2017,green,0,time_period_10,place-coecl,84878,112176,16,5305,7011,18340
Fall 2017,green,0,time_period_10,place-cool,9715,23170,16,607,1448,2380
Fall 2017,green,0,time_period_10,place-denrd,108,4589,16,7,287,797
Fall 2017,green,0,time_period_10,place-eliot,163,4712,16,10,295,1647
Fall 2017,green,0,time_period_10,place-engav,5,7551,16,0,472,325
Fall 2017,green,0,time_period_10,place-fbkst,238,3239,16,15,202,1818
Fall 2017,green,0,time_period_10,place-fenwd,263,3556,16,16,222,1125
Fall 2017,green,0,time_period_10,place-fenwy,8895,12952,16,556,810,5828
Fall 2017,green,0,time_period_10,place-gover,163523,31281,16,10220,1955,21737
Fall 2017,green,0,time_period_10,place-grigg,2070,9166,16,129,573,3459
Fall 2017,green,0,time_period_10,place-haecl,91975,17597,16,5748,1100,13472
Fall 2017,green,0,time_period_10,place-harvd,10015,32033,16,626,2002,3902
Fall 2017,green,0,time_period_10,place-hsmnl,0,4307,16,0,269,0
Fall 2017,green,0,time_period_10,place-hwsst,549,2253,16,34,141,3614
Fall 2017,green,0,time_period_10,place-hymnl,54164,68334,16,3385,4271,20893
Fall 2017,green,0,time_period_10,place-kencl,37972,96888,16,2373,6055,5737
Fall 2017,green,0,time_period_10,place-kntst,523,2061,16,33,129,3518
Fall 2017,green,0,time_period_10,place-lake,0,4617,16,0,289,0
Fall 2017,green,0,time_period_10,place-lech,72208,0,16,4513,0,4513
Fall 2017,green,0,time_period_10,place-lngmd,1238,14180,16,77,886,2019
Fall 2017,green,0,time_period_10,place-longw,3130,6290,16,196,393,5631
Fall 2017,green,0,time_period_10,place-mfa,1376,12339,16,86,771,2828
Fall 2017,green,0,time_period_10,place-mispk,80,6876,16,5,430,701
Fall 2017,green,0,time_period_10,place-newtn,406,7335,16,25,458,1931
Fall 2017,green,0,time_period_10,place-newto,1180,11089,16,74,693,2364
Fall 2017,green,0,time_period_10,place-north,69772,6684,16,4361,418,8823
Fall 2017,green,0,time_period_10,place-nuniv,3337,26373,16,209,1648,3513
Fall 2017,green,0,time_period_10,place-pktrm,245404,111746,16,15338,6984,30091
Fall 2017,green,0,time_period_10,place-plsgr,2804,8029,16,175,502,6299
Fall 2017,green,0,time_period_10,place-prmnl,7184,35502,16,449,2219,6256
Fall 2017,green,0,time_period_08,place-armnl,13362,9957,82,163,121,1626
Fall 2017,green,0,time_period_10,place-river,0,4374,16,0,273,0
Fall 2017,green,0,time_period_10,place-rsmnl,4043,18414,16,253,1151,3444
Fall 2017,green,0,time_period_08,place-rsmnl,850,7461,82,10,91,309
Fall 2017,green,0,time_period_08,place-babck,969,3136,82,12,38,639
Fall 2017,green,0,time_period_08,place-rvrwy,78,3065,82,1,37,30
Fall 2017,green,0,time_period_11,place-bvmnl,5663,11388,17,333,670,3786
Fall 2017,green,0,time_period_08,place-bckhl,27,658,82,0,8,22
Fall 2017,green,0,time_period_08,place-smary,1779,3151,82,22,38,261
Fall 2017,green,0,time_period_06,place-haecl,82627,29363,82,1008,358,3306
Fall 2017,green,0,time_period_08,place-sougr,0,1135,82,0,14,11
Fall 2017,green,0,time_period_11,place-chhil,681,7262,17,40,427,2167
Fall 2017,green,0,time_period_06,place-harvd,10738,51731,82,131,631,1410
Fall 2017,green,0,time_period_08,place-spmnl,5323,3966,82,65,48,211
Fall 2017,green,0,time_period_08,place-sthld,45,4245,82,1,52,89
Fall 2017,green,0,time_period_11,place-chill,257,5489,17,15,323,387
Fall 2017,green,0,time_period_06,place-hsmnl,0,9958,82,0,121,0
Fall 2017,green,0,time_period_08,place-bcnfd,186,4141,82,2,51,390
Fall 2017,green,0,time_period_08,place-stplb,1157,1412,82,14,17,661
Fall 2017,green,0,time_period_11,place-chswk,230,5761,17,14,339,695
Fall 2017,green,0,time_period_06,place-hwsst,1266,4515,82,15,55,1563
Fall 2017,green,0,time_period_08,place-bcnwa,152,2792,82,2,34,96
Fall 2017,green,0,time_period_08,place-stpul,219,2123,82,3,26,223
Fall 2017,green,0,time_period_11,place-clmnl,0,3629,17,0,213,0
Fall 2017,green,0,time_period_06,place-hymnl,89261,102567,82,1089,1251,7720
Fall 2017,green,0,time_period_08,place-bland,2278,1015,82,28,12,604
Fall 2017,green,0,time_period_08,place-sumav,258,2009,82,3,25,160
Fall 2017,green,0,time_period_11,place-coecl,66431,83717,17,3908,4925,13888
Fall 2017,green,0,time_period_06,place-kencl,57995,150479,82,707,1835,2197
Fall 2017,green,0,time_period_08,place-bndhl,45,1025,82,1,13,148
Fall 2017,green,0,time_period_08,place-symcl,1814,6037,82,22,74,277
Fall 2017,green,0,time_period_11,place-cool,10140,20477,17,596,1205,2015
Fall 2017,green,0,time_period_06,place-kntst,1385,4898,82,17,60,1520
Fall 2017,green,0,time_period_08,place-boyls,30947,7769,82,377,95,1584
Fall 2017,green,0,time_period_08,place-tapst,175,1750,82,2,21,77
Fall 2017,green,0,time_period_08,place-waban,17,1357,82,0,17,174
Fall 2017,green,0,time_period_08,place-wascm,429,6677,82,5,81,140
Fall 2017,green,0,time_period_08,place-woodl,1,2702,82,0,33,141
Fall 2017,green,0,time_period_08,place-wrnst,461,5772,82,6,70,217
Fall 2017,green,0,time_period_09,place-alsgr,112,1551,82,1,19,57
Fall 2017,green,0,time_period_09,place-armnl,1697,918,82,21,11,247
Fall 2017,green,0,time_period_09,place-babck,219,782,82,3,10,138
Fall 2017,green,0,time_period_09,place-bckhl,0,76,82,0,1,3
Fall 2017,green,0,time_period_09,place-bcnfd,17,669,82,0,8,51
Fall 2017,green,0,time_period_09,place-bcnwa,3,505,82,0,6,18
Fall 2017,green,0,time_period_09,place-bland,403,140,82,5,2,129
Fall 2017,green,0,time_period_09,place-bndhl,1,143,82,0,2,27
Fall 2017,green,0,time_period_09,place-boyls,5128,954,82,63,12,238
Fall 2017,green,0,time_period_09,place-brico,303,1699,82,4,21,121
Fall 2017,green,0,time_period_09,place-brkhl,20,596,82,0,7,59
Fall 2017,green,0,time_period_09,place-brmnl,41,523,82,1,6,19
Fall 2017,green,0,time_period_09,place-bucen,1322,307,82,16,4,147
Fall 2017,green,0,time_period_09,place-buest,729,305,82,9,4,134
Fall 2017,green,0,time_period_09,place-buwst,184,311,82,2,4,145
Fall 2017,green,0,time_period_09,place-bvmnl,198,853,82,2,10,66
Fall 2017,green,0,time_period_09,place-chhil,24,417,82,0,5,34
Fall 2017,green,0,time_period_09,place-chill,7,457,82,0,6,4
Fall 2017,green,0,time_period_06,place-lake,0,5413,82,0,66,0
Fall 2017,green,0,time_period_11,place-denrd,61,4113,17,4,242,705
Fall 2017,green,0,time_period_06,place-lech,125002,0,82,1524,0,1524
Fall 2017,green,0,time_period_11,place-eliot,82,3606,17,5,212,1190
Fall 2017,green,0,time_period_06,place-lngmd,2779,20048,82,34,244,742
Fall 2017,green,0,time_period_11,place-engav,0,8356,17,0,492,213
Fall 2017,green,0,time_period_06,place-longw,17731,11201,82,216,137,2445
Fall 2017,green,0,time_period_11,place-fbkst,175,2861,17,10,168,1559
Fall 2017,green,0,time_period_11,place-fenwd,217,3077,17,13,181,910
Fall 2017,green,0,time_period_11,place-fenwy,7349,10152,17,432,597,4254
Fall 2017,green,0,time_period_11,place-gover,122004,23053,17,7177,1356,14891
Fall 2017,green,0,time_period_11,place-grigg,1887,8001,17,111,471,2831
Fall 2017,green,0,time_period_11,place-haecl,57273,12035,17,3369,708,9070
Fall 2017,green,0,time_period_11,place-harvd,9081,27537,17,534,1620,3190
Fall 2017,green,0,time_period_11,place-hsmnl,0,3624,17,0,213,0
Fall 2017,green,0,time_period_11,place-hwsst,540,2049,17,32,121,2995
Fall 2017,green,0,time_period_11,place-hymnl,45307,54517,17,2665,3207,16055
Fall 2017,green,0,time_period_11,place-kencl,31311,80987,17,1842,4764,4378
Fall 2017,green,0,time_period_08,place-brico,1915,8142,82,23,99,563
Fall 2017,green,0,time_period_08,place-brkhl,309,3639,82,4,44,438
Fall 2017,green,0,time_period_08,place-brmnl,348,4324,82,4,53,136
Fall 2017,green,0,time_period_08,place-bucen,5815,1659,82,71,20,662
Fall 2017,green,0,time_period_08,place-buest,2183,1569,82,27,19,611
Fall 2017,green,0,time_period_08,place-buwst,1551,1339,82,19,16,665
Fall 2017,green,0,time_period_08,place-bvmnl,1270,4845,82,15,59,479
Fall 2017,green,0,time_period_08,place-chhil,291,2726,82,4,33,279
Fall 2017,green,0,time_period_08,place-chill,56,2274,82,1,28,25
Fall 2017,green,0,time_period_08,place-chswk,3,3066,82,0,37,52
Fall 2017,green,0,time_period_08,place-clmnl,0,1190,82,0,15,0
Fall 2017,green,0,time_period_08,place-coecl,22029,14375,82,269,175,1104
Fall 2017,green,0,time_period_08,place-cool,1894,5365,82,23,65,181
Fall 2017,green,0,time_period_08,place-denrd,5,2036,82,0,25,52
Fall 2017,green,0,time_period_08,place-eliot,4,2192,82,0,27,190
Fall 2017,green,0,time_period_08,place-engav,0,3107,82,0,38,15
Fall 2017,green,0,time_period_08,place-fbkst,31,1592,82,0,19,129
Fall 2017,green,0,time_period_08,place-fenwd,100,1603,82,1,20,118
Fall 2017,green,0,time_period_08,place-fenwy,3358,3307,82,41,40,527
Fall 2017,green,0,time_period_08,place-gover,27574,15154,82,336,185,1077
Fall 2017,green,0,time_period_08,place-grigg,702,5737,82,9,70,360
Fall 2017,green,0,time_period_08,place-haecl,19491,5662,82,238,69,925
Fall 2017,green,0,time_period_08,place-harvd,4377,16020,82,53,195,421
Fall 2017,green,0,time_period_08,place-hsmnl,0,1812,82,0,22,0
Fall 2017,green,0,time_period_08,place-hwsst,142,770,82,2,9,253
Fall 2017,green,0,time_period_06,place-mfa,2514,16690,82,31,204,953
Fall 2017,green,0,time_period_06,place-mispk,397,13772,82,5,168,296
Fall 2017,green,0,time_period_06,place-newtn,1039,17468,82,13,213,882
Fall 2017,green,0,time_period_06,place-newto,1689,19185,82,21,234,1083
Fall 2017,green,0,time_period_06,place-north,102516,23453,82,1250,286,2656
Fall 2017,green,0,time_period_06,place-nuniv,7982,29696,82,97,362,1126
Fall 2017,green,0,time_period_06,place-pktrm,461955,188052,82,5634,2293,9127
Fall 2017,green,0,time_period_06,place-plsgr,2777,9317,82,34,114,2332
Fall 2017,green,0,time_period_06,place-prmnl,9592,39800,82,117,485,1786
Fall 2017,green,0,time_period_06,place-river,0,9912,82,0,121,0
Fall 2017,green,0,time_period_06,place-rsmnl,4523,37729,82,55,460,1447
Fall 2017,green,0,time_period_06,place-rvrwy,406,11840,82,5,144,156
Fall 2017,green,0,time_period_06,place-smary,9148,15973,82,112,195,1602
Fall 2017,green,0,time_period_06,place-sougr,1,4988,82,0,61,66
Fall 2017,green,0,time_period_06,place-spmnl,49300,35538,82,601,433,1692
Fall 2017,green,0,time_period_06,place-sthld,376,12947,82,5,158,333
Fall 2017,green,0,time_period_06,place-stplb,2930,8774,82,36,107,2412
Fall 2017,green,0,time_period_06,place-stpul,1096,11053,82,13,135,1399
Fall 2017,green,0,time_period_06,place-sumav,2181,15187,82,27,185,900
Fall 2017,green,0,time_period_06,place-symcl,6192,38590,82,76,471,1391
Fall 2017,green,0,time_period_06,place-tapst,799,12286,82,10,150,386
Fall 2017,green,0,time_period_06,place-waban,445,9141,82,5,111,632
Fall 2017,green,0,time_period_06,place-wascm,2339,21446,82,29,262,486
Fall 2017,green,0,time_period_06,place-woodl,8,12178,82,0,149,483
Fall 2017,green,0,time_period_06,place-wrnst,1856,20294,82,23,247,719
Fall 2017,green,0,time_period_11,place-kntst,553,2263,17,33,133,2895
Fall 2017,green,0,time_period_11,place-lake,0,3498,17,0,206,0
Fall 2017,green,0,time_period_11,place-lech,55317,0,17,3254,0,3254
Fall 2017,green,0,time_period_11,place-lngmd,891,11388,17,52,670,1628
Fall 2017,green,0,time_period_11,place-longw,3060,5292,17,180,311,4123
Fall 2017,green,0,time_period_11,place-mfa,1027,10831,17,60,637,2245
Fall 2017,green,0,time_period_11,place-mispk,98,6133,17,6,361,555
Fall 2017,green,0,time_period_11,place-newtn,263,5574,17,15,328,1398
Fall 2017,green,0,time_period_11,place-newto,890,8655,17,52,509,1710
Fall 2017,green,0,time_period_11,place-north,54012,4405,17,3177,259,6409
Fall 2017,green,0,time_period_11,place-nuniv,3346,20632,17,197,1214,2822
Fall 2017,green,0,time_period_11,place-pktrm,193182,77325,17,11364,4549,21706
Fall 2017,green,0,time_period_11,place-plsgr,2246,5883,17,132,346,5055
Fall 2017,green,0,time_period_11,place-prmnl,6675,25811,17,393,1518,4638
Fall 2017,green,0,time_period_11,place-river,0,3380,17,0,199,0
Fall 2017,green,0,time_period_11,place-rsmnl,3340,13863,17,196,815,2554
Fall 2017,green,0,time_period_11,place-rvrwy,79,4629,17,5,272,287
Fall 2017,green,0,time_period_11,place-smary,4961,9794,17,292,576,3084
Fall 2017,green,0,time_period_11,place-sougr,3,3083,17,0,181,206
Fall 2017,green,0,time_period_11,place-spmnl,20603,16570,17,1212,975,3491
Fall 2017,green,0,time_period_11,place-sthld,405,6187,17,24,364,1020
Fall 2017,green,0,time_period_11,place-stplb,1445,4015,17,85,236,5269
Fall 2017,green,0,time_period_11,place-stpul,703,5315,17,41,313,2623
Fall 2017,green,0,time_period_11,place-sumav,1476,4952,17,87,291,1811
Fall 2017,green,0,time_period_11,place-symcl,4126,17716,17,243,1042,3839
Fall 2017,green,0,time_period_11,place-tapst,757,5326,17,45,313,943
Fall 2017,green,0,time_period_11,place-waban,143,2426,17,8,143,1056
Fall 2017,green,0,time_period_11,place-wascm,1845,12241,17,109,720,1360
Fall 2017,green,0,time_period_11,place-woodl,3,4437,17,0,261,795
Fall 2017,green,0,time_period_11,place-wrnst,1239,8011,17,73,471,1972
Fall 2017,green,1,time_period_01,place-coecl,2366,5460,82,29,67,400
Fall 2017,green,1,time_period_01,place-cool,1308,222,82,16,3,77
Fall 2017,green,1,time_period_01,place-denrd,318,7,82,4,0,23
Fall 2017,green,1,time_period_01,place-eliot,1446,2,82,18,0,85
Fall 2017,green,1,time_period_01,place-engav,919,5,82,11,0,19
Fall 2017,green,1,time_period_01,place-fbkst,589,5,82,7,0,53
Fall 2017,green,1,time_period_01,place-fenwd,156,28,82,2,0,17
Fall 2017,green,1,time_period_01,place-fenwy,388,755,82,5,9,161
Fall 2017,green,1,time_period_04,place-denrd,7564,202,82,92,2,272
Fall 2017,green,1,time_period_01,place-gover,1787,9510,82,22,116,95
Fall 2017,green,1,time_period_04,place-eliot,10370,280,82,126,3,776
Fall 2017,green,1,time_period_01,place-grigg,1467,59,82,18,1,116
Fall 2017,green,1,time_period_04,place-engav,8625,5370,82,105,65,182
Fall 2017,green,1,time_period_01,place-haecl,1517,2333,82,19,28,85
Fall 2017,green,1,time_period_04,place-fbkst,9091,306,82,111,4,707
Fall 2017,green,1,time_period_01,place-harvd,2059,449,82,25,5,136
Fall 2017,green,1,time_period_04,place-fenwd,5777,1049,82,70,13,533
Fall 2017,green,1,time_period_01,place-hsmnl,569,0,82,7,0,7
Fall 2017,green,1,time_period_04,place-fenwy,25928,13675,82,316,167,2531
Fall 2017,green,1,time_period_01,place-hwsst,72,36,82,1,0,87
Fall 2017,green,1,time_period_04,place-gover,32259,195275,82,393,2381,2870
Fall 2017,green,1,time_period_01,place-hymnl,1578,3697,82,19,45,401
Fall 2017,green,1,time_period_04,place-grigg,24734,1485,82,302,18,1677
Fall 2017,green,1,time_period_01,place-kencl,4429,2216,82,54,27,427
Fall 2017,green,1,time_period_04,place-haecl,17707,89246,82,216,1088,1997
Fall 2017,green,1,time_period_01,place-kntst,207,22,82,3,0,87
Fall 2017,green,1,time_period_04,place-harvd,51543,11121,82,629,136,2170
Fall 2017,green,1,time_period_01,place-lake,295,0,82,4,0,4
Fall 2017,green,1,time_period_04,place-hsmnl,13100,0,82,160,0,160
Fall 2017,green,1,time_period_01,place-lech,0,2731,82,0,33,0
Fall 2017,green,1,time_period_04,place-hwsst,5063,1297,82,62,16,1587
Fall 2017,green,1,time_period_03,place-lech,0,59351,82,0,724,0
Fall 2017,green,1,time_period_05,place-bland,6175,5627,82,75,69,1497
Fall 2017,green,1,time_period_02,place-bcnfd,4505,370,82,55,5,542
Fall 2017,green,1,time_period_02,place-sougr,1046,185,82,13,2,21
Fall 2017,green,1,time_period_01,place-lngmd,266,39,82,3,0,26
Fall 2017,green,1,time_period_01,place-longw,200,2014,82,2,25,166
Fall 2017,green,1,time_period_01,place-mfa,128,4,82,2,0,27
Fall 2017,green,1,time_period_01,place-mispk,360,2,82,4,0,15
Fall 2017,green,1,time_period_01,place-newtn,1171,10,82,14,0,99
Fall 2017,green,1,time_period_01,place-newto,1729,6,82,21,0,120
Fall 2017,green,1,time_period_01,place-north,235,3987,82,3,49,39
Fall 2017,green,1,time_period_01,place-nuniv,247,57,82,3,1,29
Fall 2017,green,1,time_period_01,place-pktrm,5067,16244,82,62,198,189
Fall 2017,green,1,time_period_01,place-plsgr,86,92,82,1,1,146
Fall 2017,green,1,time_period_01,place-prmnl,435,126,82,5,2,37
Fall 2017,green,1,time_period_01,place-river,917,0,82,11,0,11
Fall 2017,green,1,time_period_01,place-rsmnl,1631,220,82,20,3,157
Fall 2017,green,1,time_period_01,place-rvrwy,251,0,82,3,0,11
Fall 2017,green,1,time_period_01,place-smary,581,147,82,7,2,93
Fall 2017,green,1,time_period_01,place-sougr,235,5,82,3,0,6
Fall 2017,green,1,time_period_01,place-spmnl,4,480,82,0,6,33
Fall 2017,green,1,time_period_01,place-sthld,1343,6,82,16,0,40
Fall 2017,green,1,time_period_01,place-stplb,187,121,82,2,1,147
Fall 2017,green,1,time_period_01,place-stpul,616,20,82,8,0,85
Fall 2017,green,1,time_period_01,place-sumav,640,15,82,8,0,64
Fall 2017,green,1,time_period_01,place-symcl,328,34,82,4,0,33
Fall 2017,green,1,time_period_01,place-tapst,924,12,82,11,0,34
Fall 2017,green,1,time_period_01,place-waban,579,7,82,7,0,67
Fall 2017,green,1,time_period_01,place-wascm,2326,16,82,28,0,68
Fall 2017,green,1,time_period_01,place-woodl,1275,3,82,16,0,60
Fall 2017,green,1,time_period_01,place-wrnst,1277,13,82,16,0,84
Fall 2017,green,1,time_period_02,place-alsgr,4593,91,82,56,1,260
Fall 2017,green,1,time_period_02,place-armnl,3688,8918,82,45,109,1233
Fall 2017,green,1,time_period_02,place-babck,998,291,82,12,4,407
Fall 2017,green,1,time_period_02,place-bckhl,480,13,82,6,0,30
Fall 2017,green,1,time_period_05,place-sthld,5303,364,82,65,4,228
Fall 2017,green,1,time_period_03,place-lngmd,12068,1466,82,147,18,796
Fall 2017,green,1,time_period_02,place-spmnl,32,2346,82,0,29,131
Fall 2017,green,1,time_period_05,place-stplb,8692,1732,82,106,21,1353
Fall 2017,green,1,time_period_04,place-hymnl,67701,96849,82,826,1181,6981
Fall 2017,green,1,time_period_05,place-bndhl,1395,162,82,17,2,297
Fall 2017,green,1,time_period_02,place-bcnwa,2921,39,82,36,0,128
Fall 2017,green,1,time_period_05,place-stpul,4685,657,82,57,8,580
Fall 2017,green,1,time_period_04,place-kencl,116493,67340,82,1421,821,7337
Fall 2017,green,1,time_period_02,place-sthld,3624,22,82,44,0,104
Fall 2017,green,1,time_period_05,place-boyls,37116,61440,82,453,749,6779
Fall 2017,green,1,time_period_02,place-bland,136,478,82,2,6,403
Fall 2017,green,1,time_period_05,place-sumav,4052,1040,82,49,13,334
Fall 2017,green,1,time_period_04,place-kntst,7213,1420,82,88,17,1542
Fall 2017,green,1,time_period_03,place-longw,4667,14615,82,57,178,1818
Fall 2017,green,1,time_period_02,place-stplb,761,209,82,9,3,417
Fall 2017,green,1,time_period_05,place-brico,15671,3608,82,191,44,1053
Fall 2017,green,1,time_period_02,place-bndhl,1069,23,82,13,0,162
Fall 2017,green,1,time_period_05,place-symcl,19270,4744,82,235,58,1396
Fall 2017,green,1,time_period_04,place-lake,7685,0,82,94,0,94
Fall 2017,green,1,time_period_03,place-mfa,7120,1098,82,87,13,870
Fall 2017,green,1,time_period_02,place-stpul,2380,46,82,29,1,277
Fall 2017,green,1,time_period_05,place-brkhl,11789,1649,82,144,20,1114
Fall 2017,green,1,time_period_02,place-boyls,2383,14063,82,29,172,1090
Fall 2017,green,1,time_period_05,place-tapst,4585,220,82,56,3,169
Fall 2017,green,1,time_period_04,place-lech,0,74991,82,0,915,0
Fall 2017,green,1,time_period_03,place-mispk,12128,357,82,148,4,433
Fall 2017,green,1,time_period_02,place-sumav,2553,68,82,31,1,192
Fall 2017,green,1,time_period_05,place-brmnl,27391,657,82,334,8,576
Fall 2017,green,1,time_period_02,place-brico,3264,295,82,40,4,398
Fall 2017,green,1,time_period_05,place-waban,3651,267,82,45,3,375
Fall 2017,green,1,time_period_05,place-wascm,11442,1314,82,140,16,351
Fall 2017,green,1,time_period_05,place-woodl,7236,115,82,88,1,333
Fall 2017,green,1,time_period_05,place-wrnst,14407,876,82,176,11,516
Fall 2017,green,1,time_period_06,place-alsgr,7941,1808,82,97,22,538
Fall 2017,green,1,time_period_06,place-armnl,198672,45720,82,2423,558,11970
Fall 2017,green,1,time_period_06,place-babck,17087,1931,82,208,24,1088
Fall 2017,green,1,time_period_06,place-bckhl,945,83,82,12,1,103
Fall 2017,green,1,time_period_06,place-bcnfd,6999,3523,82,85,43,1476
Fall 2017,green,1,time_period_06,place-bcnwa,8197,557,82,100,7,276
Fall 2017,green,1,time_period_06,place-bland,11154,5064,82,136,62,1781
Fall 2017,green,1,time_period_06,place-bndhl,1792,354,82,22,4,334
Fall 2017,green,1,time_period_06,place-boyls,64225,80753,82,783,985,11768
Fall 2017,green,1,time_period_06,place-brico,15007,4111,82,183,50,903
Fall 2017,green,1,time_period_06,place-brkhl,12516,2562,82,153,31,1597
Fall 2017,green,1,time_period_06,place-brmnl,37492,632,82,457,8,707
Fall 2017,green,1,time_period_06,place-bucen,18481,6423,82,225,78,1622
Fall 2017,green,1,time_period_06,place-buest,12412,5467,82,151,67,1707
Fall 2017,green,1,time_period_06,place-buwst,12058,2177,82,147,27,1475
Fall 2017,green,1,time_period_06,place-bvmnl,22886,10886,82,279,133,1744
Fall 2017,green,1,time_period_06,place-chhil,19803,1161,82,242,14,1369
Fall 2017,green,1,time_period_06,place-chill,6351,377,82,77,5,156
Fall 2017,green,1,time_period_06,place-chswk,4307,670,82,53,8,200
Fall 2017,green,1,time_period_06,place-clmnl,8773,0,82,107,0,107
Fall 2017,green,1,time_period_06,place-coecl,229380,145140,82,2797,1770,10105
Fall 2017,green,1,time_period_06,place-cool,25096,4776,82,306,58,635
Fall 2017,green,1,time_period_06,place-denrd,2642,271,82,32,3,129
Fall 2017,green,1,time_period_06,place-eliot,6689,479,82,82,6,717
Fall 2017,green,1,time_period_06,place-engav,3996,4602,82,49,56,100
Fall 2017,green,1,time_period_06,place-fbkst,3799,493,82,46,6,316
Fall 2017,green,1,time_period_06,place-fenwd,4221,489,82,51,6,258
Fall 2017,green,1,time_period_06,place-fenwy,30152,9061,82,368,111,2181
Fall 2017,green,1,time_period_06,place-gover,41592,279259,82,507,3406,4843
Fall 2017,green,1,time_period_06,place-grigg,7458,1845,82,91,23,607
Fall 2017,green,1,time_period_06,place-haecl,16268,143051,82,198,1745,3296
Fall 2017,green,1,time_period_06,place-harvd,20319,6926,82,248,84,770
Fall 2017,green,1,time_period_06,place-hsmnl,7578,0,82,92,0,92
Fall 2017,green,1,time_period_06,place-hwsst,3061,555,82,37,7,799
Fall 2017,green,1,time_period_06,place-hymnl,97042,57653,82,1183,703,6593
Fall 2017,green,1,time_period_06,place-kencl,157072,53571,82,1916,653,6113
Fall 2017,green,1,time_period_06,place-kntst,5177,776,82,63,9,768
Fall 2017,green,1,time_period_06,place-lake,9633,0,82,117,0,117
Fall 2017,green,1,time_period_06,place-lech,0,87073,82,0,1062,0
Fall 2017,green,1,time_period_06,place-lngmd,26553,707,82,324,9,1022
Fall 2017,green,1,time_period_05,place-bucen,11415,8485,82,139,103,1466
Fall 2017,green,1,time_period_02,place-brkhl,3231,262,82,39,3,578
Fall 2017,green,1,time_period_04,place-lngmd,35040,2230,82,427,27,1285
Fall 2017,green,1,time_period_03,place-newtn,13274,741,82,162,9,1087
Fall 2017,green,1,time_period_02,place-symcl,2813,627,82,34,8,177
Fall 2017,green,1,time_period_02,place-brmnl,2119,269,82,26,3,105
Fall 2017,green,1,time_period_05,place-buest,8293,6262,82,101,76,1491
Fall 2017,green,1,time_period_03,place-newto,15273,570,82,186,7,1267
Fall 2017,green,1,time_period_04,place-longw,15238,14139,82,186,172,2382
Fall 2017,green,1,time_period_02,place-tapst,2311,15,82,28,0,93
Fall 2017,green,1,time_period_02,place-bucen,233,654,82,3,8,411
Fall 2017,green,1,time_period_05,place-buwst,8508,2174,82,104,27,1430
Fall 2017,green,1,time_period_03,place-north,13936,64265,82,170,784,861
Fall 2017,green,1,time_period_04,place-mfa,18507,1916,82,226,23,1487
Fall 2017,green,1,time_period_02,place-waban,2423,52,82,30,1,211
Fall 2017,green,1,time_period_02,place-buest,106,381,82,1,5,408
Fall 2017,green,1,time_period_05,place-bvmnl,15642,6866,82,191,84,1221
Fall 2017,green,1,time_period_03,place-nuniv,13327,4423,82,163,54,978
Fall 2017,green,1,time_period_04,place-mispk,15007,476,82,183,6,475
Fall 2017,green,1,time_period_02,place-wascm,4968,89,82,61,1,163
Fall 2017,green,1,time_period_02,place-buwst,295,404,82,4,5,416
Fall 2017,green,1,time_period_02,place-bvmnl,4564,1769,82,56,22,612
Fall 2017,green,1,time_period_02,place-chhil,5186,206,82,63,3,423
Fall 2017,green,1,time_period_02,place-chill,1044,36,82,13,0,34
Fall 2017,green,1,time_period_02,place-chswk,2150,22,82,26,0,60
Fall 2017,green,1,time_period_02,place-clmnl,2108,0,82,26,0,26
Fall 2017,green,1,time_period_02,place-coecl,7295,16832,82,89,205,1297
Fall 2017,green,1,time_period_02,place-cool,5085,439,82,62,5,249
Fall 2017,green,1,time_period_02,place-denrd,1444,48,82,18,1,65
Fall 2017,green,1,time_period_02,place-eliot,4544,19,82,55,0,266
Fall 2017,green,1,time_period_02,place-engav,2555,769,82,31,9,47
Fall 2017,green,1,time_period_02,place-fbkst,1769,9,82,22,0,149
Fall 2017,green,1,time_period_02,place-fenwd,830,138,82,10,2,82
Fall 2017,green,1,time_period_02,place-fenwy,2509,2776,82,31,34,525
Fall 2017,green,1,time_period_02,place-gover,6103,29794,82,74,363,389
Fall 2017,green,1,time_period_02,place-grigg,4334,87,82,53,1,312
Fall 2017,green,1,time_period_02,place-haecl,4264,9922,82,52,121,320
Fall 2017,green,1,time_period_02,place-harvd,5957,1832,82,73,22,362
Fall 2017,green,1,time_period_02,place-hsmnl,2024,0,82,25,0,25
Fall 2017,green,1,time_period_02,place-hwsst,533,99,82,7,1,292
Fall 2017,green,1,time_period_02,place-hymnl,7081,10986,82,86,134,1217
Fall 2017,green,1,time_period_02,place-kencl,10341,7911,82,126,96,1264
Fall 2017,green,1,time_period_02,place-kntst,890,136,82,11,2,286
Fall 2017,green,1,time_period_02,place-lake,899,0,82,11,0,11
Fall 2017,green,1,time_period_02,place-lech,0,10719,82,0,131,0
Fall 2017,green,1,time_period_02,place-lngmd,1942,145,82,24,2,127
Fall 2017,green,1,time_period_02,place-longw,1121,7962,82,14,97,529
Fall 2017,green,1,time_period_02,place-mfa,916,79,82,11,1,137
Fall 2017,green,1,time_period_02,place-mispk,2410,48,82,29,1,74
Fall 2017,green,1,time_period_02,place-newtn,3752,60,82,46,1,311
Fall 2017,green,1,time_period_02,place-newto,4381,134,82,53,2,363
Fall 2017,green,1,time_period_02,place-north,1505,14704,82,18,179,159
Fall 2017,green,1,time_period_02,place-nuniv,1643,539,82,20,7,150
Fall 2017,green,1,time_period_02,place-pktrm,22313,56143,82,272,685,678
Fall 2017,green,1,time_period_02,place-plsgr,554,249,82,7,3,411
Fall 2017,green,1,time_period_02,place-prmnl,2001,409,82,24,5,196
Fall 2017,green,1,time_period_02,place-river,2834,0,82,35,0,35
Fall 2017,green,1,time_period_02,place-rsmnl,6350,774,82,77,9,491
Fall 2017,green,1,time_period_02,place-rvrwy,1219,31,82,15,0,45
Fall 2017,green,1,time_period_02,place-smary,1551,391,82,19,5,306
Fall 2017,green,1,time_period_05,place-chhil,13155,701,82,160,9,821
Fall 2017,green,1,time_period_02,place-woodl,3591,35,82,44,0,182
Fall 2017,green,1,time_period_04,place-newtn,17185,1485,82,210,18,968
Fall 2017,green,1,time_period_03,place-pktrm,96449,281506,82,1176,3433,3214
Fall 2017,green,1,time_period_05,place-chill,3859,225,82,47,3,109
Fall 2017,green,1,time_period_02,place-wrnst,3520,80,82,43,1,205
Fall 2017,green,1,time_period_03,place-plsgr,3200,1717,82,39,21,2022
Fall 2017,green,1,time_period_04,place-newto,22300,1679,82,272,20,1219
Fall 2017,green,1,time_period_05,place-chswk,5134,329,82,63,4,168
Fall 2017,green,1,time_period_03,place-alsgr,19486,582,82,238,7,1164
Fall 2017,green,1,time_period_03,place-prmnl,21482,4326,82,262,53,1411
Fall 2017,green,1,time_period_04,place-north,12867,86478,82,157,1055,1100
Fall 2017,green,1,time_period_05,place-clmnl,6501,0,82,79,0,79
Fall 2017,green,1,time_period_03,place-armnl,21535,52081,82,263,635,6060
Fall 2017,green,1,time_period_03,place-river,10140,0,82,124,0,124
Fall 2017,green,1,time_period_04,place-nuniv,20157,9130,82,246,111,1622
Fall 2017,green,1,time_period_05,place-coecl,121857,101103,82,1486,1233,6568
Fall 2017,green,1,time_period_03,place-babck,7333,1463,82,89,18,2004
Fall 2017,green,1,time_period_03,place-rsmnl,17627,2392,82,215,29,1572
Fall 2017,green,1,time_period_04,place-pktrm,138847,371642,82,1693,4532,4858
Fall 2017,green,1,time_period_05,place-cool,20773,4623,82,253,56,531
Fall 2017,green,1,time_period_03,place-bckhl,2338,45,82,29,1,137
Fall 2017,green,1,time_period_03,place-bcnfd,13062,1001,82,159,12,1719
Fall 2017,green,1,time_period_03,place-bcnwa,13543,254,82,165,3,699
Fall 2017,green,1,time_period_03,place-bland,843,6701,82,10,82,1779
Fall 2017,green,1,time_period_03,place-bndhl,7765,76,82,95,1,919
Fall 2017,green,1,time_period_03,place-boyls,13798,62155,82,168,758,5471
Fall 2017,green,1,time_period_03,place-brico,20311,2236,82,248,27,1933
Fall 2017,green,1,time_period_03,place-brkhl,12427,1813,82,152,22,1849
Fall 2017,green,1,time_period_03,place-brmnl,16803,1279,82,205,16,667
Fall 2017,green,1,time_period_03,place-bucen,1198,9635,82,15,118,1912
Fall 2017,green,1,time_period_03,place-buest,844,5914,82,10,72,1850
Fall 2017,green,1,time_period_03,place-buwst,1338,2984,82,16,36,2015
Fall 2017,green,1,time_period_03,place-bvmnl,12646,5168,82,154,63,1940
Fall 2017,green,1,time_period_03,place-chhil,11550,1731,82,141,21,1386
Fall 2017,green,1,time_period_03,place-chill,5724,217,82,70,3,170
Fall 2017,green,1,time_period_03,place-chswk,11394,191,82,139,2,307
Fall 2017,green,1,time_period_03,place-clmnl,13082,0,82,160,0,160
Fall 2017,green,1,time_period_03,place-coecl,57042,92358,82,696,1126,6433
Fall 2017,green,1,time_period_03,place-cool,21029,2523,82,256,31,1295
Fall 2017,green,1,time_period_03,place-denrd,10811,74,82,132,1,400
Fall 2017,green,1,time_period_03,place-eliot,13274,156,82,162,2,934
Fall 2017,green,1,time_period_03,place-engav,14297,5331,82,174,65,269
Fall 2017,green,1,time_period_03,place-fbkst,10463,150,82,128,2,825
Fall 2017,green,1,time_period_03,place-fenwd,4432,737,82,54,9,478
Fall 2017,green,1,time_period_03,place-fenwy,9001,9057,82,110,110,1818
Fall 2017,green,1,time_period_03,place-gover,23043,132879,82,281,1620,1875
Fall 2017,green,1,time_period_03,place-grigg,19761,468,82,241,6,1399
Fall 2017,green,1,time_period_03,place-haecl,13679,46464,82,167,567,1475
Fall 2017,green,1,time_period_03,place-harvd,30149,4459,82,368,54,1712
Fall 2017,green,1,time_period_03,place-hsmnl,8964,0,82,109,0,109
Fall 2017,green,1,time_period_03,place-hwsst,2986,635,82,36,8,1483
Fall 2017,green,1,time_period_03,place-hymnl,49083,50773,82,599,619,5453
Fall 2017,green,1,time_period_03,place-kencl,69121,39365,82,843,480,5474
Fall 2017,green,1,time_period_03,place-kntst,4388,870,82,54,11,1455
Fall 2017,green,1,time_period_03,place-lake,5048,0,82,62,0,62
Fall 2017,green,1,time_period_04,place-plsgr,11368,4006,82,139,49,2862
Fall 2017,green,1,time_period_05,place-denrd,2862,138,82,35,2,116
Fall 2017,green,1,time_period_04,place-prmnl,38233,10666,82,466,130,2204
Fall 2017,green,1,time_period_05,place-eliot,4154,287,82,51,4,422
Fall 2017,green,1,time_period_05,place-engav,3018,2771,82,37,34,82
Fall 2017,green,1,time_period_03,place-rvrwy,12583,130,82,153,2,289
Fall 2017,green,1,time_period_05,place-fbkst,2582,283,82,31,3,282
Fall 2017,green,1,time_period_03,place-smary,6646,4105,82,81,50,1514
Fall 2017,green,1,time_period_04,place-river,8421,0,82,103,0,103
Fall 2017,green,1,time_period_03,place-sougr,5833,2422,82,71,30,103
Fall 2017,green,1,time_period_05,place-fenwd,3679,410,82,45,5,250
Fall 2017,green,1,time_period_04,place-rsmnl,28564,4624,82,348,56,1681
Fall 2017,green,1,time_period_03,place-spmnl,305,11550,82,4,141,724
Fall 2017,green,1,time_period_05,place-fenwy,21248,5755,82,259,70,1529
Fall 2017,green,1,time_period_04,place-rvrwy,9084,239,82,111,3,298
Fall 2017,green,1,time_period_03,place-sthld,16573,194,82,202,2,507
Fall 2017,green,1,time_period_05,place-gover,22993,205562,82,280,2507,2435
Fall 2017,green,1,time_period_04,place-smary,13282,8280,82,162,101,1648
Fall 2017,green,1,time_period_03,place-stplb,3425,2377,82,42,29,2035
Fall 2017,green,1,time_period_05,place-grigg,7980,1211,82,97,15,700
Fall 2017,green,1,time_period_04,place-sougr,4515,3883,82,55,47,101
Fall 2017,green,1,time_period_03,place-stpul,9984,415,82,122,5,1412
Fall 2017,green,1,time_period_05,place-haecl,10289,82188,82,125,1002,1558
Fall 2017,green,1,time_period_04,place-spmnl,1092,16265,82,13,198,915
Fall 2017,green,1,time_period_04,place-sthld,15178,499,82,185,6,524
Fall 2017,green,1,time_period_04,place-stplb,13812,4674,82,168,57,2973
Fall 2017,green,1,time_period_04,place-stpul,15009,1042,82,183,13,1471
Fall 2017,green,1,time_period_04,place-sumav,12799,1515,82,156,18,911
Fall 2017,green,1,time_period_04,place-symcl,28539,8355,82,348,102,1868
Fall 2017,green,1,time_period_04,place-tapst,11057,305,82,135,4,403
Fall 2017,green,1,time_period_04,place-waban,7618,400,82,93,5,653
Fall 2017,green,1,time_period_04,place-wascm,28585,1759,82,349,21,851
Fall 2017,green,1,time_period_04,place-woodl,12889,210,82,157,3,565
Fall 2017,green,1,time_period_04,place-wrnst,21896,1362,82,267,17,1102
Fall 2017,green,1,time_period_05,place-alsgr,9577,1292,82,117,16,617
Fall 2017,green,1,time_period_05,place-armnl,75768,34164,82,924,417,7075
Fall 2017,green,1,time_period_05,place-babck,12542,1719,82,153,21,1185
Fall 2017,green,1,time_period_05,place-bckhl,1062,40,82,13,0,108
Fall 2017,green,1,time_period_05,place-bcnfd,5971,1656,82,73,20,991
Fall 2017,green,1,time_period_05,place-bcnwa,7388,395,82,90,5,254
Fall 2017,green,1,time_period_05,place-harvd,23158,6265,82,282,76,906
Fall 2017,green,1,time_period_05,place-hsmnl,7829,0,82,95,0,95
Fall 2017,green,1,time_period_05,place-hwsst,2368,774,82,29,9,636
Fall 2017,green,1,time_period_03,place-sumav,12699,354,82,155,4,1069
Fall 2017,green,1,time_period_05,place-hymnl,57490,48893,82,701,596,4528
Fall 2017,green,1,time_period_05,place-kencl,97341,39454,82,1187,481,4423
Fall 2017,green,1,time_period_03,place-symcl,21320,3043,82,260,37,1201
Fall 2017,green,1,time_period_05,place-kntst,3651,616,82,45,8,617
Fall 2017,green,1,time_period_03,place-tapst,11376,111,82,139,1,537
Fall 2017,green,1,time_period_05,place-lake,7022,0,82,86,0,86
Fall 2017,green,1,time_period_03,place-waban,11756,302,82,143,4,774
Fall 2017,green,1,time_period_05,place-lech,0,47621,82,0,581,0
Fall 2017,green,1,time_period_03,place-wascm,16924,804,82,206,10,703
Fall 2017,green,1,time_period_05,place-lngmd,22980,776,82,280,9,847
Fall 2017,green,1,time_period_03,place-woodl,11798,306,82,144,4,635
Fall 2017,green,1,time_period_05,place-longw,14266,4531,82,174,55,1340
Fall 2017,green,1,time_period_05,place-mfa,18693,842,82,228,10,1065
Fall 2017,green,1,time_period_03,place-wrnst,19568,723,82,239,9,933
Fall 2017,green,1,time_period_05,place-mispk,5533,245,82,67,3,210
Fall 2017,green,1,time_period_05,place-newtn,9584,1017,82,117,12,526
Fall 2017,green,1,time_period_04,place-alsgr,25309,1390,82,309,17,1393
Fall 2017,green,1,time_period_05,place-newto,13002,1265,82,159,15,669
Fall 2017,green,1,time_period_04,place-armnl,64718,61326,82,789,748,8782
Fall 2017,green,1,time_period_05,place-north,4782,77468,82,58,945,672
Fall 2017,green,1,time_period_04,place-babck,21369,3426,82,261,42,2772
Fall 2017,green,1,time_period_05,place-nuniv,16755,4087,82,204,50,1219
Fall 2017,green,1,time_period_01,place-alsgr,1269,15,82,15,0,99
Fall 2017,green,1,time_period_04,place-bckhl,2584,75,82,32,1,190
Fall 2017,green,1,time_period_05,place-pktrm,122513,296154,82,1494,3612,4661
Fall 2017,green,1,time_period_01,place-armnl,605,2958,82,7,36,371
Fall 2017,green,1,time_period_04,place-bcnfd,18413,1771,82,225,22,1884
Fall 2017,green,1,time_period_05,place-plsgr,8389,1579,82,102,19,1268
Fall 2017,green,1,time_period_05,place-prmnl,38300,6270,82,467,76,1787
Fall 2017,green,1,time_period_05,place-river,5053,0,82,62,0,62
Fall 2017,green,1,time_period_05,place-rsmnl,15605,6032,82,190,74,938
Fall 2017,green,1,time_period_05,place-rvrwy,3230,122,82,39,1,146
Fall 2017,green,1,time_period_05,place-smary,7560,3085,82,92,38,691
Fall 2017,green,1,time_period_05,place-sougr,1920,3634,82,23,44,65
Fall 2017,green,1,time_period_05,place-spmnl,1012,8463,82,12,103,581
Fall 2017,green,1,time_period_04,place-bcnwa,16622,478,82,203,6,600
Fall 2017,green,1,time_period_01,place-babck,426,79,82,5,1,147
Fall 2017,green,1,time_period_04,place-bland,6581,16448,82,80,201,2558
Fall 2017,green,1,time_period_01,place-bckhl,79,3,82,1,0,8
Fall 2017,green,1,time_period_04,place-bndhl,5683,236,82,69,3,774
Fall 2017,green,1,time_period_01,place-bcnfd,932,69,82,11,1,168
Fall 2017,green,1,time_period_04,place-boyls,34700,123687,82,423,1508,7697
Fall 2017,green,1,time_period_04,place-brico,38634,7179,82,471,88,2553
Fall 2017,green,1,time_period_01,place-bcnwa,1039,29,82,13,0,46
Fall 2017,green,1,time_period_04,place-brkhl,18943,1673,82,231,20,2094
Fall 2017,green,1,time_period_01,place-bland,19,57,82,0,1,146
Fall 2017,green,1,time_period_04,place-brmnl,30512,1660,82,372,20,885
Fall 2017,green,1,time_period_01,place-bndhl,281,4,82,3,0,56
Fall 2017,green,1,time_period_04,place-bucen,9832,27053,82,120,330,2808
Fall 2017,green,1,time_period_01,place-boyls,582,4335,82,7,53,325
Fall 2017,green,1,time_period_04,place-buest,7674,18321,82,94,223,2678
Fall 2017,green,1,time_period_01,place-brico,714,171,82,9,2,142
Fall 2017,green,1,time_period_04,place-buwst,9542,5897,82,116,72,3018
Fall 2017,green,1,time_period_01,place-brkhl,705,50,82,9,1,176
Fall 2017,green,1,time_period_04,place-bvmnl,29461,6993,82,359,85,2368
Fall 2017,green,1,time_period_01,place-brmnl,528,41,82,6,1,23
Fall 2017,green,1,time_period_04,place-chhil,15300,1407,82,187,17,1389
Fall 2017,green,1,time_period_04,place-chill,6963,363,82,85,4,182
Fall 2017,green,1,time_period_04,place-chswk,13717,338,82,167,4,345
Fall 2017,green,1,time_period_04,place-clmnl,11699,0,82,143,0,143
Fall 2017,green,1,time_period_04,place-coecl,114036,150533,82,1391,1836,8740
Fall 2017,green,1,time_period_04,place-cool,39644,7724,82,483,94,1301
Fall 2017,green,1,time_period_01,place-bucen,153,246,82,2,3,147
Fall 2017,green,1,time_period_01,place-buest,19,60,82,0,1,146
Fall 2017,green,1,time_period_01,place-buwst,131,67,82,2,1,148
Fall 2017,green,1,time_period_01,place-bvmnl,1496,509,82,18,6,188
Fall 2017,green,1,time_period_01,place-chhil,1656,27,82,20,0,140
Fall 2017,green,1,time_period_01,place-chill,448,47,82,5,1,11
Fall 2017,green,1,time_period_01,place-chswk,1032,10,82,13,0,24
Fall 2017,green,1,time_period_01,place-clmnl,622,0,82,8,0,8
Fall 2017,green,1,time_period_11,place-brkhl,6341,875,17,373,51,4345
Fall 2017,green,1,time_period_11,place-brmnl,10980,448,17,646,26,1451
Fall 2017,green,1,time_period_11,place-bucen,5237,7042,17,308,414,5716
Fall 2017,green,1,time_period_11,place-buest,4098,3024,17,241,178,5779
Fall 2017,green,1,time_period_11,place-buwst,3805,2120,17,224,125,5822
Fall 2017,green,1,time_period_11,place-bvmnl,11525,5052,17,678,297,4726
Fall 2017,green,1,time_period_11,place-chhil,8716,698,17,513,41,3163
Fall 2017,green,1,time_period_11,place-chill,4239,183,17,249,11,557
Fall 2017,green,1,time_period_11,place-chswk,5892,235,17,347,14,890
Fall 2017,green,1,time_period_11,place-clmnl,6959,0,17,409,0,409
Fall 2017,green,1,time_period_11,place-coecl,81930,72140,17,4819,4244,23327
Fall 2017,green,1,time_period_11,place-cool,20439,5216,17,1202,307,2805
Fall 2017,green,1,time_period_11,place-denrd,3459,167,17,203,10,701
Fall 2017,green,1,time_period_11,place-eliot,4444,120,17,261,7,1763
Fall 2017,green,1,time_period_11,place-engav,4328,2669,17,255,157,507
Fall 2017,green,1,time_period_08,place-stpul,878,79,82,11,1,124
Fall 2017,green,1,time_period_09,place-mispk,82,6,82,1,0,2
Fall 2017,green,1,time_period_07,place-engav,2215,3051,82,27,37,56
Fall 2017,green,1,time_period_06,place-longw,19214,4459,82,234,54,1924
Fall 2017,green,1,time_period_11,place-symcl,16641,3746,17,979,220,4195
Fall 2017,green,1,time_period_10,place-fenwd,2239,423,16,140,26,1084
Fall 2017,green,1,time_period_08,place-boyls,23418,13854,82,286,169,2776
Fall 2017,green,1,time_period_11,place-fbkst,3070,184,17,181,11,1575
Fall 2017,green,1,time_period_11,place-fenwd,1909,253,17,112,15,831
Fall 2017,green,1,time_period_11,place-fenwy,13312,6878,17,783,405,5243
Fall 2017,green,1,time_period_11,place-gover,16330,141615,17,961,8330,8050
Fall 2017,green,1,time_period_11,place-grigg,8452,1384,17,497,81,3270
Fall 2017,green,1,time_period_11,place-haecl,8160,54867,17,480,3227,5303
Fall 2017,green,1,time_period_11,place-harvd,23950,6880,17,1409,405,4274
Fall 2017,green,1,time_period_11,place-hsmnl,3624,0,17,213,0,213
Fall 2017,green,1,time_period_11,place-hwsst,1402,466,17,82,27,3344
Fall 2017,green,1,time_period_11,place-hymnl,49643,50421,17,2920,2966,17105
Fall 2017,green,1,time_period_11,place-kencl,76011,32105,17,4471,1889,17151
Fall 2017,green,1,time_period_11,place-kntst,2721,559,17,160,33,3289
Fall 2017,green,1,time_period_11,place-lake,4644,0,17,273,0,273
Fall 2017,green,1,time_period_11,place-lech,0,36317,17,0,2136,0
Fall 2017,green,1,time_period_11,place-lngmd,12344,455,17,726,27,2150
Fall 2017,green,1,time_period_11,place-longw,4974,2617,17,293,154,4865
Fall 2017,green,1,time_period_11,place-mfa,13106,712,17,771,42,2879
Fall 2017,green,1,time_period_11,place-mispk,4926,145,17,290,9,734
Fall 2017,green,1,time_period_11,place-newtn,6590,349,17,388,21,2130
Fall 2017,green,1,time_period_11,place-newto,10394,855,17,611,50,2691
Fall 2017,green,1,time_period_11,place-north,3998,48082,17,235,2828,2710
Fall 2017,green,1,time_period_11,place-nuniv,11998,2516,17,706,148,3437
Fall 2017,green,1,time_period_11,place-pktrm,77147,170859,17,4538,10051,15420
Fall 2017,green,1,time_period_11,place-plsgr,7445,1949,17,438,115,5522
Fall 2017,green,1,time_period_11,place-prmnl,30614,5958,17,1801,350,5646
Fall 2017,green,1,time_period_11,place-river,4372,0,17,257,0,257
Fall 2017,green,1,time_period_11,place-rsmnl,13147,3202,17,773,188,3748
Fall 2017,green,1,time_period_11,place-rvrwy,3185,79,17,187,5,453
Fall 2017,green,1,time_period_11,place-smary,7809,3985,17,459,234,3569
Fall 2017,green,1,time_period_11,place-sougr,3032,2261,17,178,133,318
Fall 2017,green,1,time_period_11,place-spmnl,513,10262,17,30,604,2136
Fall 2017,green,1,time_period_11,place-sthld,6981,352,17,411,21,1280
Fall 2017,green,1,time_period_11,place-stplb,4801,1386,17,282,82,5723
Fall 2017,green,1,time_period_11,place-stpul,6697,627,17,394,37,3162
Fall 2017,green,1,time_period_11,place-sumav,4760,865,17,280,51,1909
Fall 2017,green,1,time_period_08,place-sumav,682,184,82,8,2,56
Fall 2017,green,1,time_period_11,place-tapst,5177,307,17,305,18,987
Fall 2017,green,1,time_period_08,place-brico,3064,644,82,37,8,176
Fall 2017,green,1,time_period_06,place-mfa,20030,1031,82,244,13,1254
Fall 2017,green,1,time_period_10,place-fenwy,16782,8458,16,1049,529,7309
Fall 2017,green,1,time_period_06,place-mispk,5572,325,82,68,4,212
Fall 2017,green,1,time_period_09,place-newtn,114,2,82,1,0,4
Fall 2017,green,1,time_period_11,place-waban,3010,140,17,177,8,1509
Fall 2017,green,1,time_period_08,place-brkhl,667,357,82,8,4,195
Fall 2017,green,1,time_period_08,place-symcl,11007,1192,82,134,15,373
Fall 2017,green,1,time_period_08,place-tapst,1244,36,82,15,0,28
Fall 2017,green,1,time_period_07,place-fbkst,2090,346,82,25,4,214
Fall 2017,green,1,time_period_09,place-newto,130,11,82,2,0,5
Fall 2017,green,1,time_period_08,place-brmnl,5732,85,82,70,1,100
Fall 2017,green,1,time_period_07,place-fenwd,2131,402,82,26,5,119
Fall 2017,green,1,time_period_08,place-waban,277,14,82,3,0,49
Fall 2017,green,1,time_period_09,place-north,299,2804,82,4,34,30
Fall 2017,green,1,time_period_08,place-bucen,2365,627,82,29,8,328
Fall 2017,green,1,time_period_07,place-fenwy,22290,4691,82,272,57,1185
Fall 2017,green,1,time_period_08,place-wascm,1840,233,82,22,3,63
Fall 2017,green,1,time_period_08,place-buest,1520,785,82,19,10,337
Fall 2017,green,1,time_period_09,place-nuniv,758,62,82,9,1,31
Fall 2017,green,1,time_period_07,place-gover,21259,212043,82,259,2586,2948
Fall 2017,green,1,time_period_11,place-wascm,13129,1160,17,772,68,1984
Fall 2017,green,1,time_period_08,place-woodl,1497,18,82,18,0,46
Fall 2017,green,1,time_period_06,place-newtn,17516,1194,82,214,15,916
Fall 2017,green,1,time_period_09,place-pktrm,13860,9404,82,169,115,423
Fall 2017,green,1,time_period_08,place-buwst,1532,204,82,19,2,307
Fall 2017,green,1,time_period_07,place-grigg,4109,1590,82,50,19,373
Fall 2017,green,1,time_period_11,place-woodl,5305,10,17,312,1,1340
Fall 2017,green,1,time_period_10,place-gover,23766,185005,16,1485,11563,12263
Fall 2017,green,1,time_period_08,place-wrnst,1170,307,82,14,4,73
Fall 2017,green,1,time_period_06,place-newto,19882,1333,82,242,16,1142
Fall 2017,green,1,time_period_09,place-plsgr,291,24,82,4,0,26
Fall 2017,green,1,time_period_09,place-prmnl,1823,139,82,22,2,64
Fall 2017,green,1,time_period_09,place-river,37,0,82,0,0,0
Fall 2017,green,1,time_period_09,place-rsmnl,153,56,82,2,1,9
Fall 2017,green,1,time_period_09,place-rvrwy,60,4,82,1,0,1
Fall 2017,green,1,time_period_09,place-smary,286,14,82,3,0,11
Fall 2017,green,1,time_period_09,place-sougr,31,63,82,0,1,1
Fall 2017,green,1,time_period_09,place-spmnl,22,184,82,0,2,28
Fall 2017,green,1,time_period_09,place-sthld,61,4,82,1,0,3
Fall 2017,green,1,time_period_09,place-stplb,289,14,82,4,0,29
Fall 2017,green,1,time_period_09,place-stpul,51,2,82,1,0,8
Fall 2017,green,1,time_period_09,place-sumav,16,7,82,0,0,4
Fall 2017,green,1,time_period_09,place-symcl,1241,186,82,15,2,44
Fall 2017,green,1,time_period_09,place-tapst,60,0,82,1,0,2
Fall 2017,green,1,time_period_09,place-waban,10,4,82,0,0,2
Fall 2017,green,1,time_period_09,place-wascm,134,21,82,2,0,4
Fall 2017,green,1,time_period_09,place-woodl,23,0,82,0,0,2
Fall 2017,green,1,time_period_09,place-wrnst,146,4,82,2,0,6
Fall 2017,green,1,time_period_10,place-alsgr,10175,1164,16,636,73,3447
Fall 2017,green,1,time_period_10,place-armnl,47023,38684,16,2939,2418,31995
Fall 2017,green,1,time_period_10,place-babck,9643,1984,16,603,124,6246
Fall 2017,green,1,time_period_10,place-bckhl,1287,58,16,80,4,349
Fall 2017,green,1,time_period_10,place-bcnfd,7282,1347,16,455,84,5644
Fall 2017,green,1,time_period_10,place-bcnwa,9107,429,16,569,27,1713
Fall 2017,green,1,time_period_10,place-bland,2840,2400,16,178,150,7382
Fall 2017,green,1,time_period_10,place-bndhl,2079,170,16,130,11,2040
Fall 2017,green,1,time_period_10,place-boyls,32535,77676,16,2033,4855,29174
Fall 2017,green,1,time_period_10,place-brico,15517,5453,16,970,341,5767
Fall 2017,green,1,time_period_10,place-brkhl,8232,1223,16,515,76,6082
Fall 2017,green,1,time_period_10,place-brmnl,13252,469,16,828,29,1883
Fall 2017,green,1,time_period_10,place-bucen,6051,5585,16,378,349,7174
Fall 2017,green,1,time_period_10,place-buest,5881,2982,16,368,186,7355
Fall 2017,green,1,time_period_10,place-buwst,4562,1854,16,285,116,7144
Fall 2017,green,1,time_period_10,place-bvmnl,13983,5700,16,874,356,6599
Fall 2017,green,1,time_period_10,place-chhil,11585,1622,16,724,101,4406
Fall 2017,green,1,time_period_10,place-chill,5143,239,16,321,15,716
Fall 2017,green,1,time_period_10,place-chswk,6333,350,16,396,22,1090
Fall 2017,green,1,time_period_10,place-clmnl,8224,0,16,514,0,514
Fall 2017,green,1,time_period_10,place-coecl,109805,94311,16,6863,5894,31474
Fall 2017,green,1,time_period_10,place-cool,23080,5554,16,1443,347,3415
Fall 2017,green,1,time_period_10,place-denrd,3761,249,16,235,16,830
Fall 2017,green,1,time_period_10,place-eliot,6022,166,16,376,10,2486
Fall 2017,green,1,time_period_10,place-engav,4697,3159,16,294,197,610
Fall 2017,green,1,time_period_10,place-fbkst,3611,292,16,226,18,1920
Fall 2017,green,1,time_period_09,place-alsgr,88,34,82,1,0,7
Fall 2017,green,1,time_period_11,place-wrnst,7519,762,17,442,45,2381
Fall 2017,green,1,time_period_07,place-haecl,9366,96089,82,114,1172,1890
Fall 2017,green,1,time_period_09,place-armnl,4036,957,82,49,12,334
Fall 2017,green,1,time_period_08,place-bvmnl,2956,2797,82,36,34,196
Fall 2017,green,1,time_period_06,place-north,11219,184850,82,137,2254,1179
Fall 2017,green,1,time_period_10,place-grigg,9674,1411,16,605,88,3963
Fall 2017,green,1,time_period_06,place-nuniv,20429,3931,82,249,48,1455
Fall 2017,green,1,time_period_08,place-chhil,4015,55,82,49,1,178
Fall 2017,green,1,time_period_06,place-pktrm,187478,517722,82,2286,6314,7741
Fall 2017,green,1,time_period_10,place-haecl,13139,86261,16,821,5391,7693
Fall 2017,green,1,time_period_06,place-plsgr,12015,2053,82,147,25,1209
Fall 2017,green,1,time_period_08,place-chill,1414,31,82,17,0,27
Fall 2017,green,1,time_period_10,place-harvd,26540,7737,16,1659,484,5138
Fall 2017,green,1,time_period_06,place-prmnl,71685,7044,82,874,86,2484
Fall 2017,green,1,time_period_10,place-hsmnl,4348,0,16,272,0,272
Fall 2017,green,1,time_period_08,place-chswk,773,169,82,9,2,35
Fall 2017,green,1,time_period_06,place-river,8881,0,82,108,0,108
Fall 2017,green,1,time_period_09,place-babck,280,34,82,3,0,23
Fall 2017,green,1,time_period_10,place-hwsst,1520,452,16,95,28,4015
Fall 2017,green,1,time_period_08,place-clmnl,1166,0,82,14,0,14
Fall 2017,green,1,time_period_07,place-harvd,17689,5259,82,216,64,524
Fall 2017,green,1,time_period_08,place-coecl,47628,19562,82,581,239,2462
Fall 2017,green,1,time_period_06,place-rsmnl,18707,13424,82,228,164,1434
Fall 2017,green,1,time_period_07,place-hsmnl,2521,0,82,31,0,31
Fall 2017,green,1,time_period_10,place-hymnl,63848,58198,16,3990,3637,22782
Fall 2017,green,1,time_period_08,place-cool,5168,425,82,63,5,114
Fall 2017,green,1,time_period_06,place-rvrwy,3855,158,82,47,2,148
Fall 2017,green,1,time_period_07,place-hwsst,1751,467,82,21,6,556
Fall 2017,green,1,time_period_09,place-bckhl,7,0,82,0,0,1
Fall 2017,green,1,time_period_10,place-kencl,93658,38934,16,5854,2433,22429
Fall 2017,green,1,time_period_09,place-bcnfd,36,9,82,0,0,9
Fall 2017,green,1,time_period_08,place-denrd,339,31,82,4,0,13
Fall 2017,green,1,time_period_10,place-kntst,2441,517,16,153,32,3948
Fall 2017,green,1,time_period_09,place-bcnwa,132,0,82,2,0,3
Fall 2017,green,1,time_period_10,place-lake,7148,0,16,447,0,447
Fall 2017,green,1,time_period_08,place-eliot,820,39,82,10,0,59
Fall 2017,green,1,time_period_07,place-hymnl,81853,40009,82,998,488,4312
Fall 2017,green,1,time_period_09,place-bland,130,85,82,2,1,36
Fall 2017,green,1,time_period_06,place-smary,10602,3227,82,129,39,889
Fall 2017,green,1,time_period_10,place-lech,0,52725,16,0,3295,0
Fall 2017,green,1,time_period_08,place-engav,282,684,82,3,8,9
Fall 2017,green,1,time_period_07,place-kencl,103453,34923,82,1262,426,3802
Fall 2017,green,1,time_period_09,place-bndhl,11,2,82,0,0,4
Fall 2017,green,1,time_period_06,place-sougr,2498,5303,82,30,65,83
Fall 2017,green,1,time_period_10,place-lngmd,15500,551,16,969,34,2817
Fall 2017,green,1,time_period_10,place-longw,5906,2876,16,369,180,6789
Fall 2017,green,1,time_period_10,place-mfa,15004,890,16,938,56,3699
Fall 2017,green,1,time_period_10,place-mispk,6090,251,16,381,16,970
Fall 2017,green,1,time_period_10,place-newtn,8798,513,16,550,32,3004
Fall 2017,green,1,time_period_10,place-newto,13659,1187,16,854,74,3783
Fall 2017,green,1,time_period_10,place-north,6222,65523,16,389,4095,3987
Fall 2017,green,1,time_period_10,place-nuniv,15323,2652,16,958,166,4491
Fall 2017,green,1,time_period_10,place-pktrm,110754,220080,16,6922,13755,22341
Fall 2017,green,1,time_period_10,place-plsgr,9282,2225,16,580,139,6687
Fall 2017,green,1,time_period_10,place-prmnl,40310,6605,16,2519,413,7723
Fall 2017,green,1,time_period_10,place-river,5705,0,16,357,0,357
Fall 2017,green,1,time_period_10,place-rsmnl,18488,4617,16,1156,289,5273
Fall 2017,green,1,time_period_10,place-rvrwy,4235,127,16,265,8,605
Fall 2017,green,1,time_period_10,place-smary,8530,3691,16,533,231,4317
Fall 2017,green,1,time_period_10,place-sougr,2946,3543,16,184,221,409
Fall 2017,green,1,time_period_10,place-spmnl,694,11759,16,43,735,3295
Fall 2017,green,1,time_period_10,place-sthld,8083,366,16,505,23,1572
Fall 2017,green,1,time_period_10,place-stplb,6082,1471,16,380,92,6975
Fall 2017,green,1,time_period_10,place-stpul,7376,769,16,461,48,3828
Fall 2017,green,1,time_period_10,place-sumav,5433,952,16,340,60,2320
Fall 2017,green,1,time_period_10,place-symcl,22379,4372,16,1399,273,5617
Fall 2017,green,1,time_period_10,place-tapst,5806,349,16,363,22,1171
Fall 2017,green,1,time_period_10,place-waban,3713,174,16,232,11,2120
Fall 2017,green,1,time_period_10,place-wascm,14374,1180,16,898,74,2397
Fall 2017,green,1,time_period_10,place-woodl,7587,28,16,474,2,1899
Fall 2017,green,1,time_period_10,place-wrnst,8696,912,16,544,57,2883
Fall 2017,green,1,time_period_11,place-alsgr,8954,913,17,527,54,2854
Fall 2017,green,1,time_period_11,place-armnl,32444,30878,17,1908,1816,23419
Fall 2017,green,1,time_period_11,place-babck,8756,1982,17,515,117,5198
Fall 2017,green,1,time_period_11,place-bckhl,998,33,17,59,2,270
Fall 2017,green,1,time_period_11,place-bcnfd,5720,1034,17,336,61,4024
Fall 2017,green,1,time_period_11,place-bcnwa,7480,374,17,440,22,1405
Fall 2017,green,1,time_period_11,place-bland,2233,2617,17,131,154,5756
Fall 2017,green,1,time_period_11,place-bndhl,1961,169,17,115,10,1680
Fall 2017,green,1,time_period_11,place-boyls,26406,68677,17,1553,4040,20933
Fall 2017,green,1,time_period_11,place-brico,14507,5570,17,853,328,4800
Fall 2017,green,1,time_period_09,place-boyls,4670,1846,82,57,23,368
Fall 2017,green,1,time_period_08,place-fbkst,277,66,82,3,1,50
Fall 2017,green,1,time_period_06,place-spmnl,2495,12094,82,30,147,1062
Fall 2017,green,1,time_period_06,place-sthld,5526,487,82,67,6,262
Fall 2017,green,1,time_period_08,place-fenwd,562,66,82,7,1,31
Fall 2017,green,1,time_period_07,place-kntst,2275,722,82,28,9,540
Fall 2017,green,1,time_period_06,place-stplb,13807,1921,82,168,23,1354
Fall 2017,green,1,time_period_06,place-stpul,7305,796,82,89,10,715
Fall 2017,green,1,time_period_07,place-lake,8222,0,82,100,0,100
Fall 2017,green,1,time_period_08,place-fenwy,4534,493,82,55,6,270
Fall 2017,green,1,time_period_06,place-sumav,5697,1281,82,69,16,388
Fall 2017,green,1,time_period_09,place-brico,357,62,82,4,1,20
Fall 2017,green,1,time_period_07,place-lech,0,51119,82,0,623,0
Fall 2017,green,1,time_period_06,place-symcl,25252,5505,82,308,67,1696
Fall 2017,green,1,time_period_08,place-gover,4198,132399,82,51,1615,835
Fall 2017,green,1,time_period_09,place-brkhl,32,21,82,0,0,9
Fall 2017,green,1,time_period_07,place-lngmd,27718,637,82,338,8,713
Fall 2017,green,1,time_period_06,place-tapst,4801,365,82,59,4,183
Fall 2017,green,1,time_period_08,place-grigg,861,290,82,11,4,87
Fall 2017,green,1,time_period_09,place-brmnl,575,3,82,7,0,11
Fall 2017,green,1,time_period_07,place-longw,10334,2141,82,126,26,970
Fall 2017,green,1,time_period_06,place-waban,5373,257,82,66,3,641
Fall 2017,green,1,time_period_08,place-haecl,2006,34641,82,24,422,437
Fall 2017,green,1,time_period_09,place-bucen,315,70,82,4,1,35
Fall 2017,green,1,time_period_07,place-mfa,18171,776,82,222,9,925
Fall 2017,green,1,time_period_06,place-wascm,11289,1525,82,138,19,381
Fall 2017,green,1,time_period_08,place-harvd,6142,1318,82,75,16,146
Fall 2017,green,1,time_period_09,place-buest,215,126,82,3,2,36
Fall 2017,green,1,time_period_07,place-mispk,3119,237,82,38,3,98
Fall 2017,green,1,time_period_07,place-newtn,9235,357,82,113,4,387
Fall 2017,green,1,time_period_07,place-newto,12896,629,82,157,8,536
Fall 2017,green,1,time_period_07,place-north,6295,102190,82,77,1246,720
Fall 2017,green,1,time_period_07,place-nuniv,24794,2951,82,302,36,1192
Fall 2017,green,1,time_period_07,place-pktrm,135601,347310,82,1654,4235,5274
Fall 2017,green,1,time_period_07,place-plsgr,7849,2014,82,96,25,782
Fall 2017,green,1,time_period_07,place-prmnl,48518,6228,82,592,76,1941
Fall 2017,green,1,time_period_07,place-river,3081,0,82,38,0,38
Fall 2017,green,1,time_period_07,place-rsmnl,11672,6701,82,142,82,722
Fall 2017,green,1,time_period_07,place-rvrwy,2094,150,82,26,2,62
Fall 2017,green,1,time_period_07,place-smary,8379,2598,82,102,32,626
Fall 2017,green,1,time_period_07,place-sougr,1422,4445,82,17,54,63
Fall 2017,green,1,time_period_07,place-spmnl,960,8921,82,12,109,623
Fall 2017,green,1,time_period_07,place-sthld,4004,622,82,49,8,190
Fall 2017,green,1,time_period_07,place-stplb,7059,1609,82,86,20,848
Fall 2017,green,1,time_period_07,place-stpul,5196,676,82,63,8,521
Fall 2017,green,1,time_period_07,place-sumav,3721,854,82,45,10,258
Fall 2017,green,1,time_period_07,place-symcl,24035,4850,82,293,59,1426
Fall 2017,green,1,time_period_07,place-tapst,3992,259,82,49,3,123
Fall 2017,green,1,time_period_07,place-waban,2448,110,82,30,1,239
Fall 2017,green,1,time_period_07,place-wascm,7686,1496,82,94,18,265
Fall 2017,green,1,time_period_07,place-woodl,5066,144,82,62,2,210
Fall 2017,green,1,time_period_07,place-wrnst,4413,1668,82,54,20,299
Fall 2017,green,1,time_period_08,place-alsgr,985,388,82,12,5,80
Fall 2017,green,1,time_period_08,place-armnl,23889,7738,82,291,94,2659
Fall 2017,green,1,time_period_08,place-babck,3131,347,82,38,4,210
Fall 2017,green,1,time_period_08,place-bckhl,119,10,82,1,0,14
Fall 2017,green,1,time_period_08,place-bcnfd,643,289,82,8,4,191
Fall 2017,green,1,time_period_08,place-bcnwa,1608,39,82,20,0,47
Fall 2017,green,1,time_period_08,place-bland,857,575,82,10,7,341
Fall 2017,green,1,time_period_08,place-bndhl,94,39,82,1,0,50
Fall 2017,green,1,time_period_09,place-buwst,237,34,82,3,0,32
Fall 2017,green,1,time_period_08,place-hsmnl,1035,0,82,13,0,13
Fall 2017,green,1,time_period_09,place-bvmnl,162,134,82,2,2,10
Fall 2017,green,1,time_period_08,place-hwsst,150,57,82,2,1,128
Fall 2017,green,1,time_period_09,place-chhil,213,4,82,3,0,8
Fall 2017,green,1,time_period_09,place-chill,80,0,82,1,0,2
Fall 2017,green,1,time_period_08,place-hymnl,29261,8766,82,357,107,1604
Fall 2017,green,1,time_period_09,place-chswk,68,8,82,1,0,2
Fall 2017,green,1,time_period_08,place-kencl,55931,7913,82,682,97,1354
Fall 2017,green,1,time_period_09,place-clmnl,49,0,82,1,0,1
Fall 2017,green,1,time_period_08,place-kntst,311,103,82,4,1,126
Fall 2017,green,1,time_period_09,place-coecl,6545,2073,82,80,25,296
Fall 2017,green,1,time_period_08,place-lake,1340,0,82,16,0,16
Fall 2017,green,1,time_period_09,place-cool,319,50,82,4,1,7
Fall 2017,green,1,time_period_08,place-lech,0,12818,82,0,156,0
Fall 2017,green,1,time_period_09,place-denrd,13,2,82,0,0,1
Fall 2017,green,1,time_period_08,place-lngmd,5802,206,82,71,3,168
Fall 2017,green,1,time_period_09,place-eliot,27,2,82,0,0,2
Fall 2017,green,1,time_period_08,place-longw,2285,308,82,28,4,221
Fall 2017,green,1,time_period_09,place-engav,15,11,82,0,0,1
Fall 2017,green,1,time_period_09,place-fbkst,40,0,82,0,0,4
Fall 2017,green,1,time_period_08,place-mfa,3299,152,82,40,2,206
Fall 2017,green,1,time_period_09,place-fenwd,133,7,82,2,0,4
Fall 2017,green,1,time_period_08,place-mispk,586,70,82,7,1,25
Fall 2017,green,1,time_period_09,place-fenwy,685,30,82,8,0,19
Fall 2017,green,1,time_period_06,place-woodl,12098,194,82,148,2,578
Fall 2017,green,1,time_period_08,place-newtn,2215,38,82,27,0,85
Fall 2017,green,1,time_period_06,place-wrnst,8572,1796,82,105,22,464
Fall 2017,green,1,time_period_08,place-newto,3738,82,82,46,1,130
Fall 2017,green,1,time_period_07,place-alsgr,4979,1431,82,61,17,342
Fall 2017,green,1,time_period_08,place-north,3156,24706,82,38,301,175
Fall 2017,green,1,time_period_07,place-armnl,89365,31211,82,1090,381,7947
Fall 2017,green,1,time_period_08,place-nuniv,4369,497,82,53,6,254
Fall 2017,green,1,time_period_08,place-pktrm,67027,97963,82,817,1195,2399
Fall 2017,green,1,time_period_08,place-plsgr,4867,209,82,59,3,266
Fall 2017,green,1,time_period_08,place-prmnl,12621,923,82,154,11,516
Fall 2017,green,1,time_period_08,place-river,575,0,82,7,0,7
Fall 2017,green,1,time_period_08,place-rsmnl,2415,1741,82,29,21,186
Fall 2017,green,1,time_period_08,place-rvrwy,424,39,82,5,0,19
Fall 2017,green,1,time_period_08,place-smary,2731,233,82,33,3,158
Fall 2017,green,1,time_period_08,place-sougr,270,757,82,3,9,10
Fall 2017,green,1,time_period_08,place-spmnl,222,1715,82,3,21,156
Fall 2017,green,1,time_period_08,place-sthld,796,111,82,10,1,43
Fall 2017,green,1,time_period_08,place-stplb,2244,236,82,27,3,291
Fall 2017,green,1,time_period_09,place-gover,849,24885,82,10,303,130
Fall 2017,green,1,time_period_09,place-grigg,79,25,82,1,0,7
Fall 2017,green,1,time_period_09,place-haecl,369,6058,82,4,74,60
Fall 2017,green,1,time_period_09,place-harvd,780,80,82,10,1,16
Fall 2017,green,1,time_period_09,place-hsmnl,44,0,82,1,0,1
Fall 2017,green,1,time_period_09,place-hwsst,12,0,82,0,0,8
Fall 2017,green,1,time_period_09,place-hymnl,4555,916,82,56,11,178
Fall 2017,green,1,time_period_09,place-kencl,6399,884,82,78,11,133
Fall 2017,green,1,time_period_09,place-kntst,5,4,82,0,0,8
Fall 2017,green,1,time_period_09,place-lake,86,0,82,1,0,1
Fall 2017,green,1,time_period_09,place-lech,0,2271,82,0,28,0
Fall 2017,green,1,time_period_09,place-lngmd,573,27,82,7,0,17
Fall 2017,green,1,time_period_09,place-longw,100,30,82,1,0,11
Fall 2017,green,1,time_period_09,place-mfa,416,25,82,5,0,22
Fall 2017,green,1,time_period_07,place-babck,8806,1585,82,107,19,711
Fall 2017,green,1,time_period_07,place-bckhl,700,52,82,9,1,39
Fall 2017,green,1,time_period_07,place-bcnfd,4416,2111,82,54,26,751
Fall 2017,green,1,time_period_07,place-bcnwa,6061,335,82,74,4,193
Fall 2017,green,1,time_period_07,place-bland,7194,2519,82,88,31,1155
Fall 2017,green,1,time_period_07,place-bndhl,1003,227,82,12,3,223
Fall 2017,green,1,time_period_07,place-boyls,51983,59437,82,634,725,7856
Fall 2017,green,1,time_period_07,place-brico,11514,3447,82,140,42,623
Fall 2017,green,1,time_period_07,place-brkhl,6386,1456,82,78,18,811
Fall 2017,green,1,time_period_07,place-brmnl,22077,403,82,269,5,383
Fall 2017,green,1,time_period_07,place-bucen,11802,3402,82,144,41,1026
Fall 2017,green,1,time_period_07,place-buest,8957,2991,82,109,36,1098
Fall 2017,green,1,time_period_07,place-buwst,7502,1361,82,91,17,923
Fall 2017,green,1,time_period_07,place-bvmnl,12328,7446,82,150,91,870
Fall 2017,green,1,time_period_07,place-chhil,10907,630,82,133,8,662
Fall 2017,green,1,time_period_07,place-chill,4336,205,82,53,3,114
Fall 2017,green,1,time_period_07,place-chswk,3322,481,82,41,6,148
Fall 2017,green,1,time_period_07,place-clmnl,5407,0,82,66,0,66
Fall 2017,green,1,time_period_07,place-coecl,161985,81282,82,1975,991,7238
Fall 2017,green,1,time_period_07,place-cool,20344,3339,82,248,41,466
Fall 2017,green,1,time_period_07,place-denrd,2000,224,82,24,3,77
Fall 2017,green,1,time_period_07,place-eliot,3380,119,82,41,1,279
Fall 2017,orange,0,time_period_08,place-rugg,8498,31294,82,104,382,1540
Fall 2017,orange,0,time_period_06,place-dwnxg,327285,227788,82,3991,2778,9954
Fall 2017,orange,0,time_period_03,place-rugg,12985,127321,82,158,1553,1727
Fall 2017,orange,0,time_period_01,place-dwnxg,5235,30553,82,64,373,607
Fall 2017,orange,0,time_period_03,place-sbmnl,3292,13865,82,40,169,1061
Fall 2017,orange,0,time_period_06,place-forhl,0,373761,82,0,4558,0
Fall 2017,orange,0,time_period_08,place-sbmnl,521,18257,82,6,223,894
Fall 2017,orange,0,time_period_01,place-forhl,0,10901,82,0,133,0
Fall 2017,orange,0,time_period_03,place-state,174121,187257,82,2123,2284,12218
Fall 2017,orange,0,time_period_06,place-grnst,5212,102980,82,64,1256,4558
Fall 2017,orange,0,time_period_03,place-sull,164287,19548,82,2004,238,12225
Fall 2017,orange,0,time_period_08,place-state,26822,14133,82,327,172,1229
Fall 2017,orange,0,time_period_01,place-grnst,97,925,82,1,11,133
Fall 2017,orange,0,time_period_06,place-haecl,104267,38873,82,1272,474,6638
Fall 2017,orange,0,time_period_01,place-haecl,6607,6300,82,81,77,887
Fall 2017,orange,0,time_period_03,place-tumnl,13580,116192,82,166,1417,6955
Fall 2017,orange,0,time_period_06,place-jaksn,13196,118375,82,161,1444,7070
Fall 2017,orange,0,time_period_03,place-welln,217202,4702,82,2649,57,10165
Fall 2017,orange,0,time_period_08,place-sull,11666,2137,82,142,26,426
Fall 2017,orange,0,time_period_01,place-jaksn,690,2186,82,8,27,149
Fall 2017,orange,0,time_period_06,place-masta,56059,90893,82,684,1108,9526
Fall 2017,orange,0,time_period_08,place-tumnl,8395,5512,82,102,67,1635
Fall 2017,orange,0,time_period_04,place-astao,40497,9812,82,494,120,6865
Fall 2017,orange,0,time_period_01,place-masta,478,3754,82,6,46,300
Fall 2017,orange,0,time_period_04,place-bbsta,49540,185832,82,604,2266,5509
Fall 2017,orange,0,time_period_08,place-welln,6369,526,82,78,6,226
Fall 2017,orange,0,time_period_01,place-mlmnl,32962,294,82,402,4,499
Fall 2017,orange,0,time_period_09,place-astao,957,67,82,12,1,36
Fall 2017,orange,0,time_period_04,place-ccmnl,92006,48636,82,1122,593,9084
Fall 2017,orange,0,time_period_01,place-north,955,13596,82,12,166,883
Fall 2017,orange,0,time_period_09,place-bbsta,4109,1314,82,50,16,249
Fall 2017,orange,0,time_period_06,place-mlmnl,83705,3260,82,1021,40,1457
Fall 2017,orange,0,time_period_04,place-chncl,30388,96147,82,371,1173,7874
Fall 2017,orange,0,time_period_09,place-ccmnl,558,126,82,7,2,59
Fall 2017,orange,0,time_period_01,place-ogmnl,8225,0,82,100,0,100
Fall 2017,orange,0,time_period_06,place-north,135895,55192,82,1657,673,5841
Fall 2017,orange,0,time_period_01,place-rcmnl,237,2616,82,3,32,167
Fall 2017,orange,0,time_period_09,place-chncl,1933,210,82,24,3,203
Fall 2017,orange,0,time_period_04,place-dwnxg,210279,326352,82,2564,3980,8676
Fall 2017,orange,0,time_period_01,place-rugg,364,8872,82,4,108,196
Fall 2017,orange,0,time_period_09,place-dwnxg,6403,2338,82,78,29,182
Fall 2017,orange,0,time_period_06,place-ogmnl,39066,0,82,476,0,476
Fall 2017,orange,0,time_period_04,place-forhl,0,132201,82,0,1612,0
Fall 2017,orange,0,time_period_01,place-sbmnl,241,721,82,3,9,143
Fall 2017,orange,0,time_period_09,place-forhl,0,4612,82,0,56,0
Fall 2017,orange,0,time_period_06,place-rcmnl,32868,73142,82,401,892,8352
Fall 2017,orange,0,time_period_04,place-grnst,3648,31613,82,44,386,1612
Fall 2017,orange,0,time_period_01,place-state,15133,12723,82,185,155,916
Fall 2017,orange,0,time_period_09,place-grnst,21,2448,82,0,30,56
Fall 2017,orange,0,time_period_06,place-rugg,72146,128076,82,880,1562,8843
Fall 2017,orange,0,time_period_04,place-haecl,82494,70941,82,1006,865,9586
Fall 2017,orange,0,time_period_01,place-sull,29068,1766,82,354,22,1035
Fall 2017,orange,0,time_period_09,place-haecl,1875,735,82,23,9,103
Fall 2017,orange,0,time_period_09,place-jaksn,266,5267,82,3,64,129
Fall 2017,orange,0,time_period_09,place-masta,2991,1898,82,36,23,262
Fall 2017,orange,0,time_period_09,place-mlmnl,1139,19,82,14,0,17
Fall 2017,orange,0,time_period_09,place-north,2709,255,82,33,3,89
Fall 2017,orange,0,time_period_09,place-ogmnl,291,0,82,4,0,4
Fall 2017,orange,0,time_period_09,place-rcmnl,444,2275,82,5,28,190
Fall 2017,orange,0,time_period_09,place-rugg,1615,5663,82,20,69,213
Fall 2017,orange,0,time_period_09,place-sbmnl,100,3661,82,1,45,86
Fall 2017,orange,0,time_period_09,place-state,4710,2326,82,57,28,132
Fall 2017,orange,0,time_period_09,place-sull,1705,240,82,21,3,54
Fall 2017,orange,0,time_period_09,place-tumnl,1565,608,82,19,7,215
Fall 2017,orange,0,time_period_09,place-welln,763,92,82,9,1,25
Fall 2017,orange,0,time_period_10,place-astao,29409,7514,16,1838,470,12278
Fall 2017,orange,0,time_period_10,place-bbsta,32357,69056,16,2022,4316,13397
Fall 2017,orange,0,time_period_10,place-ccmnl,22830,12329,16,1427,771,17611
Fall 2017,orange,0,time_period_10,place-chncl,20135,35765,16,1258,2235,16758
Fall 2017,orange,0,time_period_10,place-dwnxg,88064,107888,16,5504,6743,17735
Fall 2017,orange,0,time_period_10,place-forhl,0,48221,16,0,3014,0
Fall 2017,orange,0,time_period_10,place-grnst,600,17039,16,38,1065,3014
Fall 2017,orange,0,time_period_10,place-haecl,41151,44917,16,2572,2807,17283
Fall 2017,orange,0,time_period_10,place-jaksn,4116,27068,16,257,1692,5240
Fall 2017,orange,0,time_period_10,place-masta,15369,39271,16,961,2454,11903
Fall 2017,orange,0,time_period_10,place-mlmnl,84826,3803,16,5302,238,7711
Fall 2017,orange,0,time_period_10,place-north,34448,35935,16,2153,2246,17518
Fall 2017,orange,0,time_period_10,place-ogmnl,42354,0,16,2647,0,2647
Fall 2017,orange,0,time_period_10,place-rcmnl,4216,15902,16,264,994,6675
Fall 2017,orange,0,time_period_10,place-rugg,10200,82176,16,638,5136,7405
Fall 2017,orange,0,time_period_10,place-sbmnl,1053,20234,16,66,1265,4041
Fall 2017,orange,0,time_period_10,place-state,68407,41347,16,4275,2584,18974
Fall 2017,orange,0,time_period_10,place-sull,83796,8967,16,5237,560,16955
Fall 2017,orange,0,time_period_10,place-tumnl,12903,29979,16,806,1874,15691
Fall 2017,orange,0,time_period_10,place-welln,53875,2700,16,3367,169,10910
Fall 2017,orange,0,time_period_11,place-astao,22436,6025,17,1320,354,8609
Fall 2017,orange,0,time_period_11,place-bbsta,27433,52834,17,1614,3108,10439
Fall 2017,orange,0,time_period_11,place-ccmnl,16686,9148,17,982,538,12233
Fall 2017,orange,0,time_period_11,place-chncl,17300,29553,17,1018,1738,12712
Fall 2017,orange,0,time_period_01,place-tumnl,725,7697,82,9,94,473
Fall 2017,orange,0,time_period_04,place-jaksn,11576,56107,82,141,684,2322
Fall 2017,orange,0,time_period_06,place-sbmnl,4034,112218,82,49,1369,5750
Fall 2017,orange,0,time_period_04,place-masta,24096,83742,82,294,1021,4782
Fall 2017,orange,0,time_period_01,place-welln,16595,717,82,202,9,692
Fall 2017,orange,0,time_period_06,place-state,235841,63483,82,2876,774,8740
Fall 2017,orange,0,time_period_04,place-mlmnl,293410,14056,82,3578,171,4774
Fall 2017,orange,0,time_period_02,place-astao,4793,3583,82,58,44,2771
Fall 2017,orange,0,time_period_06,place-sull,105386,14485,82,1285,177,4167
Fall 2017,orange,0,time_period_04,place-north,101480,71797,82,1238,876,9446
Fall 2017,orange,0,time_period_02,place-bbsta,6766,54921,82,83,670,1431
Fall 2017,orange,0,time_period_06,place-tumnl,58933,41861,82,719,511,10331
Fall 2017,orange,0,time_period_04,place-ogmnl,112082,0,82,1367,0,1367
Fall 2017,orange,0,time_period_02,place-ccmnl,10519,9276,82,128,113,3307
Fall 2017,orange,0,time_period_06,place-welln,65643,3626,82,801,44,2214
Fall 2017,orange,0,time_period_04,place-rcmnl,16394,44795,82,200,546,2865
Fall 2017,orange,0,time_period_02,place-chncl,2073,17533,82,25,214,2446
Fall 2017,orange,0,time_period_07,place-astao,28853,3006,82,352,37,1381
Fall 2017,orange,0,time_period_07,place-bbsta,84071,57591,82,1025,702,5779
Fall 2017,orange,0,time_period_07,place-ccmnl,45073,5067,82,550,62,2354
Fall 2017,orange,0,time_period_07,place-chncl,37266,14606,82,454,178,5364
Fall 2017,orange,0,time_period_07,place-dwnxg,200283,105039,82,2442,1281,5088
Fall 2017,orange,0,time_period_07,place-forhl,0,197551,82,0,2409,0
Fall 2017,orange,0,time_period_07,place-grnst,1691,62960,82,21,768,2409
Fall 2017,orange,0,time_period_07,place-haecl,54172,18833,82,661,230,3143
Fall 2017,orange,0,time_period_07,place-jaksn,8557,77867,82,104,950,4005
Fall 2017,orange,0,time_period_07,place-masta,38894,49508,82,474,604,5650
Fall 2017,orange,0,time_period_07,place-mlmnl,45088,3459,82,550,42,750
Fall 2017,orange,0,time_period_07,place-north,57070,27756,82,696,338,2712
Fall 2017,orange,0,time_period_07,place-ogmnl,19887,0,82,243,0,243
Fall 2017,orange,0,time_period_07,place-rcmnl,16248,44099,82,198,538,4850
Fall 2017,orange,0,time_period_07,place-rugg,37483,75222,82,457,917,5190
Fall 2017,orange,0,time_period_07,place-sbmnl,2745,72315,82,33,882,3156
Fall 2017,orange,0,time_period_07,place-state,98434,34193,82,1200,417,3926
Fall 2017,orange,0,time_period_07,place-sull,47354,7549,82,577,92,1867
Fall 2017,orange,0,time_period_07,place-tumnl,27493,19933,82,335,243,5456
Fall 2017,orange,0,time_period_07,place-welln,28314,2421,82,345,30,1066
Fall 2017,orange,0,time_period_08,place-astao,7158,298,82,87,4,310
Fall 2017,orange,0,time_period_08,place-bbsta,24319,13719,82,297,167,1764
Fall 2017,orange,0,time_period_08,place-ccmnl,7115,892,82,87,11,502
Fall 2017,orange,0,time_period_08,place-chncl,12320,3119,82,150,38,1600
Fall 2017,orange,0,time_period_08,place-dwnxg,51961,30759,82,634,375,1488
Fall 2017,orange,0,time_period_08,place-forhl,0,59510,82,0,726,0
Fall 2017,orange,0,time_period_08,place-grnst,380,14180,82,5,173,726
Fall 2017,orange,0,time_period_08,place-haecl,15854,5584,82,193,68,1075
Fall 2017,orange,0,time_period_08,place-jaksn,1858,27853,82,23,340,1110
Fall 2017,orange,0,time_period_08,place-masta,15954,11588,82,195,141,1818
Fall 2017,orange,0,time_period_08,place-mlmnl,9966,252,82,122,3,155
Fall 2017,orange,0,time_period_08,place-north,39133,2440,82,477,30,949
Fall 2017,orange,0,time_period_08,place-ogmnl,2981,0,82,36,0,36
Fall 2017,orange,0,time_period_08,place-rcmnl,2761,11978,82,34,146,1427
Fall 2017,orange,0,time_period_04,place-rugg,23138,151896,82,282,1852,3212
Fall 2017,orange,0,time_period_02,place-dwnxg,29584,104855,82,361,1279,2634
Fall 2017,orange,0,time_period_04,place-sbmnl,3488,33742,82,43,411,1953
Fall 2017,orange,0,time_period_04,place-state,162634,121240,82,1983,1479,10091
Fall 2017,orange,0,time_period_02,place-forhl,0,34335,82,0,419,0
Fall 2017,orange,0,time_period_04,place-sull,154145,15552,82,1880,190,8555
Fall 2017,orange,0,time_period_02,place-grnst,626,5122,82,8,62,419
Fall 2017,orange,0,time_period_04,place-tumnl,28233,85836,82,344,1047,7171
Fall 2017,orange,0,time_period_02,place-haecl,20002,21943,82,244,268,3122
Fall 2017,orange,0,time_period_04,place-welln,147265,6493,82,1796,79,6490
Fall 2017,orange,0,time_period_02,place-jaksn,4688,7779,82,57,95,494
Fall 2017,orange,0,time_period_05,place-astao,38657,5489,82,471,67,2600
Fall 2017,orange,0,time_period_02,place-masta,3852,14050,82,47,171,1306
Fall 2017,orange,0,time_period_05,place-bbsta,65915,101820,82,804,1242,5290
Fall 2017,orange,0,time_period_02,place-mlmnl,84361,359,82,1029,4,2127
Fall 2017,orange,0,time_period_05,place-ccmnl,74692,18964,82,911,231,4236
Fall 2017,orange,0,time_period_05,place-chncl,27269,32321,82,333,394,5897
Fall 2017,orange,0,time_period_02,place-north,25098,38349,82,306,468,3146
Fall 2017,orange,0,time_period_05,place-dwnxg,185377,174390,82,2261,2127,5959
Fall 2017,orange,0,time_period_02,place-ogmnl,90419,0,82,1103,0,1103
Fall 2017,orange,0,time_period_05,place-forhl,0,208083,82,0,2538,0
Fall 2017,orange,0,time_period_02,place-rcmnl,2168,19088,82,26,233,532
Fall 2017,orange,0,time_period_01,place-astao,1445,645,82,18,8,702
Fall 2017,orange,0,time_period_01,place-bbsta,756,11686,82,9,143,340
Fall 2017,orange,0,time_period_01,place-ccmnl,2379,2197,82,29,27,1037
Fall 2017,orange,0,time_period_01,place-chncl,549,4592,82,7,56,558
Fall 2017,orange,0,time_period_05,place-grnst,4753,37507,82,58,457,2538
Fall 2017,orange,0,time_period_05,place-haecl,67631,37069,82,825,452,4993
Fall 2017,orange,0,time_period_05,place-jaksn,10347,73747,82,126,899,3435
Fall 2017,orange,0,time_period_05,place-masta,27824,51284,82,339,625,5004
Fall 2017,orange,0,time_period_02,place-rugg,6108,52704,82,74,643,738
Fall 2017,orange,0,time_period_05,place-mlmnl,100967,1837,82,1231,22,1630
Fall 2017,orange,0,time_period_05,place-north,59930,28365,82,731,346,4621
Fall 2017,orange,0,time_period_05,place-ogmnl,34518,0,82,421,0,421
Fall 2017,orange,0,time_period_02,place-sbmnl,1228,2902,82,15,35,474
Fall 2017,orange,0,time_period_05,place-rcmnl,33867,40819,82,413,498,4208
Fall 2017,orange,0,time_period_02,place-state,74225,38937,82,905,475,3552
Fall 2017,orange,0,time_period_02,place-sull,49864,7111,82,608,87,3292
Fall 2017,orange,0,time_period_05,place-rugg,43079,101407,82,525,1237,4293
Fall 2017,orange,0,time_period_02,place-tumnl,3618,38700,82,44,472,2018
Fall 2017,orange,0,time_period_05,place-sbmnl,3114,43945,82,38,536,2937
Fall 2017,orange,0,time_period_02,place-welln,53137,1581,82,648,19,2756
Fall 2017,orange,0,time_period_03,place-astao,35801,11617,82,437,142,10460
Fall 2017,orange,0,time_period_05,place-state,130717,62524,82,1594,762,5825
Fall 2017,orange,0,time_period_03,place-bbsta,27367,296177,82,334,3612,3676
Fall 2017,orange,0,time_period_03,place-ccmnl,43744,44377,82,533,541,12217
Fall 2017,orange,0,time_period_03,place-chncl,8785,79863,82,107,974,8206
Fall 2017,orange,0,time_period_03,place-dwnxg,147056,404996,82,1793,4939,9073
Fall 2017,orange,0,time_period_03,place-forhl,0,72861,82,0,889,0
Fall 2017,orange,0,time_period_03,place-grnst,1997,16111,82,24,196,889
Fall 2017,orange,0,time_period_03,place-haecl,50443,84038,82,615,1025,12379
Fall 2017,orange,0,time_period_03,place-jaksn,12305,24456,82,150,298,1190
Fall 2017,orange,0,time_period_03,place-masta,12226,57722,82,149,704,3122
Fall 2017,orange,0,time_period_03,place-mlmnl,368627,4883,82,4495,60,7574
Fall 2017,orange,0,time_period_03,place-north,157674,110867,82,1923,1352,12788
Fall 2017,orange,0,time_period_03,place-ogmnl,257299,0,82,3138,0,3138
Fall 2017,orange,0,time_period_03,place-rcmnl,7798,39735,82,95,485,1338
Fall 2017,orange,0,time_period_05,place-sull,88521,10156,82,1080,124,3556
Fall 2017,orange,0,time_period_05,place-tumnl,33039,46900,82,403,572,5728
Fall 2017,orange,0,time_period_05,place-welln,49629,3219,82,605,39,2196
Fall 2017,orange,0,time_period_06,place-astao,74790,5518,82,912,67,3059
Fall 2017,orange,0,time_period_06,place-bbsta,127288,158534,82,1552,1933,9950
Fall 2017,orange,0,time_period_06,place-ccmnl,70353,13812,82,858,168,4857
Fall 2017,orange,0,time_period_06,place-chncl,46475,32565,82,567,397,10123
Fall 2017,orange,0,time_period_11,place-dwnxg,71782,80418,17,4222,4730,13433
Fall 2017,orange,0,time_period_11,place-forhl,0,48635,17,0,2861,0
Fall 2017,orange,0,time_period_11,place-grnst,761,14006,17,45,824,2861
Fall 2017,orange,0,time_period_11,place-haecl,27334,26852,17,1608,1580,12422
Fall 2017,orange,0,time_period_11,place-jaksn,3787,23045,17,223,1356,4495
Fall 2017,orange,0,time_period_11,place-masta,13782,35291,17,811,2076,9174
Fall 2017,orange,0,time_period_11,place-mlmnl,66656,2976,17,3921,175,5573
Fall 2017,orange,0,time_period_11,place-north,28664,25946,17,1686,1526,12393
Fall 2017,orange,0,time_period_11,place-ogmnl,31063,0,17,1827,0,1827
Fall 2017,orange,0,time_period_11,place-rcmnl,3766,12949,17,222,762,5627
Fall 2017,orange,0,time_period_11,place-rugg,9171,60283,17,539,3546,6168
Fall 2017,orange,0,time_period_11,place-sbmnl,1069,15598,17,63,918,3640
Fall 2017,orange,0,time_period_11,place-state,57536,31707,17,3384,1865,13941
Fall 2017,orange,0,time_period_11,place-sull,60369,6300,17,3551,371,11790
Fall 2017,orange,0,time_period_11,place-tumnl,11441,24678,17,673,1452,11934
Fall 2017,orange,0,time_period_11,place-welln,37509,2303,17,2206,135,7644
Fall 2017,orange,1,time_period_07,place-rugg,93208,12997,82,1137,159,2512
Fall 2017,orange,1,time_period_07,place-sbmnl,15936,2610,82,194,32,1093
Fall 2017,orange,1,time_period_07,place-state,82432,101029,82,1005,1232,6518
Fall 2017,orange,1,time_period_07,place-sull,14801,118898,82,181,1450,5475
Fall 2017,orange,1,time_period_07,place-tumnl,45758,9847,82,558,120,4728
Fall 2017,orange,1,time_period_07,place-welln,4273,111243,82,52,1357,3871
Fall 2017,orange,1,time_period_08,place-astao,2272,9100,82,28,111,1606
Fall 2017,orange,1,time_period_05,place-dwnxg,231849,182189,82,2827,2222,7023
Fall 2017,orange,1,time_period_10,place-dwnxg,127514,103809,16,7970,6488,21179
Fall 2017,orange,1,time_period_08,place-bbsta,38187,3643,82,466,44,1115
Fall 2017,orange,1,time_period_08,place-ccmnl,2896,10299,82,35,126,2310
Fall 2017,orange,1,time_period_08,place-chncl,26996,2058,82,329,25,1573
Fall 2017,orange,1,time_period_08,place-dwnxg,68857,25767,82,840,314,2098
Fall 2017,orange,1,time_period_08,place-forhl,18747,0,82,229,0,229
Fall 2017,orange,1,time_period_08,place-grnst,3654,412,82,45,5,268
Fall 2017,orange,1,time_period_08,place-haecl,26604,16013,82,324,195,1906
Fall 2017,orange,1,time_period_08,place-jaksn,6341,1856,82,77,23,350
Fall 2017,orange,1,time_period_08,place-masta,14407,3153,82,176,38,693
Fall 2017,orange,1,time_period_08,place-mlmnl,817,67784,82,10,827,382
Fall 2017,orange,1,time_period_08,place-north,49245,8700,82,601,106,2400
Fall 2017,orange,1,time_period_08,place-ogmnl,0,31360,82,0,382,0
Fall 2017,orange,1,time_period_08,place-rcmnl,4545,1453,82,55,18,388
Fall 2017,orange,1,time_period_08,place-rugg,16605,2827,82,203,34,556
Fall 2017,orange,1,time_period_08,place-sbmnl,2826,576,82,34,7,296
Fall 2017,orange,1,time_period_08,place-state,21818,48196,82,266,588,1776
Fall 2017,orange,1,time_period_08,place-sull,4419,55337,82,54,675,1689
Fall 2017,orange,1,time_period_08,place-tumnl,14808,2179,82,181,27,1269
Fall 2017,orange,1,time_period_08,place-welln,1144,34475,82,14,420,1199
Fall 2017,orange,1,time_period_09,place-astao,332,1291,82,4,16,219
Fall 2017,orange,1,time_period_09,place-bbsta,5892,296,82,72,4,155
Fall 2017,orange,1,time_period_09,place-ccmnl,322,1166,82,4,14,315
Fall 2017,orange,1,time_period_09,place-chncl,3597,240,82,44,3,225
Fall 2017,orange,1,time_period_09,place-dwnxg,10145,3108,82,124,38,311
Fall 2017,orange,1,time_period_09,place-forhl,2134,0,82,26,0,26
Fall 2017,orange,1,time_period_09,place-grnst,388,82,82,5,1,30
Fall 2017,orange,1,time_period_09,place-haecl,4123,2503,82,50,31,276
Fall 2017,orange,1,time_period_09,place-jaksn,835,277,82,10,3,43
Fall 2017,orange,1,time_period_09,place-masta,2047,397,82,25,5,86
Fall 2017,orange,1,time_period_09,place-mlmnl,55,11475,82,1,140,26
Fall 2017,orange,1,time_period_02,place-rugg,24178,17769,82,295,217,2566
Fall 2017,orange,1,time_period_09,place-north,4983,920,82,61,11,326
Fall 2017,orange,1,time_period_09,place-ogmnl,0,2141,82,0,26,0
Fall 2017,orange,1,time_period_09,place-rcmnl,567,154,82,7,2,48
Fall 2017,orange,1,time_period_09,place-rugg,1973,450,82,24,5,66
Fall 2017,orange,1,time_period_09,place-sbmnl,582,87,82,7,1,36
Fall 2017,orange,1,time_period_09,place-state,4123,8615,82,50,105,256
Fall 2017,orange,1,time_period_09,place-sull,1040,7998,82,13,98,230
Fall 2017,orange,1,time_period_09,place-tumnl,2687,256,82,33,3,184
Fall 2017,orange,1,time_period_09,place-welln,245,4616,82,3,56,165
Fall 2017,orange,1,time_period_10,place-astao,6651,36834,16,416,2302,10498
Fall 2017,orange,1,time_period_10,place-bbsta,68998,38963,16,4312,2435,17166
Fall 2017,orange,1,time_period_10,place-ccmnl,6583,39766,16,411,2485,17024
Fall 2017,orange,1,time_period_10,place-chncl,49094,22457,16,3068,1404,19697
Fall 2017,orange,1,time_period_05,place-forhl,134593,0,82,1641,0,1641
Fall 2017,orange,1,time_period_02,place-sbmnl,15963,915,82,195,11,2225
Fall 2017,orange,1,time_period_10,place-forhl,71161,0,16,4448,0,4448
Fall 2017,orange,1,time_period_02,place-state,25579,45295,82,312,552,1645
Fall 2017,orange,1,time_period_10,place-grnst,18084,2788,16,1130,174,5404
Fall 2017,orange,1,time_period_05,place-grnst,29334,4056,82,358,49,1950
Fall 2017,orange,1,time_period_02,place-sull,4443,29087,82,54,355,528
Fall 2017,orange,1,time_period_10,place-haecl,53260,57684,16,3329,3605,18460
Fall 2017,orange,1,time_period_05,place-haecl,53656,71429,82,654,871,6024
Fall 2017,orange,1,time_period_02,place-tumnl,6220,17035,82,76,208,2320
Fall 2017,orange,1,time_period_10,place-jaksn,27616,4142,16,1726,259,7980
Fall 2017,orange,1,time_period_02,place-welln,1047,11689,82,13,143,209
Fall 2017,orange,1,time_period_03,place-astao,884,64770,82,11,790,1003
Fall 2017,orange,1,time_period_10,place-masta,35975,20662,16,2248,1291,15289
Fall 2017,orange,1,time_period_03,place-bbsta,140544,132731,82,1714,1619,9166
Fall 2017,orange,1,time_period_10,place-mlmnl,1332,90940,16,83,5684,1680
Fall 2017,orange,1,time_period_05,place-jaksn,51848,14066,82,632,172,2682
Fall 2017,orange,1,time_period_03,place-ccmnl,4070,83417,82,50,1017,2495
Fall 2017,orange,1,time_period_05,place-masta,47314,27699,82,577,338,4633
Fall 2017,orange,1,time_period_10,place-north,47970,37768,16,2998,2361,19098
Fall 2017,orange,1,time_period_03,place-chncl,14675,41567,82,179,507,8411
Fall 2017,orange,1,time_period_05,place-mlmnl,1700,150932,82,21,1841,995
Fall 2017,orange,1,time_period_10,place-ogmnl,0,26877,16,0,1680,0
Fall 2017,orange,1,time_period_01,place-astao,54,2714,82,1,33,134
Fall 2017,orange,1,time_period_01,place-bbsta,1891,5241,82,23,64,370
Fall 2017,orange,1,time_period_01,place-ccmnl,140,5040,82,2,61,245
Fall 2017,orange,1,time_period_01,place-chncl,1071,1111,82,13,14,373
Fall 2017,orange,1,time_period_01,place-dwnxg,10130,12817,82,124,156,340
Fall 2017,orange,1,time_period_01,place-forhl,0,0,82,0,0,0
Fall 2017,orange,1,time_period_01,place-grnst,2991,0,82,36,0,36
Fall 2017,orange,1,time_period_01,place-haecl,4353,3319,82,53,40,363
Fall 2017,orange,1,time_period_01,place-jaksn,12795,28,82,156,0,254
Fall 2017,orange,1,time_period_01,place-masta,2608,1282,82,32,16,411
Fall 2017,orange,1,time_period_01,place-mlmnl,38,4806,82,0,59,19
Fall 2017,orange,1,time_period_01,place-north,856,5606,82,10,68,305
Fall 2017,orange,1,time_period_01,place-ogmnl,0,1564,82,0,19,0
Fall 2017,orange,1,time_period_01,place-rcmnl,3449,629,82,42,8,289
Fall 2017,orange,1,time_period_01,place-rugg,9535,869,82,116,11,394
Fall 2017,orange,1,time_period_01,place-sbmnl,5099,2,82,62,0,99
Fall 2017,orange,1,time_period_01,place-state,9042,8209,82,110,100,350
Fall 2017,orange,1,time_period_01,place-sull,2073,8490,82,25,104,167
Fall 2017,orange,1,time_period_01,place-tumnl,2043,1770,82,25,22,373
Fall 2017,orange,1,time_period_01,place-welln,259,4930,82,3,60,77
Fall 2017,orange,1,time_period_02,place-astao,205,15782,82,3,192,338
Fall 2017,orange,1,time_period_02,place-bbsta,25947,32817,82,316,400,2452
Fall 2017,orange,1,time_period_02,place-ccmnl,469,29665,82,6,362,829
Fall 2017,orange,1,time_period_02,place-chncl,3511,6452,82,43,79,2284
Fall 2017,orange,1,time_period_02,place-dwnxg,40332,73026,82,492,891,1885
Fall 2017,orange,1,time_period_02,place-forhl,152520,0,82,1860,0,1860
Fall 2017,orange,1,time_period_02,place-grnst,16086,1226,82,196,15,2041
Fall 2017,orange,1,time_period_02,place-haecl,8333,21022,82,102,256,1490
Fall 2017,orange,1,time_period_02,place-jaksn,32250,2267,82,393,28,2590
Fall 2017,orange,1,time_period_02,place-masta,10175,12692,82,124,155,2535
Fall 2017,orange,1,time_period_02,place-mlmnl,195,12563,82,2,153,58
Fall 2017,orange,1,time_period_02,place-north,5638,30659,82,69,374,1185
Fall 2017,orange,1,time_period_02,place-ogmnl,0,4735,82,0,58,0
Fall 2017,orange,1,time_period_02,place-rcmnl,9415,17810,82,115,217,2488
Fall 2017,orange,1,time_period_05,place-north,58135,66911,82,709,816,5917
Fall 2017,orange,1,time_period_05,place-ogmnl,0,81586,82,0,995,0
Fall 2017,orange,1,time_period_03,place-dwnxg,153645,277779,82,1874,3388,6897
Fall 2017,orange,1,time_period_05,place-rcmnl,63935,14908,82,780,182,3280
Fall 2017,orange,1,time_period_05,place-rugg,120476,29121,82,1469,355,4394
Fall 2017,orange,1,time_period_03,place-forhl,372413,0,82,4542,0,4542
Fall 2017,orange,1,time_period_05,place-sbmnl,25704,3447,82,313,42,2221
Fall 2017,orange,1,time_period_03,place-grnst,99275,5176,82,1211,63,5689
Fall 2017,orange,1,time_period_05,place-state,90370,154453,82,1102,1884,6241
Fall 2017,orange,1,time_period_03,place-haecl,19154,88021,82,234,1073,4585
Fall 2017,orange,1,time_period_03,place-jaksn,118228,5804,82,1442,71,8386
Fall 2017,orange,1,time_period_05,place-sull,13655,96253,82,167,1174,4246
Fall 2017,orange,1,time_period_03,place-masta,64542,51178,82,787,624,9071
Fall 2017,orange,1,time_period_05,place-tumnl,67528,22199,82,824,271,5920
Fall 2017,orange,1,time_period_05,place-welln,3201,92560,82,39,1129,2815
Fall 2017,orange,1,time_period_06,place-astao,16932,61142,82,206,746,10294
Fall 2017,orange,1,time_period_06,place-bbsta,317744,50956,82,3875,621,8890
Fall 2017,orange,1,time_period_06,place-ccmnl,34846,83006,82,425,1012,12783
Fall 2017,orange,1,time_period_06,place-chncl,97400,31074,82,1188,379,10914
Fall 2017,orange,1,time_period_06,place-dwnxg,464306,245136,82,5662,2989,13587
Fall 2017,orange,1,time_period_06,place-forhl,125039,0,82,1525,0,1525
Fall 2017,orange,1,time_period_06,place-grnst,31606,4391,82,385,54,1857
Fall 2017,orange,1,time_period_06,place-haecl,102520,88737,82,1250,1082,13872
Fall 2017,orange,1,time_period_06,place-jaksn,56564,13576,82,690,166,2701
Fall 2017,orange,1,time_period_06,place-masta,74580,25223,82,910,308,5636
Fall 2017,orange,1,time_period_06,place-mlmnl,2554,381474,82,31,4652,2896
Fall 2017,orange,1,time_period_06,place-north,135489,176633,82,1652,2154,13370
Fall 2017,orange,1,time_period_06,place-ogmnl,0,237510,82,0,2896,0
Fall 2017,orange,1,time_period_06,place-rcmnl,46448,13214,82,566,161,3106
Fall 2017,orange,1,time_period_06,place-rugg,184228,26143,82,2247,319,5034
Fall 2017,orange,1,time_period_06,place-sbmnl,30814,4580,82,376,56,2177
Fall 2017,orange,1,time_period_06,place-state,208606,198983,82,2544,2427,13704
Fall 2017,orange,1,time_period_06,place-sull,25273,185193,82,308,2258,10833
Fall 2017,orange,1,time_period_06,place-tumnl,119274,19611,82,1455,239,10105
Fall 2017,orange,1,time_period_06,place-welln,6210,233853,82,76,2852,7517
Fall 2017,orange,1,time_period_07,place-astao,9116,33617,82,111,410,5176
Fall 2017,orange,1,time_period_07,place-bbsta,140270,18744,82,1711,229,4290
Fall 2017,orange,1,time_period_07,place-ccmnl,20999,38830,82,256,474,6744
Fall 2017,orange,1,time_period_07,place-chncl,69410,16870,82,846,206,5368
Fall 2017,orange,1,time_period_07,place-dwnxg,234479,121576,82,2860,1483,6745
Fall 2017,orange,1,time_period_07,place-forhl,62758,0,82,765,0,765
Fall 2017,orange,1,time_period_07,place-grnst,15728,2161,82,192,26,931
Fall 2017,orange,1,time_period_07,place-haecl,66150,52853,82,807,645,6680
Fall 2017,orange,1,time_period_07,place-jaksn,26938,7174,82,329,87,1334
Fall 2017,orange,1,time_period_10,place-rcmnl,16657,4881,16,1041,305,8716
Fall 2017,orange,1,time_period_07,place-masta,39360,15122,82,480,184,2808
Fall 2017,orange,1,time_period_07,place-mlmnl,2401,228316,82,29,2784,1116
Fall 2017,orange,1,time_period_07,place-north,86192,63131,82,1051,770,6962
Fall 2017,orange,1,time_period_07,place-ogmnl,0,91548,82,0,1116,0
Fall 2017,orange,1,time_period_07,place-rcmnl,22090,5735,82,269,70,1534
Fall 2017,orange,1,time_period_03,place-mlmnl,1302,41062,82,16,501,130
Fall 2017,orange,1,time_period_10,place-rugg,101512,11661,16,6345,729,14332
Fall 2017,orange,1,time_period_03,place-north,30117,122145,82,367,1490,3463
Fall 2017,orange,1,time_period_10,place-sbmnl,19247,1499,16,1203,94,6513
Fall 2017,orange,1,time_period_03,place-ogmnl,0,10669,82,0,130,0
Fall 2017,orange,1,time_period_10,place-state,45317,84389,16,2832,5274,18736
Fall 2017,orange,1,time_period_03,place-rcmnl,64797,41019,82,790,500,8676
Fall 2017,orange,1,time_period_10,place-sull,10870,85103,16,679,5319,12384
Fall 2017,orange,1,time_period_03,place-rugg,77553,58546,82,946,714,8908
Fall 2017,orange,1,time_period_03,place-sbmnl,110957,2256,82,1353,28,7015
Fall 2017,orange,1,time_period_03,place-state,56841,177553,82,693,2165,5425
Fall 2017,orange,1,time_period_03,place-sull,13818,72245,82,169,881,1783
Fall 2017,orange,1,time_period_03,place-tumnl,25026,60049,82,305,732,8739
Fall 2017,orange,1,time_period_03,place-welln,1954,33811,82,24,412,615
Fall 2017,orange,1,time_period_04,place-astao,4171,48650,82,51,593,2410
Fall 2017,orange,1,time_period_04,place-bbsta,122468,98768,82,1494,1204,7847
Fall 2017,orange,1,time_period_04,place-ccmnl,21018,122222,82,256,1491,3740
Fall 2017,orange,1,time_period_04,place-chncl,60527,51202,82,738,624,8154
Fall 2017,orange,1,time_period_04,place-dwnxg,224419,277358,82,2737,3382,7509
Fall 2017,orange,1,time_period_04,place-forhl,268167,0,82,3270,0,3270
Fall 2017,orange,1,time_period_04,place-grnst,70269,5460,82,857,67,4061
Fall 2017,orange,1,time_period_04,place-haecl,44829,105822,82,547,1291,5592
Fall 2017,orange,1,time_period_04,place-jaksn,110088,10651,82,1343,130,6156
Fall 2017,orange,1,time_period_04,place-masta,71623,55908,82,873,682,7558
Fall 2017,orange,1,time_period_04,place-mlmnl,1787,112259,82,22,1369,417
Fall 2017,orange,1,time_period_04,place-north,43035,93772,82,525,1144,4974
Fall 2017,orange,1,time_period_04,place-ogmnl,0,34201,82,0,417,0
Fall 2017,orange,1,time_period_04,place-rcmnl,65883,23405,82,803,285,6674
Fall 2017,orange,1,time_period_04,place-rugg,109764,52996,82,1339,646,7366
Fall 2017,orange,1,time_period_04,place-sbmnl,76297,3948,82,930,48,4943
Fall 2017,orange,1,time_period_04,place-state,74954,171075,82,914,2086,6336
Fall 2017,orange,1,time_period_04,place-sull,15537,80068,82,189,976,2953
Fall 2017,orange,1,time_period_04,place-tumnl,59715,43827,82,728,534,8040
Fall 2017,orange,1,time_period_04,place-welln,3986,56946,82,49,694,1764
Fall 2017,orange,1,time_period_05,place-astao,7387,35400,82,90,432,3905
Fall 2017,orange,1,time_period_05,place-bbsta,111501,51296,82,1360,626,5367
Fall 2017,orange,1,time_period_05,place-ccmnl,18544,72982,82,226,890,5254
Fall 2017,orange,1,time_period_05,place-chncl,65067,24308,82,794,296,6417
Fall 2017,orange,1,time_period_10,place-tumnl,27617,13757,16,1726,860,18032
Fall 2017,orange,1,time_period_10,place-welln,2811,54288,16,176,3393,7280
Fall 2017,orange,1,time_period_11,place-astao,5561,28310,17,327,1665,7734
Fall 2017,orange,1,time_period_11,place-bbsta,52825,29029,17,3107,1708,12163
Fall 2017,orange,1,time_period_11,place-ccmnl,4996,33170,17,294,1951,12425
Fall 2017,orange,1,time_period_11,place-chncl,40284,18293,17,2370,1076,14178
Fall 2017,orange,1,time_period_11,place-dwnxg,100130,77923,17,5890,4584,15485
Fall 2017,orange,1,time_period_11,place-forhl,56849,0,17,3344,0,3344
Fall 2017,orange,1,time_period_11,place-grnst,13461,1310,17,792,77,4059
Fall 2017,orange,1,time_period_11,place-haecl,34797,33646,17,2047,1979,13696
Fall 2017,orange,1,time_period_11,place-jaksn,22945,3536,17,1350,208,5965
Fall 2017,orange,1,time_period_11,place-masta,30287,20094,17,1782,1182,10763
Fall 2017,orange,1,time_period_11,place-mlmnl,1276,72714,17,75,4277,1416
Fall 2017,orange,1,time_period_11,place-north,36119,29553,17,2125,1738,14082
Fall 2017,orange,1,time_period_11,place-ogmnl,0,24077,17,0,1416,0
Fall 2017,orange,1,time_period_11,place-rcmnl,12683,4221,17,746,248,6463
Fall 2017,orange,1,time_period_11,place-rugg,72467,9546,17,4263,562,10164
Fall 2017,orange,1,time_period_11,place-sbmnl,14186,1195,17,834,70,4823
Fall 2017,orange,1,time_period_11,place-state,37437,68999,17,2202,4059,13628
Fall 2017,orange,1,time_period_11,place-sull,7607,64606,17,447,3800,9072
Fall 2017,orange,1,time_period_11,place-tumnl,24251,11980,17,1427,705,12885
Fall 2017,orange,1,time_period_11,place-welln,2296,38256,17,135,2250,5619
Fall 2017,red,0,time_period_03,place-sstat,49104,385071,82,599,4696,4089
Fall 2017,red,0,time_period_03,place-wlsta,5783,7136,82,71,87,1005
Fall 2017,red,0,time_period_04,place-alfcl,205413,0,82,2505,0,2505
Fall 2017,red,0,time_period_04,place-andrw,28783,50911,82,351,621,5602
Fall 2017,red,0,time_period_01,place-pktrm,11852,9738,82,145,119,374
Fall 2017,red,0,time_period_06,place-brntn,0,143268,82,0,1747,0
Fall 2017,red,0,time_period_01,place-portr,6302,412,82,77,5,304
Fall 2017,red,0,time_period_06,place-chmnl,187384,66624,82,2285,812,13503
Fall 2017,red,0,time_period_04,place-asmnl,0,62163,82,0,758,0
Fall 2017,red,0,time_period_06,place-cntsq,174255,62407,82,2125,761,8086
Fall 2017,red,0,time_period_04,place-brdwy,18781,54071,82,229,659,5872
Fall 2017,red,0,time_period_01,place-qamnl,0,2971,82,0,36,30
Fall 2017,red,0,time_period_06,place-davis,100838,19869,82,1230,242,2872
Fall 2017,red,0,time_period_04,place-brntn,0,27549,82,0,336,0
Fall 2017,red,0,time_period_01,place-qnctr,0,4732,82,0,58,66
Fall 2017,red,0,time_period_01,place-shmnl,166,324,82,2,4,75
Fall 2017,red,0,time_period_01,place-smmnl,170,682,82,2,8,53
Fall 2017,red,0,time_period_01,place-sstat,1563,10859,82,19,132,311
Fall 2017,red,0,time_period_01,place-wlsta,4,380,82,0,5,124
Fall 2017,red,0,time_period_02,place-alfcl,77598,0,82,946,0,946
Fall 2017,red,0,time_period_02,place-andrw,8167,14342,82,100,175,827
Fall 2017,red,0,time_period_02,place-asmnl,0,13610,82,0,166,0
Fall 2017,red,0,time_period_02,place-brdwy,4584,13345,82,56,163,902
Fall 2017,red,0,time_period_02,place-brntn,0,7018,82,0,86,0
Fall 2017,red,0,time_period_02,place-chmnl,3632,33437,82,44,408,1577
Fall 2017,red,0,time_period_02,place-cntsq,24952,19152,82,304,234,2163
Fall 2017,red,0,time_period_02,place-davis,43809,514,82,534,6,1474
Fall 2017,red,0,time_period_02,place-dwnxg,42037,36850,82,513,449,1484
Fall 2017,red,0,time_period_02,place-fldcr,2983,5998,82,36,73,202
Fall 2017,red,0,time_period_02,place-harsq,33772,8712,82,412,106,2092
Fall 2017,red,0,time_period_02,place-jfk,6827,17186,82,83,210,350
Fall 2017,red,0,time_period_02,place-knncl,6513,24759,82,79,302,1941
Fall 2017,red,0,time_period_02,place-nqncy,2526,10272,82,31,125,346
Fall 2017,red,0,time_period_02,place-pktrm,30063,42903,82,367,523,1420
Fall 2017,red,0,time_period_02,place-portr,27046,1429,82,330,17,1787
Fall 2017,red,0,time_period_02,place-qamnl,122,7296,82,1,89,86
Fall 2017,red,0,time_period_02,place-qnctr,1509,15162,82,18,185,173
Fall 2017,red,0,time_period_02,place-shmnl,1057,2862,82,13,35,239
Fall 2017,red,0,time_period_02,place-smmnl,347,3284,82,4,40,166
Fall 2017,red,0,time_period_02,place-sstat,8262,47168,82,101,575,1009
Fall 2017,red,0,time_period_02,place-wlsta,1801,2307,82,22,28,340
Fall 2017,red,0,time_period_03,place-alfcl,382728,0,82,4667,0,4667
Fall 2017,red,0,time_period_03,place-andrw,19202,27167,82,234,331,3526
Fall 2017,red,0,time_period_03,place-asmnl,0,37703,82,0,460,0
Fall 2017,red,0,time_period_03,place-brdwy,15978,54183,82,195,661,3623
Fall 2017,red,0,time_period_03,place-brntn,0,15240,82,0,186,0
Fall 2017,red,0,time_period_03,place-chmnl,34611,114608,82,422,1398,12118
Fall 2017,red,0,time_period_03,place-cntsq,210465,117778,82,2567,1436,15039
Fall 2017,red,0,time_period_03,place-davis,388406,3839,82,4737,47,9357
Fall 2017,red,0,time_period_03,place-dwnxg,186271,296397,82,2272,3615,8186
Fall 2017,red,0,time_period_03,place-fldcr,11218,18488,82,137,225,584
Fall 2017,red,0,time_period_03,place-harsq,220528,94359,82,2689,1151,13909
Fall 2017,red,0,time_period_03,place-jfk,23171,122081,82,283,1489,1160
Fall 2017,red,0,time_period_03,place-knncl,58931,218512,82,719,2665,13093
Fall 2017,red,0,time_period_03,place-nqncy,7251,52829,82,88,644,1022
Fall 2017,red,0,time_period_03,place-pktrm,128689,340979,82,1569,4158,9529
Fall 2017,red,0,time_period_03,place-portr,257293,10222,82,3138,125,12370
Fall 2017,red,0,time_period_03,place-qamnl,550,20442,82,7,249,186
Fall 2017,red,0,time_period_03,place-qnctr,5502,52797,82,67,644,428
Fall 2017,red,0,time_period_03,place-shmnl,2923,8600,82,36,105,673
Fall 2017,red,0,time_period_03,place-smmnl,1234,11408,82,15,139,460
Fall 2017,red,0,time_period_06,place-dwnxg,452105,282605,82,5513,3446,17773
Fall 2017,red,0,time_period_04,place-chmnl,67711,88732,82,826,1082,9544
Fall 2017,red,0,time_period_06,place-fldcr,15414,108986,82,188,1329,3937
Fall 2017,red,0,time_period_04,place-cntsq,207775,90354,82,2534,1102,11094
Fall 2017,red,0,time_period_06,place-harsq,309278,43073,82,3772,525,6722
Fall 2017,red,0,time_period_04,place-davis,241781,6588,82,2949,80,5373
Fall 2017,red,0,time_period_06,place-jfk,78749,120202,82,960,1466,8504
Fall 2017,red,0,time_period_04,place-dwnxg,247878,248101,82,3023,3026,8168
Fall 2017,red,0,time_period_04,place-fldcr,10970,46689,82,134,569,1105
Fall 2017,red,0,time_period_06,place-knncl,362420,39034,82,4420,476,12030
Fall 2017,red,0,time_period_04,place-harsq,278377,77758,82,3395,948,9662
Fall 2017,red,0,time_period_06,place-nqncy,22290,200313,82,272,2443,9028
Fall 2017,red,0,time_period_06,place-pktrm,485837,305139,82,5925,3721,15706
Fall 2017,red,0,time_period_04,place-jfk,48758,145762,82,595,1778,2209
Fall 2017,red,0,time_period_06,place-portr,63940,14385,82,780,175,3476
Fall 2017,red,0,time_period_04,place-knncl,95688,201829,82,1167,2461,9800
Fall 2017,red,0,time_period_04,place-nqncy,12084,59019,82,147,720,2129
Fall 2017,red,0,time_period_04,place-pktrm,199844,312395,82,2437,3810,8171
Fall 2017,red,0,time_period_04,place-portr,162710,11622,82,1984,142,7216
Fall 2017,red,0,time_period_04,place-qamnl,426,33971,82,5,414,336
Fall 2017,red,0,time_period_04,place-qnctr,5890,98347,82,72,1199,745
Fall 2017,red,0,time_period_04,place-shmnl,3031,17539,82,37,214,1541
Fall 2017,red,0,time_period_04,place-smmnl,970,29409,82,12,359,758
Fall 2017,red,0,time_period_06,place-qamnl,1094,185137,82,13,2258,1747
Fall 2017,red,0,time_period_04,place-sstat,83154,236188,82,1014,2880,6302
Fall 2017,red,0,time_period_06,place-qnctr,3856,282002,82,47,3439,3992
Fall 2017,red,0,time_period_06,place-shmnl,5561,65422,82,68,798,5078
Fall 2017,red,0,time_period_06,place-smmnl,2552,86322,82,31,1053,2916
Fall 2017,red,0,time_period_04,place-wlsta,9252,30280,82,113,369,1873
Fall 2017,red,0,time_period_06,place-sstat,384603,287819,82,4690,3510,18954
Fall 2017,red,0,time_period_06,place-wlsta,5384,140204,82,66,1710,7384
Fall 2017,red,0,time_period_05,place-alfcl,65603,0,82,800,0,800
Fall 2017,red,0,time_period_07,place-alfcl,63146,0,82,770,0,770
Fall 2017,red,0,time_period_05,place-andrw,36468,64291,82,445,784,7425
Fall 2017,red,0,time_period_05,place-asmnl,0,123707,82,0,1509,0
Fall 2017,red,0,time_period_05,place-brdwy,28316,47267,82,345,576,7764
Fall 2017,red,0,time_period_05,place-brntn,0,73708,82,0,899,0
Fall 2017,red,0,time_period_05,place-chmnl,104850,37116,82,1279,453,7199
Fall 2017,red,0,time_period_05,place-cntsq,105742,40133,82,1290,489,5162
Fall 2017,red,0,time_period_05,place-davis,71632,5001,82,874,61,1613
Fall 2017,red,0,time_period_05,place-dwnxg,220177,171631,82,2685,2093,8170
Fall 2017,red,0,time_period_05,place-fldcr,14854,73136,82,181,892,2050
Fall 2017,red,0,time_period_05,place-harsq,208944,27406,82,2548,334,4362
Fall 2017,red,0,time_period_05,place-jfk,59326,70880,82,723,864,3642
Fall 2017,red,0,time_period_05,place-knncl,139808,40545,82,1705,494,6373
Fall 2017,red,0,time_period_05,place-nqncy,13219,68392,82,161,834,3555
Fall 2017,red,0,time_period_05,place-pktrm,220309,189229,82,2687,2308,7578
Fall 2017,red,0,time_period_05,place-portr,50146,6213,82,612,76,2148
Fall 2017,red,0,time_period_05,place-qamnl,544,61837,82,7,754,899
Fall 2017,red,0,time_period_05,place-qnctr,3219,110914,82,39,1353,1646
Fall 2017,red,0,time_period_05,place-shmnl,5135,29391,82,63,358,2761
Fall 2017,red,0,time_period_05,place-smmnl,1159,45573,82,14,556,1509
Fall 2017,red,0,time_period_05,place-sstat,119121,133422,82,1453,1627,7996
Fall 2017,red,0,time_period_05,place-wlsta,5236,54016,82,64,659,2960
Fall 2017,red,0,time_period_06,place-alfcl,154498,0,82,1884,0,1884
Fall 2017,red,0,time_period_06,place-andrw,48884,115756,82,596,1412,17513
Fall 2017,red,0,time_period_06,place-asmnl,0,239075,82,0,2916,0
Fall 2017,red,0,time_period_06,place-brdwy,59124,110425,82,721,1347,18328
Fall 2017,red,0,time_period_07,place-andrw,22660,75742,82,276,924,8790
Fall 2017,red,0,time_period_07,place-asmnl,0,103841,82,0,1266,0
Fall 2017,red,0,time_period_07,place-brdwy,34179,62429,82,417,761,9437
Fall 2017,red,0,time_period_07,place-brntn,0,50623,82,0,617,0
Fall 2017,red,0,time_period_07,place-chmnl,78902,35973,82,962,439,6452
Fall 2017,red,0,time_period_07,place-cntsq,111736,50680,82,1363,618,4788
Fall 2017,red,0,time_period_07,place-davis,76115,8566,82,928,104,1594
Fall 2017,red,0,time_period_07,place-dwnxg,240004,151119,82,2927,1843,8864
Fall 2017,red,0,time_period_07,place-fldcr,7607,70501,82,93,860,2002
Fall 2017,red,0,time_period_07,place-harsq,186363,31630,82,2273,386,4044
Fall 2017,red,0,time_period_07,place-jfk,44413,82826,82,542,1010,4161
Fall 2017,red,0,time_period_07,place-knncl,124270,30760,82,1515,375,5929
Fall 2017,red,0,time_period_07,place-nqncy,8520,108692,82,104,1326,3809
Fall 2017,red,0,time_period_07,place-pktrm,288033,179133,82,3513,2185,7780
Fall 2017,red,0,time_period_07,place-portr,54453,8285,82,664,101,2157
Fall 2017,red,0,time_period_07,place-qamnl,544,77026,82,7,939,617
Fall 2017,red,0,time_period_07,place-qnctr,2618,119660,82,32,1459,1550
Fall 2017,red,0,time_period_07,place-shmnl,2537,45303,82,31,552,2769
Fall 2017,red,0,time_period_07,place-smmnl,617,60952,82,8,743,1266
Fall 2017,red,0,time_period_07,place-sstat,162889,87692,82,1986,1069,9781
Fall 2017,red,0,time_period_07,place-wlsta,3593,71768,82,44,875,2977
Fall 2017,red,0,time_period_08,place-alfcl,12651,0,82,154,0,154
Fall 2017,red,0,time_period_08,place-andrw,7062,21703,82,86,265,2484
Fall 2017,red,0,time_period_08,place-asmnl,0,33895,82,0,413,0
Fall 2017,red,0,time_period_08,place-brdwy,7353,11997,82,90,146,2663
Fall 2017,red,0,time_period_08,place-brntn,0,9816,82,0,120,0
Fall 2017,red,0,time_period_08,place-chmnl,24151,6105,82,295,74,2026
Fall 2017,red,0,time_period_08,place-cntsq,37287,11257,82,455,137,1554
Fall 2017,red,0,time_period_08,place-davis,23046,1957,82,281,24,411
Fall 2017,red,0,time_period_08,place-dwnxg,52227,50963,82,637,622,2489
Fall 2017,red,0,time_period_08,place-fldcr,1474,31645,82,18,386,645
Fall 2017,red,0,time_period_01,place-alfcl,8270,0,82,101,0,101
Fall 2017,red,0,time_period_01,place-andrw,2598,6682,82,32,81,242
Fall 2017,red,0,time_period_01,place-asmnl,0,4366,82,0,53,0
Fall 2017,red,0,time_period_01,place-brdwy,1415,3046,82,17,37,291
Fall 2017,red,0,time_period_01,place-brntn,0,2464,82,0,30,0
Fall 2017,red,0,time_period_01,place-chmnl,848,5664,82,10,69,349
Fall 2017,red,0,time_period_01,place-cntsq,7387,3293,82,90,40,453
Fall 2017,red,0,time_period_01,place-davis,10814,48,82,132,1,232
Fall 2017,red,0,time_period_01,place-dwnxg,12662,8538,82,154,104,425
Fall 2017,red,0,time_period_01,place-fldcr,627,1899,82,8,23,59
Fall 2017,red,0,time_period_01,place-harsq,10034,1869,82,122,23,404
Fall 2017,red,0,time_period_01,place-jfk,1670,1978,82,20,24,119
Fall 2017,red,0,time_period_01,place-knncl,1512,5295,82,18,65,407
Fall 2017,red,0,time_period_01,place-nqncy,9,2662,82,0,32,129
Fall 2017,red,0,time_period_08,place-harsq,59372,5093,82,724,62,1237
Fall 2017,red,0,time_period_10,place-sstat,58357,60180,16,3647,3761,23360
Fall 2017,red,0,time_period_10,place-wlsta,5325,31334,16,333,1958,7236
Fall 2017,red,0,time_period_08,place-jfk,6789,25040,82,83,305,1131
Fall 2017,red,0,time_period_08,place-knncl,26641,5995,82,325,73,1806
Fall 2017,red,0,time_period_08,place-nqncy,1698,26429,82,21,322,793
Fall 2017,red,0,time_period_11,place-alfcl,59532,0,17,3502,0,3502
Fall 2017,red,0,time_period_11,place-andrw,14202,34274,17,835,2016,15228
Fall 2017,red,0,time_period_08,place-pktrm,99012,62319,82,1207,760,2473
Fall 2017,red,0,time_period_08,place-portr,14819,1438,82,181,18,575
Fall 2017,red,0,time_period_08,place-qamnl,98,15079,82,1,184,120
Fall 2017,red,0,time_period_11,place-asmnl,0,36989,17,0,2176,0
Fall 2017,red,0,time_period_08,place-qnctr,198,22638,82,2,276,302
Fall 2017,red,0,time_period_11,place-brdwy,12496,26486,17,735,1558,16409
Fall 2017,red,0,time_period_11,place-brntn,0,17038,17,0,1002,0
Fall 2017,red,0,time_period_11,place-chmnl,12140,17681,17,714,1040,13378
Fall 2017,red,0,time_period_11,place-cntsq,58528,60460,17,3443,3556,13782
Fall 2017,red,0,time_period_11,place-davis,74652,6042,17,4391,355,7538
Fall 2017,red,0,time_period_11,place-dwnxg,101883,66221,17,5993,3895,16509
Fall 2017,red,0,time_period_11,place-fldcr,4724,34272,17,278,2016,3574
Fall 2017,red,0,time_period_11,place-harsq,114932,46230,17,6761,2719,13895
Fall 2017,red,0,time_period_11,place-jfk,13084,36835,17,770,2167,6915
Fall 2017,red,0,time_period_11,place-knncl,21484,22807,17,1264,1342,13704
Fall 2017,red,0,time_period_11,place-nqncy,5553,33214,17,327,1954,6125
Fall 2017,red,0,time_period_11,place-pktrm,127358,109783,17,7492,6458,14412
Fall 2017,red,0,time_period_11,place-portr,47379,8003,17,2787,471,9854
Fall 2017,red,0,time_period_11,place-qamnl,270,17701,17,16,1041,1002
Fall 2017,red,0,time_period_11,place-qnctr,1637,50608,17,96,2977,2028
Fall 2017,red,0,time_period_11,place-shmnl,1840,14877,17,108,875,5312
Fall 2017,red,0,time_period_11,place-smmnl,516,24279,17,30,1428,2176
Fall 2017,red,0,time_period_11,place-sstat,59173,46895,17,3481,2759,17232
Fall 2017,red,0,time_period_11,place-wlsta,4013,24700,17,236,1453,4908
Fall 2017,red,0,time_period_08,place-shmnl,496,13092,82,6,160,1013
Fall 2017,red,0,time_period_08,place-smmnl,146,19165,82,2,234,413
Fall 2017,red,0,time_period_08,place-sstat,35845,16938,82,437,207,2719
Fall 2017,red,0,time_period_08,place-wlsta,779,18579,82,10,227,576
Fall 2017,red,0,time_period_09,place-alfcl,920,0,82,11,0,11
Fall 2017,red,0,time_period_09,place-andrw,1173,3917,82,14,48,376
Fall 2017,red,0,time_period_09,place-asmnl,0,2138,82,0,26,0
Fall 2017,red,0,time_period_09,place-brdwy,1282,1798,82,16,22,409
Fall 2017,red,0,time_period_09,place-brntn,0,119,82,0,1,0
Fall 2017,red,0,time_period_09,place-chmnl,1868,784,82,23,10,233
Fall 2017,red,0,time_period_09,place-cntsq,5228,1246,82,64,15,181
Fall 2017,red,0,time_period_09,place-davis,2677,193,82,33,2,42
Fall 2017,red,0,time_period_09,place-dwnxg,8042,4243,82,98,52,361
Fall 2017,red,0,time_period_09,place-fldcr,306,6099,82,4,74,115
Fall 2017,red,0,time_period_09,place-harsq,6972,547,82,85,7,133
Fall 2017,red,0,time_period_09,place-jfk,1162,4470,82,14,55,168
Fall 2017,red,0,time_period_09,place-knncl,3842,657,82,47,8,220
Fall 2017,red,0,time_period_09,place-nqncy,329,3218,82,4,39,89
Fall 2017,red,0,time_period_09,place-pktrm,14981,8289,82,183,101,315
Fall 2017,red,0,time_period_09,place-portr,1179,135,82,14,2,54
Fall 2017,red,0,time_period_09,place-qamnl,1,1967,82,0,24,1
Fall 2017,red,0,time_period_09,place-qnctr,42,3335,82,1,41,25
Fall 2017,red,0,time_period_09,place-shmnl,94,2158,82,1,26,185
Fall 2017,red,0,time_period_09,place-smmnl,22,7298,82,0,89,26
Fall 2017,red,0,time_period_09,place-sstat,5963,1517,82,73,19,415
Fall 2017,red,0,time_period_09,place-wlsta,72,2024,82,1,25,66
Fall 2017,red,0,time_period_10,place-alfcl,80289,0,16,5018,0,5018
Fall 2017,red,0,time_period_10,place-andrw,18504,43113,16,1157,2695,20711
Fall 2017,red,0,time_period_10,place-asmnl,0,53770,16,0,3361,0
Fall 2017,red,0,time_period_10,place-brdwy,15040,32806,16,940,2050,22249
Fall 2017,red,0,time_period_10,place-brntn,0,24787,16,0,1549,0
Fall 2017,red,0,time_period_10,place-chmnl,16489,21239,16,1031,1327,18496
Fall 2017,red,0,time_period_10,place-cntsq,67035,70741,16,4190,4421,18884
Fall 2017,red,0,time_period_10,place-davis,98983,7231,16,6186,452,10753
Fall 2017,red,0,time_period_10,place-dwnxg,136336,81750,16,8521,5109,23474
Fall 2017,red,0,time_period_10,place-fldcr,7192,41625,16,450,2602,5085
Fall 2017,red,0,time_period_10,place-harsq,144119,59737,16,9007,3734,19115
Fall 2017,red,0,time_period_10,place-jfk,18415,44673,16,1151,2792,9535
Fall 2017,red,0,time_period_10,place-knncl,25566,27030,16,1598,1689,18792
Fall 2017,red,0,time_period_10,place-nqncy,6876,38365,16,430,2398,8862
Fall 2017,red,0,time_period_10,place-pktrm,173831,148767,16,10864,9298,20062
Fall 2017,red,0,time_period_10,place-portr,59366,9940,16,3710,621,13842
Fall 2017,red,0,time_period_10,place-qamnl,388,26507,16,24,1657,1549
Fall 2017,red,0,time_period_10,place-qnctr,2128,67000,16,133,4188,3182
Fall 2017,red,0,time_period_10,place-shmnl,2292,18338,16,143,1146,7237
Fall 2017,red,0,time_period_10,place-smmnl,657,28253,16,41,1766,3361
Fall 2017,red,1,time_period_04,place-shmnl,44904,3642,82,548,44,3997
Fall 2017,red,1,time_period_02,place-dwnxg,56379,134267,82,688,1637,4604
Fall 2017,red,1,time_period_04,place-smmnl,47238,5881,82,576,72,2532
Fall 2017,red,1,time_period_04,place-sstat,215142,170522,82,2624,2080,12038
Fall 2017,red,1,time_period_04,place-wlsta,79652,8365,82,971,102,4543
Fall 2017,red,1,time_period_02,place-fldcr,42898,2145,82,523,26,2161
Fall 2017,red,1,time_period_05,place-alfcl,0,140094,82,0,1708,0
Fall 2017,red,1,time_period_02,place-harsq,3738,42967,82,46,524,529
Fall 2017,red,1,time_period_09,place-qamnl,170,9,82,2,0,7
Fall 2017,red,1,time_period_05,place-andrw,52214,24907,82,637,304,5281
Fall 2017,red,1,time_period_05,place-asmnl,88490,0,82,1079,0,1079
Fall 2017,red,1,time_period_05,place-brdwy,35835,20491,82,437,250,5468
Fall 2017,red,1,time_period_05,place-brntn,28378,0,82,346,0,346
Fall 2017,red,1,time_period_05,place-chmnl,50858,53332,82,620,650,5877
Fall 2017,red,1,time_period_05,place-cntsq,50566,114815,82,617,1400,5248
Fall 2017,red,1,time_period_05,place-davis,3987,116058,82,49,1415,1708
Fall 2017,red,1,time_period_05,place-dwnxg,163502,233657,82,1994,2849,5860
Fall 2017,red,1,time_period_05,place-fldcr,49275,12596,82,601,154,1706
Fall 2017,red,1,time_period_05,place-harsq,51568,151785,82,629,1851,4026
Fall 2017,red,1,time_period_05,place-jfk,123384,30062,82,1505,367,4948
Fall 2017,red,1,time_period_05,place-knncl,74711,61994,82,911,756,6032
Fall 2017,red,1,time_period_05,place-nqncy,37620,7858,82,459,96,1913
Fall 2017,red,1,time_period_05,place-pktrm,172211,168410,82,2100,2054,5907
Fall 2017,red,1,time_period_05,place-portr,5706,83675,82,70,1020,3075
Fall 2017,red,1,time_period_05,place-qamnl,24987,1635,82,305,20,631
Fall 2017,red,1,time_period_05,place-qnctr,65521,4434,82,799,54,1376
Fall 2017,red,1,time_period_05,place-shmnl,20038,4404,82,244,54,1896
Fall 2017,red,1,time_period_05,place-smmnl,18814,4123,82,229,50,1258
Fall 2017,red,1,time_period_05,place-sstat,154522,52181,82,1884,636,6716
Fall 2017,red,1,time_period_05,place-wlsta,20234,5913,82,247,72,1550
Fall 2017,red,1,time_period_06,place-alfcl,0,402211,82,0,4905,0
Fall 2017,red,1,time_period_06,place-andrw,48384,25418,82,590,310,5533
Fall 2017,red,1,time_period_06,place-asmnl,76800,0,82,937,0,937
Fall 2017,red,1,time_period_06,place-brdwy,67555,20025,82,824,244,6112
Fall 2017,red,1,time_period_06,place-brntn,42602,0,82,520,0,520
Fall 2017,red,1,time_period_06,place-chmnl,120487,46231,82,1469,564,14503
Fall 2017,red,1,time_period_06,place-cntsq,132852,277175,82,1620,3380,14628
Fall 2017,red,1,time_period_06,place-davis,6294,402935,82,77,4914,4905
Fall 2017,red,1,time_period_06,place-dwnxg,361736,297227,82,4411,3625,11622
Fall 2017,red,1,time_period_06,place-fldcr,39194,11251,82,478,137,1462
Fall 2017,red,1,time_period_06,place-harsq,116791,254547,82,1424,3104,12948
Fall 2017,red,1,time_period_07,place-cntsq,88699,182693,82,1082,2228,8047
Fall 2017,red,1,time_period_06,place-jfk,126926,33967,82,1548,414,5253
Fall 2017,red,1,time_period_06,place-knncl,252347,97756,82,3077,1192,16388
Fall 2017,red,1,time_period_06,place-nqncy,67667,10720,82,825,131,2514
Fall 2017,red,1,time_period_06,place-pktrm,386407,224450,82,4712,2737,13597
Fall 2017,red,1,time_period_06,place-portr,11322,274215,82,138,3344,9742
Fall 2017,red,1,time_period_06,place-qamnl,41612,2585,82,507,32,995
Fall 2017,red,1,time_period_06,place-qnctr,67544,10171,82,824,124,1695
Fall 2017,red,1,time_period_06,place-shmnl,15550,3810,82,190,46,1605
Fall 2017,red,1,time_period_06,place-smmnl,19204,4088,82,234,50,1121
Fall 2017,red,1,time_period_06,place-sstat,441288,53983,82,5382,658,10836
Fall 2017,red,1,time_period_06,place-wlsta,18004,7800,82,220,95,1820
Fall 2017,red,1,time_period_07,place-alfcl,0,182747,82,0,2229,0
Fall 2017,red,1,time_period_07,place-andrw,24895,16699,82,304,204,2638
Fall 2017,red,1,time_period_07,place-asmnl,46257,0,82,564,0,564
Fall 2017,red,1,time_period_07,place-brdwy,42077,11653,82,513,142,3009
Fall 2017,red,1,time_period_07,place-brntn,18250,0,82,223,0,223
Fall 2017,red,1,time_period_07,place-chmnl,71080,28409,82,867,346,8431
Fall 2017,red,1,time_period_07,place-davis,6504,255487,82,79,3116,2229
Fall 2017,red,1,time_period_02,place-jfk,21446,21965,82,262,268,5780
Fall 2017,red,1,time_period_07,place-dwnxg,196301,132152,82,2394,1612,5954
Fall 2017,red,1,time_period_07,place-fldcr,20701,7294,82,252,89,787
Fall 2017,red,1,time_period_09,place-qnctr,1225,57,82,15,1,21
Fall 2017,red,1,time_period_07,place-harsq,81468,164363,82,994,2004,7037
Fall 2017,red,1,time_period_02,place-knncl,1409,72645,82,17,886,1407
Fall 2017,red,1,time_period_09,place-shmnl,212,168,82,3,2,23
Fall 2017,red,1,time_period_07,place-jfk,62062,18143,82,757,221,2538
Fall 2017,red,1,time_period_02,place-nqncy,41809,2720,82,510,33,3461
Fall 2017,red,1,time_period_09,place-smmnl,196,115,82,2,1,20
Fall 2017,red,1,time_period_07,place-knncl,124742,62232,82,1521,759,9194
Fall 2017,red,1,time_period_02,place-pktrm,37401,123101,82,456,1501,3559
Fall 2017,red,1,time_period_07,place-nqncy,26596,6232,82,324,76,1140
Fall 2017,red,1,time_period_09,place-sstat,7485,416,82,91,5,159
Fall 2017,red,1,time_period_02,place-portr,1456,9441,82,18,115,432
Fall 2017,red,1,time_period_09,place-wlsta,101,84,82,1,1,21
Fall 2017,red,1,time_period_07,place-pktrm,282429,121911,82,3444,1487,7911
Fall 2017,red,1,time_period_02,place-qamnl,42280,2816,82,516,34,1799
Fall 2017,red,1,time_period_10,place-alfcl,0,56377,16,0,3524,0
Fall 2017,red,1,time_period_02,place-qnctr,66625,1003,82,813,12,2599
Fall 2017,red,1,time_period_07,place-portr,10693,155959,82,130,1902,5265
Fall 2017,red,1,time_period_10,place-andrw,39015,19239,16,2438,1202,21684
Fall 2017,red,1,time_period_02,place-shmnl,15226,1714,82,186,21,2326
Fall 2017,red,1,time_period_07,place-qamnl,16006,2067,82,195,25,393
Fall 2017,red,1,time_period_01,place-alfcl,0,8471,82,0,103,0
Fall 2017,red,1,time_period_01,place-andrw,13929,4913,82,170,60,1468
Fall 2017,red,1,time_period_01,place-asmnl,895,0,82,11,0,11
Fall 2017,red,1,time_period_01,place-brdwy,4911,4818,82,60,59,1469
Fall 2017,red,1,time_period_01,place-brntn,1062,0,82,13,0,13
Fall 2017,red,1,time_period_01,place-chmnl,814,19750,82,10,241,620
Fall 2017,red,1,time_period_01,place-cntsq,1342,10185,82,16,124,305
Fall 2017,red,1,time_period_01,place-davis,766,2889,82,9,35,103
Fall 2017,red,1,time_period_01,place-dwnxg,13986,30835,82,171,376,1046
Fall 2017,red,1,time_period_01,place-fldcr,18432,30,82,225,0,363
Fall 2017,red,1,time_period_01,place-harsq,822,13206,82,10,161,154
Fall 2017,red,1,time_period_01,place-jfk,7611,3432,82,93,42,1358
Fall 2017,red,1,time_period_01,place-knncl,350,17354,82,4,212,412
Fall 2017,red,1,time_period_01,place-nqncy,14891,416,82,182,5,856
Fall 2017,red,1,time_period_01,place-pktrm,13215,29272,82,161,357,851
Fall 2017,red,1,time_period_01,place-portr,419,2416,82,5,29,129
Fall 2017,red,1,time_period_01,place-qamnl,18314,3,82,223,0,236
Fall 2017,red,1,time_period_01,place-qnctr,18943,57,82,231,1,467
Fall 2017,red,1,time_period_01,place-shmnl,7342,104,82,90,1,451
Fall 2017,red,1,time_period_01,place-smmnl,10470,27,82,128,0,138
Fall 2017,red,1,time_period_01,place-sstat,3778,21580,82,46,263,1252
Fall 2017,red,1,time_period_01,place-wlsta,17749,285,82,216,3,680
Fall 2017,red,1,time_period_02,place-alfcl,0,27521,82,0,336,0
Fall 2017,red,1,time_period_02,place-andrw,33279,26784,82,406,327,5860
Fall 2017,red,1,time_period_02,place-asmnl,113034,0,82,1378,0,1378
Fall 2017,red,1,time_period_02,place-brdwy,18487,21148,82,225,258,5827
Fall 2017,red,1,time_period_02,place-brntn,108030,0,82,1317,0,1317
Fall 2017,red,1,time_period_02,place-chmnl,5125,110312,82,62,1345,2276
Fall 2017,red,1,time_period_02,place-cntsq,4108,36874,82,50,450,1008
Fall 2017,red,1,time_period_02,place-davis,3137,11033,82,38,135,336
Fall 2017,red,1,time_period_10,place-asmnl,68763,0,16,4298,0,4298
Fall 2017,red,1,time_period_07,place-qnctr,40240,2680,82,491,33,851
Fall 2017,red,1,time_period_10,place-brdwy,29801,15922,16,1863,995,22551
Fall 2017,red,1,time_period_02,place-smmnl,26492,3060,82,323,37,1664
Fall 2017,red,1,time_period_10,place-brntn,36026,0,16,2252,0,2252
Fall 2017,red,1,time_period_02,place-sstat,60052,82465,82,732,1006,5554
Fall 2017,red,1,time_period_07,place-shmnl,8819,2679,82,108,33,862
Fall 2017,red,1,time_period_10,place-chmnl,16800,17937,16,1050,1121,14965
Fall 2017,red,1,time_period_02,place-wlsta,32373,802,82,395,10,2984
Fall 2017,red,1,time_period_07,place-smmnl,8344,3448,82,102,42,624
Fall 2017,red,1,time_period_10,place-cntsq,61746,57734,16,3859,3608,14665
Fall 2017,red,1,time_period_03,place-alfcl,0,88985,82,0,1085,0
Fall 2017,red,1,time_period_07,place-sstat,199277,21972,82,2430,268,5171
Fall 2017,red,1,time_period_07,place-wlsta,8674,5295,82,106,65,892
Fall 2017,red,1,time_period_08,place-alfcl,0,39504,82,0,482,0
Fall 2017,red,1,time_period_08,place-andrw,5921,4593,82,72,56,586
Fall 2017,red,1,time_period_08,place-asmnl,12900,0,82,157,0,157
Fall 2017,red,1,time_period_08,place-brdwy,11546,2621,82,141,32,695
Fall 2017,red,1,time_period_08,place-brntn,3771,0,82,46,0,46
Fall 2017,red,1,time_period_08,place-chmnl,14959,6813,82,182,83,1904
Fall 2017,red,1,time_period_08,place-cntsq,18968,36109,82,231,440,1705
Fall 2017,red,1,time_period_08,place-davis,1415,54915,82,17,670,482
Fall 2017,red,1,time_period_08,place-dwnxg,40269,37080,82,491,452,1223
Fall 2017,red,1,time_period_08,place-fldcr,6157,2631,82,75,32,221
Fall 2017,red,1,time_period_08,place-harsq,18978,34604,82,231,422,1514
Fall 2017,red,1,time_period_08,place-jfk,6839,5198,82,83,63,570
Fall 2017,red,1,time_period_08,place-knncl,16004,15189,82,195,185,1914
Fall 2017,red,1,time_period_08,place-nqncy,9928,1376,82,121,17,312
Fall 2017,red,1,time_period_08,place-pktrm,79412,31711,82,968,387,1805
Fall 2017,red,1,time_period_08,place-portr,1703,32867,82,21,401,1134
Fall 2017,red,1,time_period_08,place-qamnl,2710,192,82,33,2,77
Fall 2017,red,1,time_period_08,place-qnctr,10307,761,82,126,9,193
Fall 2017,red,1,time_period_08,place-shmnl,1992,588,82,24,7,238
Fall 2017,red,1,time_period_08,place-smmnl,2422,766,82,30,9,178
Fall 2017,red,1,time_period_08,place-sstat,44558,4474,82,543,55,1184
Fall 2017,red,1,time_period_08,place-wlsta,2287,1054,82,28,13,208
Fall 2017,red,1,time_period_09,place-alfcl,0,1996,82,0,24,0
Fall 2017,red,1,time_period_09,place-andrw,727,507,82,9,6,55
Fall 2017,red,1,time_period_09,place-asmnl,1569,0,82,19,0,19
Fall 2017,red,1,time_period_09,place-brdwy,1738,326,82,21,4,72
Fall 2017,red,1,time_period_09,place-brntn,411,0,82,5,0,5
Fall 2017,red,1,time_period_09,place-chmnl,1963,726,82,24,9,239
Fall 2017,red,1,time_period_09,place-cntsq,3467,5602,82,42,68,224
Fall 2017,red,1,time_period_09,place-davis,84,9920,82,1,121,24
Fall 2017,red,1,time_period_09,place-dwnxg,4951,4259,82,60,52,167
Fall 2017,red,1,time_period_09,place-fldcr,476,261,82,6,3,23
Fall 2017,red,1,time_period_09,place-harsq,3309,4486,82,40,55,210
Fall 2017,red,1,time_period_09,place-jfk,654,829,82,8,10,52
Fall 2017,red,1,time_period_09,place-knncl,2992,2109,82,36,26,250
Fall 2017,red,1,time_period_09,place-nqncy,1171,356,82,14,4,31
Fall 2017,red,1,time_period_09,place-pktrm,9827,5130,82,120,63,224
Fall 2017,red,1,time_period_09,place-portr,255,5626,82,3,69,144
Fall 2017,red,1,time_period_03,place-andrw,108239,37135,82,1320,453,16858
Fall 2017,red,1,time_period_10,place-davis,4729,95549,16,296,5972,3524
Fall 2017,red,1,time_period_03,place-asmnl,257146,0,82,3136,0,3136
Fall 2017,red,1,time_period_10,place-dwnxg,78028,163770,16,4877,10236,19693
Fall 2017,red,1,time_period_03,place-brdwy,109984,57670,82,1341,703,17496
Fall 2017,red,1,time_period_10,place-fldcr,39366,6665,16,2460,417,7218
Fall 2017,red,1,time_period_03,place-brntn,131342,0,82,1602,0,1602
Fall 2017,red,1,time_period_10,place-harsq,62066,101387,16,3879,6337,12208
Fall 2017,red,1,time_period_03,place-chmnl,56295,168399,82,687,2054,9142
Fall 2017,red,1,time_period_10,place-jfk,43184,17436,16,2699,1090,20448
Fall 2017,red,1,time_period_03,place-cntsq,29767,133171,82,363,1624,4045
Fall 2017,red,1,time_period_03,place-davis,13403,49542,82,163,604,1085
Fall 2017,red,1,time_period_10,place-knncl,18457,27267,16,1154,1704,14415
Fall 2017,red,1,time_period_03,place-dwnxg,195194,444652,82,2380,5423,13363
Fall 2017,red,1,time_period_03,place-fldcr,103424,13799,82,1261,168,5013
Fall 2017,red,1,time_period_10,place-nqncy,35259,7048,16,2204,441,10699
Fall 2017,red,1,time_period_03,place-harsq,18538,199219,82,226,2430,1841
Fall 2017,red,1,time_period_10,place-pktrm,108516,183027,16,6782,11439,15036
Fall 2017,red,1,time_period_03,place-jfk,101809,92539,82,1242,1129,15990
Fall 2017,red,1,time_period_10,place-portr,8021,56150,16,501,3509,9200
Fall 2017,red,1,time_period_03,place-knncl,14251,328871,82,174,4011,5306
Fall 2017,red,1,time_period_03,place-nqncy,178310,19617,82,2175,239,10169
Fall 2017,red,1,time_period_03,place-pktrm,151870,385843,82,1852,4705,10510
Fall 2017,red,1,time_period_03,place-portr,9726,35574,82,119,434,1526
Fall 2017,red,1,time_period_03,place-qamnl,180785,7016,82,2205,86,3721
Fall 2017,red,1,time_period_03,place-qnctr,246223,4118,82,3003,50,6673
Fall 2017,red,1,time_period_03,place-shmnl,65198,8149,82,795,99,5709
Fall 2017,red,1,time_period_03,place-smmnl,70623,6322,82,861,77,3920
Fall 2017,red,1,time_period_03,place-sstat,286214,375641,82,3490,4581,16405
Fall 2017,red,1,time_period_03,place-wlsta,130786,2866,82,1595,35,8233
Fall 2017,red,1,time_period_04,place-alfcl,0,93913,82,0,1145,0
Fall 2017,red,1,time_period_04,place-andrw,88856,31007,82,1084,378,11198
Fall 2017,red,1,time_period_04,place-asmnl,166240,0,82,2027,0,2027
Fall 2017,red,1,time_period_04,place-brdwy,61918,37634,82,755,459,11494
Fall 2017,red,1,time_period_04,place-brntn,53115,0,82,648,0,648
Fall 2017,red,1,time_period_04,place-chmnl,69209,109240,82,844,1332,8776
Fall 2017,red,1,time_period_04,place-cntsq,54068,156109,82,659,1904,5599
Fall 2017,red,1,time_period_04,place-davis,9075,98946,82,111,1207,1145
Fall 2017,red,1,time_period_04,place-dwnxg,238415,373936,82,2908,4560,10385
Fall 2017,red,1,time_period_04,place-fldcr,90544,11667,82,1104,142,3494
Fall 2017,red,1,time_period_04,place-harsq,40905,251344,82,499,3065,3033
Fall 2017,red,1,time_period_04,place-jfk,138904,82108,82,1694,1001,10492
Fall 2017,red,1,time_period_04,place-knncl,56535,214980,82,689,2622,6844
Fall 2017,red,1,time_period_04,place-nqncy,122003,18713,82,1488,228,5803
Fall 2017,red,1,time_period_04,place-pktrm,223553,315474,82,2726,3847,9264
Fall 2017,red,1,time_period_04,place-portr,8775,73706,82,107,899,2241
Fall 2017,red,1,time_period_04,place-qamnl,87082,6655,82,1062,81,1629
Fall 2017,red,1,time_period_04,place-qnctr,173360,5652,82,2114,69,3674
Fall 2017,red,1,time_period_10,place-qamnl,29131,2044,16,1821,128,3945
Fall 2017,red,1,time_period_10,place-qnctr,60730,2913,16,3796,182,7558
Fall 2017,red,1,time_period_10,place-shmnl,17139,2391,16,1071,149,8140
Fall 2017,red,1,time_period_10,place-smmnl,17371,3347,16,1086,209,5174
Fall 2017,red,1,time_period_10,place-sstat,84603,44584,16,5288,2787,25052
Fall 2017,red,1,time_period_10,place-wlsta,27515,5477,16,1720,342,8935
Fall 2017,red,1,time_period_11,place-alfcl,0,41516,17,0,2442,0
Fall 2017,red,1,time_period_11,place-andrw,29606,14974,17,1742,881,15716
Fall 2017,red,1,time_period_11,place-asmnl,50847,0,17,2991,0,2991
Fall 2017,red,1,time_period_11,place-brdwy,23421,13584,17,1378,799,16295
Fall 2017,red,1,time_period_11,place-brntn,26087,0,17,1535,0,1535
Fall 2017,red,1,time_period_11,place-chmnl,13718,13679,17,807,805,11327
Fall 2017,red,1,time_period_11,place-cntsq,53245,51717,17,3132,3042,10995
Fall 2017,red,1,time_period_11,place-davis,3149,75701,17,185,4453,2442
Fall 2017,red,1,time_period_11,place-dwnxg,60429,129978,17,3555,7646,14942
Fall 2017,red,1,time_period_11,place-fldcr,31988,4241,17,1882,249,5311
Fall 2017,red,1,time_period_11,place-harsq,50428,83009,17,2966,4883,9078
Fall 2017,red,1,time_period_11,place-jfk,33959,12650,17,1998,744,14855
Fall 2017,red,1,time_period_11,place-knncl,16311,23491,17,959,1382,10905
Fall 2017,red,1,time_period_11,place-nqncy,29357,5927,17,1727,349,7603
Fall 2017,red,1,time_period_11,place-pktrm,81416,142916,17,4789,8407,11325
Fall 2017,red,1,time_period_11,place-portr,6378,46637,17,375,2743,6710
Fall 2017,red,1,time_period_11,place-qamnl,19516,687,17,1148,40,2642
Fall 2017,red,1,time_period_11,place-qnctr,44957,2259,17,2645,133,5154
Fall 2017,red,1,time_period_11,place-shmnl,13666,1985,17,804,117,5998
Fall 2017,red,1,time_period_11,place-smmnl,14085,2384,17,829,140,3679
Fall 2017,red,1,time_period_11,place-sstat,83564,37006,17,4916,2177,19033
Fall 2017,red,1,time_period_11,place-wlsta,22437,4223,17,1320,248,6225
Fall 2018,blue,0,time_period_01,place-orhte,4424,133,19,233,7,1017
Fall 2018,blue,0,time_period_01,place-rbmnl,3765,182,19,198,10,564
Fall 2018,blue,0,time_period_01,place-sdmnl,388,34,19,20,2,791
Fall 2018,blue,0,time_period_01,place-state,44,14258,19,2,750,820
Fall 2018,blue,0,time_period_01,place-wimnl,2605,248,19,137,13,1141
Fall 2018,blue,0,time_period_01,place-wondl,7141,0,19,376,0,376
Fall 2018,blue,0,time_period_02,place-aport,11100,1650,19,584,87,2842
Fall 2018,blue,0,time_period_02,place-aqucl,289,6348,19,15,334,3350
Fall 2018,blue,0,time_period_02,place-bmmnl,7077,123,19,372,6,1643
Fall 2018,blue,0,time_period_01,place-aport,4831,1192,19,254,63,1332
Fall 2018,blue,0,time_period_01,place-aqucl,45,2876,19,2,151,1569
Fall 2018,blue,0,time_period_01,place-bmmnl,3962,13,19,209,1,772
Fall 2018,blue,0,time_period_01,place-bomnl,0,2414,19,0,127,0
Fall 2018,blue,0,time_period_01,place-gover,0,13175,19,0,693,127
Fall 2018,blue,0,time_period_01,place-mvbcl,8073,752,19,425,40,1718
Fall 2018,blue,0,time_period_02,place-bomnl,0,5806,19,0,306,0
Fall 2018,blue,0,time_period_02,place-gover,8,23122,19,0,1217,306
Fall 2018,blue,0,time_period_02,place-mvbcl,17645,1932,19,929,102,3669
Fall 2018,blue,0,time_period_02,place-orhte,8777,305,19,462,16,2150
Fall 2018,blue,0,time_period_02,place-rbmnl,7048,449,19,371,24,1277
Fall 2018,blue,0,time_period_02,place-sdmnl,1234,75,19,65,4,1704
Fall 2018,blue,0,time_period_02,place-state,68,34796,19,4,1831,1522
Fall 2018,blue,0,time_period_02,place-wimnl,4114,410,19,217,22,2344
Fall 2018,blue,0,time_period_02,place-wondl,17657,0,19,929,0,929
Fall 2018,blue,0,time_period_03,place-aport,28921,2966,19,1522,156,8431
Fall 2018,blue,0,time_period_03,place-aqucl,1260,30426,19,66,1601,9666
Fall 2018,blue,0,time_period_03,place-bmmnl,22109,364,19,1164,19,4920
Fall 2018,blue,0,time_period_03,place-bomnl,0,16617,19,0,875,0
Fall 2018,blue,0,time_period_03,place-gover,61,70314,19,3,3701,875
Fall 2018,blue,0,time_period_03,place-mvbcl,57087,4446,19,3005,234,11201
Fall 2018,blue,0,time_period_03,place-orhte,28229,626,19,1486,33,6522
Fall 2018,blue,0,time_period_03,place-rbmnl,15903,1270,19,837,67,3775
Fall 2018,blue,0,time_period_03,place-sdmnl,2977,130,19,157,7,5070
Fall 2018,blue,0,time_period_03,place-state,401,97187,19,21,5115,4572
Fall 2018,blue,0,time_period_03,place-wimnl,11242,940,19,592,49,7065
Fall 2018,blue,0,time_period_03,place-wondl,57095,0,19,3005,0,3005
Fall 2018,blue,0,time_period_04,place-aport,28503,5434,19,1500,286,5421
Fall 2018,blue,0,time_period_04,place-aqucl,3539,18821,19,186,991,6681
Fall 2018,blue,0,time_period_04,place-bmmnl,12679,672,19,667,35,2893
Fall 2018,blue,0,time_period_04,place-bomnl,0,8549,19,0,450,0
Fall 2018,blue,0,time_period_04,place-gover,95,55908,19,5,2943,450
Fall 2018,blue,0,time_period_04,place-mvbcl,46056,6840,19,2424,360,7485
Fall 2018,blue,0,time_period_04,place-orhte,17097,985,19,900,52,3826
Fall 2018,blue,0,time_period_04,place-rbmnl,14598,979,19,768,52,2262
Fall 2018,blue,0,time_period_04,place-sdmnl,1838,233,19,97,12,2978
Fall 2018,blue,0,time_period_04,place-state,735,63311,19,39,3332,3387
Fall 2018,blue,0,time_period_04,place-wimnl,7893,652,19,415,34,4207
Fall 2018,blue,0,time_period_04,place-wondl,29351,0,19,1545,0,1545
Fall 2018,blue,0,time_period_05,place-aport,19421,3122,19,1022,164,2890
Fall 2018,blue,0,time_period_05,place-aqucl,5335,9625,19,281,507,3726
Fall 2018,blue,0,time_period_05,place-bmmnl,6613,577,19,348,30,1348
Fall 2018,blue,0,time_period_05,place-bomnl,0,3883,19,0,204,0
Fall 2018,blue,0,time_period_05,place-gover,52,30692,19,3,1615,204
Fall 2018,blue,0,time_period_05,place-mvbcl,26159,5972,19,1377,314,3952
Fall 2018,blue,0,time_period_05,place-orhte,8223,974,19,433,51,1782
Fall 2018,blue,0,time_period_05,place-rbmnl,8480,560,19,446,29,1030
Fall 2018,blue,0,time_period_05,place-sdmnl,1186,181,19,62,10,1401
Fall 2018,blue,0,time_period_09,place-wimnl,144,30,19,8,2,34
Fall 2018,blue,0,time_period_05,place-state,776,37050,19,41,1950,1817
Fall 2018,blue,0,time_period_05,place-wimnl,5408,673,19,285,35,2032
Fall 2018,blue,0,time_period_09,place-wondl,209,0,19,11,0,11
Fall 2018,blue,0,time_period_10,place-aport,24995,4836,5,4999,967,15575
Fall 2018,blue,0,time_period_05,place-wondl,11658,0,19,614,0,614
Fall 2018,blue,0,time_period_10,place-aqucl,7532,16628,5,1506,3326,19106
Fall 2018,blue,0,time_period_06,place-aport,17541,2593,19,923,136,2423
Fall 2018,blue,0,time_period_10,place-bmmnl,8940,785,5,1788,157,7990
Fall 2018,blue,0,time_period_06,place-aqucl,8151,7480,19,429,394,3376
Fall 2018,blue,0,time_period_10,place-bomnl,0,4101,5,0,820,0
Fall 2018,blue,0,time_period_10,place-gover,49,53062,5,10,10612,820
Fall 2018,blue,0,time_period_10,place-mvbcl,33534,6784,5,6707,1357,20925
Fall 2018,blue,0,time_period_06,place-bmmnl,4629,670,19,244,35,1015
Fall 2018,blue,0,time_period_10,place-orhte,12069,1350,5,2414,270,10427
Fall 2018,blue,0,time_period_06,place-bomnl,0,2376,19,0,125,0
Fall 2018,blue,0,time_period_10,place-rbmnl,11009,996,5,2202,199,6359
Fall 2018,blue,0,time_period_06,place-gover,83,26600,19,4,1400,125
Fall 2018,blue,0,time_period_06,place-mvbcl,22691,5254,19,1194,277,3340
Fall 2018,blue,0,time_period_06,place-orhte,6887,816,19,362,43,1378
Fall 2018,blue,0,time_period_10,place-sdmnl,1707,237,5,341,47,8284
Fall 2018,blue,0,time_period_06,place-rbmnl,6135,839,19,323,44,806
Fall 2018,blue,0,time_period_10,place-state,1470,39884,5,294,7977,11423
Fall 2018,blue,0,time_period_06,place-sdmnl,994,150,19,52,8,1059
Fall 2018,blue,0,time_period_10,place-wimnl,6442,864,5,1288,173,11543
Fall 2018,blue,0,time_period_06,place-state,1564,36808,19,82,1937,1521
Fall 2018,blue,0,time_period_10,place-wondl,21782,0,5,4356,0,4356
Fall 2018,blue,0,time_period_06,place-wimnl,5503,612,19,290,32,1636
Fall 2018,blue,0,time_period_11,place-aport,21368,4262,5,4274,852,12379
Fall 2018,blue,0,time_period_11,place-aqucl,6651,12797,5,1330,2559,15020
Fall 2018,blue,0,time_period_06,place-wondl,10021,0,19,527,0,527
Fall 2018,blue,0,time_period_11,place-bmmnl,6820,545,5,1364,109,6205
Fall 2018,blue,0,time_period_07,place-aport,11167,2029,19,588,107,1266
Fall 2018,blue,0,time_period_11,place-bomnl,0,3550,5,0,710,0
Fall 2018,blue,0,time_period_07,place-aqucl,3737,2928,19,197,154,1702
Fall 2018,blue,0,time_period_11,place-gover,56,38734,5,11,7747,710
Fall 2018,blue,0,time_period_07,place-bmmnl,2420,624,19,127,33,543
Fall 2018,blue,0,time_period_11,place-mvbcl,25052,5701,5,5010,1140,16249
Fall 2018,blue,0,time_period_07,place-bomnl,0,1092,19,0,57,0
Fall 2018,blue,0,time_period_11,place-orhte,9480,1068,5,1896,214,8092
Fall 2018,blue,0,time_period_07,place-gover,55,13987,19,3,736,57
Fall 2018,blue,0,time_period_11,place-rbmnl,8636,945,5,1727,189,4950
Fall 2018,blue,0,time_period_07,place-mvbcl,11069,3596,19,583,189,1660
Fall 2018,blue,0,time_period_07,place-orhte,3626,824,19,191,43,709
Fall 2018,blue,0,time_period_07,place-rbmnl,3080,640,19,162,34,449
Fall 2018,blue,0,time_period_07,place-sdmnl,454,117,19,24,6,561
Fall 2018,blue,0,time_period_07,place-state,702,18023,19,37,949,791
Fall 2018,blue,0,time_period_07,place-wimnl,1963,501,19,103,26,786
Fall 2018,blue,0,time_period_07,place-wondl,6087,0,19,320,0,320
Fall 2018,blue,0,time_period_08,place-aport,5399,734,19,284,39,517
Fall 2018,blue,0,time_period_08,place-aqucl,1142,851,19,60,45,628
Fall 2018,blue,0,time_period_08,place-bmmnl,719,159,19,38,8,172
Fall 2018,blue,0,time_period_08,place-bomnl,0,320,19,0,17,0
Fall 2018,blue,0,time_period_08,place-gover,13,4513,19,1,238,17
Fall 2018,blue,0,time_period_08,place-mvbcl,3250,1442,19,171,76,613
Fall 2018,blue,0,time_period_08,place-orhte,1376,275,19,72,14,233
Fall 2018,blue,0,time_period_08,place-rbmnl,977,194,19,51,10,142
Fall 2018,blue,0,time_period_08,place-sdmnl,99,42,19,5,2,175
Fall 2018,blue,0,time_period_08,place-state,122,7232,19,6,381,254
Fall 2018,blue,0,time_period_08,place-wimnl,927,186,19,49,10,272
Fall 2018,blue,0,time_period_08,place-wondl,1924,0,19,101,0,101
Fall 2018,blue,0,time_period_09,place-aport,724,97,19,38,5,67
Fall 2018,blue,0,time_period_09,place-aqucl,146,69,19,8,4,76
Fall 2018,blue,0,time_period_09,place-bmmnl,62,16,19,3,1,16
Fall 2018,blue,0,time_period_09,place-bomnl,0,45,19,0,2,0
Fall 2018,blue,0,time_period_09,place-gover,3,650,19,0,34,2
Fall 2018,blue,0,time_period_09,place-mvbcl,373,272,19,20,14,72
Fall 2018,blue,0,time_period_09,place-orhte,234,17,19,12,1,28
Fall 2018,blue,0,time_period_09,place-rbmnl,103,59,19,5,3,13
Fall 2018,blue,0,time_period_09,place-sdmnl,12,1,19,1,0,16
Fall 2018,blue,0,time_period_09,place-state,70,824,19,4,43,36
Fall 2018,blue,0,time_period_11,place-sdmnl,1197,172,5,239,34,6409
Fall 2018,blue,0,time_period_11,place-state,954,33826,5,191,6765,8446
Fall 2018,blue,0,time_period_11,place-wimnl,4986,657,5,997,131,8958
Fall 2018,blue,0,time_period_11,place-wondl,17057,0,5,3411,0,3411
Fall 2018,blue,1,time_period_11,place-gover,42421,289,5,8484,58,9014
Fall 2018,blue,1,time_period_11,place-mvbcl,5564,28941,5,1113,5788,12184
Fall 2018,blue,1,time_period_11,place-orhte,1193,9580,5,239,1916,7170
Fall 2018,blue,1,time_period_11,place-rbmnl,196,10755,5,39,2151,3398
Fall 2018,blue,1,time_period_11,place-sdmnl,168,1501,5,34,300,6903
Fall 2018,blue,1,time_period_11,place-state,29908,882,5,5982,176,14819
Fall 2018,blue,1,time_period_11,place-wimnl,735,5699,5,147,1140,8847
Fall 2018,blue,1,time_period_11,place-wondl,0,16988,5,0,3398,0
Fall 2018,blue,1,time_period_03,place-aport,1752,6649,19,92,350,561
Fall 2018,blue,1,time_period_07,place-bmmnl,532,12334,19,28,649,2095
Fall 2018,blue,1,time_period_03,place-aqucl,1523,3707,19,80,195,1081
Fall 2018,blue,1,time_period_07,place-bomnl,6294,0,19,331,0,331
Fall 2018,blue,1,time_period_03,place-bmmnl,502,1447,19,26,76,305
Fall 2018,blue,1,time_period_07,place-gover,55887,343,19,2941,18,3255
Fall 2018,blue,1,time_period_07,place-mvbcl,5486,41356,19,289,2177,4656
Fall 2018,blue,1,time_period_03,place-bomnl,1090,0,19,57,0,57
Fall 2018,blue,1,time_period_07,place-orhte,1065,14527,19,56,765,2801
Fall 2018,blue,1,time_period_03,place-gover,9082,117,19,478,6,529
Fall 2018,blue,1,time_period_07,place-rbmnl,193,12900,19,10,679,1426
Fall 2018,blue,1,time_period_03,place-mvbcl,3472,8454,19,183,445,819
Fall 2018,blue,1,time_period_03,place-orhte,1032,2525,19,54,133,389
Fall 2018,blue,1,time_period_07,place-sdmnl,87,1701,19,5,90,2716
Fall 2018,blue,1,time_period_03,place-rbmnl,184,2212,19,10,116,198
Fall 2018,blue,1,time_period_07,place-state,47503,1235,19,2500,65,5690
Fall 2018,blue,1,time_period_03,place-sdmnl,61,722,19,3,38,355
Fall 2018,blue,1,time_period_07,place-wimnl,617,7445,19,32,392,3510
Fall 2018,blue,1,time_period_07,place-wondl,0,27097,19,0,1426,0
Fall 2018,blue,1,time_period_08,place-aport,4405,13891,19,232,731,2110
Fall 2018,blue,1,time_period_08,place-aqucl,11154,436,19,587,23,3845
Fall 2018,blue,1,time_period_08,place-bmmnl,192,7094,19,10,373,1087
Fall 2018,blue,1,time_period_08,place-bomnl,2903,0,19,153,0,153
Fall 2018,blue,1,time_period_08,place-gover,39377,86,19,2072,5,2221
Fall 2018,blue,1,time_period_08,place-mvbcl,1531,25017,19,81,1317,2609
Fall 2018,blue,1,time_period_08,place-orhte,352,7724,19,19,407,1483
Fall 2018,blue,1,time_period_08,place-rbmnl,49,9725,19,3,512,577
Fall 2018,blue,1,time_period_08,place-sdmnl,61,684,19,3,36,1450
Fall 2018,blue,1,time_period_08,place-state,20667,517,19,1088,27,3281
Fall 2018,blue,1,time_period_08,place-wimnl,365,4914,19,19,259,1871
Fall 2018,blue,1,time_period_08,place-wondl,0,10969,19,0,577,0
Fall 2018,blue,1,time_period_09,place-aport,1105,3177,19,58,167,469
Fall 2018,blue,1,time_period_09,place-aqucl,2349,66,19,124,3,842
Fall 2018,blue,1,time_period_09,place-bmmnl,26,1691,19,1,89,228
Fall 2018,blue,1,time_period_09,place-bomnl,357,0,19,19,0,19
Fall 2018,blue,1,time_period_09,place-gover,8850,9,19,466,0,484
Fall 2018,blue,1,time_period_09,place-mvbcl,528,5538,19,28,291,578
Fall 2018,blue,1,time_period_09,place-orhte,105,1821,19,6,96,324
Fall 2018,blue,1,time_period_09,place-rbmnl,7,3790,19,0,199,29
Fall 2018,blue,1,time_period_09,place-sdmnl,17,175,19,1,9,316
Fall 2018,blue,1,time_period_09,place-state,4577,69,19,241,4,721
Fall 2018,blue,1,time_period_09,place-wimnl,94,1131,19,5,60,414
Fall 2018,blue,1,time_period_09,place-wondl,0,548,19,0,29,0
Fall 2018,blue,1,time_period_10,place-aport,6346,23187,5,1269,4637,12175
Fall 2018,blue,1,time_period_10,place-aqucl,17769,4465,5,3554,893,21773
Fall 2018,blue,1,time_period_10,place-bmmnl,826,9694,5,165,1939,6751
Fall 2018,blue,1,time_period_10,place-bomnl,3415,0,5,683,0,683
Fall 2018,blue,1,time_period_10,place-gover,53502,342,5,10700,68,11315
Fall 2018,blue,1,time_period_10,place-mvbcl,6765,37911,5,1353,7582,15543
Fall 2018,blue,1,time_period_10,place-orhte,1653,11899,5,331,2380,8893
Fall 2018,blue,1,time_period_10,place-rbmnl,264,13480,5,53,2696,4108
Fall 2018,blue,1,time_period_10,place-sdmnl,205,2049,5,41,410,8524
Fall 2018,blue,1,time_period_10,place-state,39963,979,5,7993,196,19112
Fall 2018,blue,1,time_period_10,place-wimnl,932,7096,5,186,1419,10942
Fall 2018,blue,1,time_period_10,place-wondl,0,20538,5,0,4108,0
Fall 2018,blue,1,time_period_11,place-aport,6374,18093,5,1275,3619,9840
Fall 2018,blue,1,time_period_11,place-aqucl,13437,3238,5,2687,648,16859
Fall 2018,blue,1,time_period_11,place-bmmnl,663,7632,5,133,1526,5509
Fall 2018,blue,1,time_period_11,place-bomnl,2938,0,5,588,0,588
Fall 2018,blue,1,time_period_03,place-state,13192,521,19,694,27,1196
Fall 2018,blue,1,time_period_03,place-wimnl,327,2099,19,17,110,468
Fall 2018,blue,1,time_period_03,place-wondl,0,3763,19,0,198,0
Fall 2018,blue,1,time_period_04,place-aport,3319,15041,19,175,792,1827
Fall 2018,blue,1,time_period_04,place-aqucl,5254,4673,19,277,246,3347
Fall 2018,blue,1,time_period_04,place-bmmnl,747,5231,19,39,275,1014
Fall 2018,blue,1,time_period_04,place-bomnl,5227,0,19,275,0,275
Fall 2018,blue,1,time_period_04,place-gover,27791,643,19,1463,34,1704
Fall 2018,blue,1,time_period_04,place-mvbcl,5676,22821,19,299,1201,2444
Fall 2018,blue,1,time_period_04,place-orhte,1252,7201,19,66,379,1336
Fall 2018,blue,1,time_period_04,place-rbmnl,287,7314,19,15,385,644
Fall 2018,blue,1,time_period_04,place-sdmnl,153,1785,19,8,94,1250
Fall 2018,blue,1,time_period_01,place-aport,261,1058,19,14,56,99
Fall 2018,blue,1,time_period_04,place-state,32086,1456,19,1689,77,3316
Fall 2018,blue,1,time_period_01,place-aqucl,176,106,19,9,6,152
Fall 2018,blue,1,time_period_04,place-wimnl,576,3963,19,30,209,1649
Fall 2018,blue,1,time_period_01,place-bmmnl,102,336,19,5,18,48
Fall 2018,blue,1,time_period_04,place-wondl,0,12240,19,0,644,0
Fall 2018,blue,1,time_period_01,place-bomnl,53,0,19,3,0,3
Fall 2018,blue,1,time_period_05,place-aport,4819,20399,19,254,1074,3416
Fall 2018,blue,1,time_period_01,place-gover,1134,2,19,60,0,62
Fall 2018,blue,1,time_period_05,place-aqucl,12916,3655,19,680,192,5826
Fall 2018,blue,1,time_period_01,place-mvbcl,594,815,19,31,43,141
Fall 2018,blue,1,time_period_05,place-bmmnl,670,10636,19,35,560,1843
Fall 2018,blue,1,time_period_01,place-orhte,189,307,19,10,16,67
Fall 2018,blue,1,time_period_05,place-bomnl,8584,0,19,452,0,452
Fall 2018,blue,1,time_period_01,place-rbmnl,49,321,19,3,17,33
Fall 2018,blue,1,time_period_05,place-gover,46231,811,19,2433,43,2842
Fall 2018,blue,1,time_period_01,place-sdmnl,13,140,19,1,7,60
Fall 2018,blue,1,time_period_05,place-mvbcl,6232,36454,19,328,1919,4236
Fall 2018,blue,1,time_period_01,place-state,1669,26,19,88,1,149
Fall 2018,blue,1,time_period_05,place-orhte,1069,12840,19,56,676,2466
Fall 2018,blue,1,time_period_01,place-wimnl,36,531,19,2,28,73
Fall 2018,blue,1,time_period_05,place-rbmnl,240,11347,19,13,597,1258
Fall 2018,blue,1,time_period_01,place-wondl,0,632,19,0,33,0
Fall 2018,blue,1,time_period_05,place-sdmnl,179,2051,19,9,108,2368
Fall 2018,blue,1,time_period_02,place-aport,699,3839,19,37,202,287
Fall 2018,blue,1,time_period_02,place-aqucl,812,498,19,43,26,597
Fall 2018,blue,1,time_period_02,place-bmmnl,112,626,19,6,33,108
Fall 2018,blue,1,time_period_02,place-bomnl,187,0,19,10,0,10
Fall 2018,blue,1,time_period_02,place-gover,3957,14,19,208,1,217
Fall 2018,blue,1,time_period_02,place-mvbcl,1658,4404,19,87,232,452
Fall 2018,blue,1,time_period_02,place-orhte,418,1158,19,22,61,152
Fall 2018,blue,1,time_period_02,place-rbmnl,75,699,19,4,37,75
Fall 2018,blue,1,time_period_02,place-sdmnl,24,349,19,1,18,135
Fall 2018,blue,1,time_period_02,place-state,7028,129,19,370,7,580
Fall 2018,blue,1,time_period_02,place-wimnl,178,2001,19,9,105,191
Fall 2018,blue,1,time_period_02,place-wondl,0,1430,19,0,75,0
Fall 2018,blue,1,time_period_05,place-state,49150,1717,19,2587,90,5339
Fall 2018,blue,1,time_period_05,place-wimnl,1008,7276,19,53,383,3086
Fall 2018,blue,1,time_period_05,place-wondl,0,23911,19,0,1258,0
Fall 2018,blue,1,time_period_06,place-aport,5221,30006,19,275,1579,6669
Fall 2018,blue,1,time_period_06,place-aqucl,29831,4759,19,1570,250,10779
Fall 2018,blue,1,time_period_06,place-bmmnl,637,21786,19,34,1147,3761
Fall 2018,blue,1,time_period_06,place-bomnl,18935,0,19,997,0,997
Fall 2018,blue,1,time_period_06,place-gover,80166,1249,19,4219,66,5150
Fall 2018,blue,1,time_period_06,place-mvbcl,7136,60446,19,376,3181,7973
Fall 2018,blue,1,time_period_06,place-orhte,1272,23352,19,67,1229,5023
Fall 2018,blue,1,time_period_06,place-rbmnl,269,16796,19,14,884,2892
Fall 2018,blue,1,time_period_06,place-sdmnl,218,3047,19,11,160,4874
Fall 2018,blue,1,time_period_06,place-state,86086,4205,19,4531,221,9460
Fall 2018,blue,1,time_period_06,place-wimnl,1306,10492,19,69,552,6185
Fall 2018,blue,1,time_period_06,place-wondl,0,54939,19,0,2892,0
Fall 2018,blue,1,time_period_07,place-aport,6778,21736,19,357,1144,3869
Fall 2018,blue,1,time_period_07,place-aqucl,17731,1498,19,933,79,6544
Fall 2018,green,0,time_period_01,place-plsgr,1,36,19,0,2,15
Fall 2018,green,0,time_period_01,place-prmnl,44,822,19,2,43,112
Fall 2018,green,0,time_period_01,place-river,0,59,19,0,3,0
Fall 2018,green,0,time_period_01,place-rsmnl,19,91,19,1,5,52
Fall 2018,green,0,time_period_01,place-alsgr,0,33,19,0,2,6
Fall 2018,green,0,time_period_01,place-armnl,222,1442,19,12,76,432
Fall 2018,green,0,time_period_01,place-rvrwy,3,63,19,0,3,5
Fall 2018,green,0,time_period_01,place-smary,0,137,19,0,7,10
Fall 2018,green,0,time_period_01,place-babck,0,30,19,0,2,13
Fall 2018,green,0,time_period_01,place-sougr,0,5,19,0,0,1
Fall 2018,green,0,time_period_02,place-hsmnl,0,390,19,0,21,0
Fall 2018,green,0,time_period_02,place-hwsst,9,221,19,0,12,77
Fall 2018,green,0,time_period_02,place-hymnl,743,2561,19,39,135,856
Fall 2018,green,0,time_period_01,place-spmnl,102,206,19,5,11,71
Fall 2018,green,0,time_period_01,place-bckhl,0,45,19,0,2,3
Fall 2018,green,0,time_period_02,place-kencl,864,5668,19,45,298,201
Fall 2018,green,0,time_period_01,place-bcnfd,9,25,19,0,1,56
Fall 2018,green,0,time_period_02,place-kntst,4,74,19,0,4,73
Fall 2018,green,0,time_period_01,place-sthld,0,4,19,0,0,2
Fall 2018,green,0,time_period_01,place-bcnwa,0,5,19,0,0,4
Fall 2018,green,0,time_period_02,place-lake,0,170,19,0,9,0
Fall 2018,green,0,time_period_01,place-stplb,1,12,19,0,1,17
Fall 2018,green,0,time_period_01,place-bland,1,26,19,0,1,23
Fall 2018,green,0,time_period_01,place-stpul,0,19,19,0,1,7
Fall 2018,green,0,time_period_02,place-lech,3146,0,19,166,0,166
Fall 2018,green,0,time_period_01,place-sumav,0,3,19,0,0,5
Fall 2018,green,0,time_period_01,place-bndhl,0,3,19,0,0,5
Fall 2018,green,0,time_period_02,place-lngmd,14,1789,19,1,94,138
Fall 2018,green,0,time_period_01,place-symcl,34,410,19,2,22,92
Fall 2018,green,0,time_period_01,place-boyls,452,1068,19,24,56,496
Fall 2018,green,0,time_period_02,place-longw,121,754,19,6,40,241
Fall 2018,green,0,time_period_01,place-tapst,0,3,19,0,0,4
Fall 2018,green,0,time_period_01,place-brico,0,33,19,0,2,12
Fall 2018,green,0,time_period_02,place-mfa,27,772,19,1,41,232
Fall 2018,green,0,time_period_01,place-waban,0,111,19,0,6,17
Fall 2018,green,0,time_period_01,place-brkhl,84,29,19,4,2,57
Fall 2018,green,0,time_period_02,place-mispk,23,182,19,1,10,43
Fall 2018,green,0,time_period_01,place-wascm,0,9,19,0,0,2
Fall 2018,green,0,time_period_01,place-brmnl,0,462,19,0,24,14
Fall 2018,green,0,time_period_02,place-newtn,61,759,19,3,40,134
Fall 2018,green,0,time_period_02,place-newto,6,921,19,0,48,171
Fall 2018,green,0,time_period_01,place-woodl,0,80,19,0,4,12
Fall 2018,green,0,time_period_01,place-bucen,2,25,19,0,1,19
Fall 2018,green,0,time_period_01,place-buest,13,70,19,1,4,20
Fall 2018,green,0,time_period_02,place-north,6761,345,19,356,18,484
Fall 2018,green,0,time_period_01,place-buwst,2,35,19,0,2,17
Fall 2018,green,0,time_period_01,place-wrnst,0,61,19,0,3,3
Fall 2018,green,0,time_period_02,place-nuniv,25,688,19,1,36,271
Fall 2018,green,0,time_period_01,place-bvmnl,53,63,19,3,3,54
Fall 2018,green,0,time_period_02,place-alsgr,59,240,19,3,13,48
Fall 2018,green,0,time_period_01,place-chhil,1,76,19,0,4,49
Fall 2018,green,0,time_period_02,place-pktrm,15776,13106,19,830,690,1961
Fall 2018,green,0,time_period_02,place-armnl,1279,6445,19,67,339,1621
Fall 2018,green,0,time_period_01,place-chill,0,5,19,0,0,1
Fall 2018,green,0,time_period_02,place-plsgr,18,202,19,1,11,71
Fall 2018,green,0,time_period_02,place-babck,19,158,19,1,8,64
Fall 2018,green,0,time_period_01,place-chswk,0,9,19,0,0,1
Fall 2018,green,0,time_period_02,place-prmnl,221,2360,19,12,124,334
Fall 2018,green,0,time_period_02,place-bckhl,0,214,19,0,11,21
Fall 2018,green,0,time_period_01,place-clmnl,0,23,19,0,1,0
Fall 2018,green,0,time_period_02,place-river,0,368,19,0,19,0
Fall 2018,green,0,time_period_02,place-bcnfd,89,156,19,5,8,238
Fall 2018,green,0,time_period_01,place-coecl,373,1998,19,20,105,183
Fall 2018,green,0,time_period_02,place-rsmnl,295,506,19,16,27,227
Fall 2018,green,0,time_period_02,place-rvrwy,6,227,19,0,12,32
Fall 2018,green,0,time_period_02,place-smary,0,990,19,0,52,88
Fall 2018,green,0,time_period_02,place-sougr,0,105,19,0,6,9
Fall 2018,green,0,time_period_02,place-spmnl,572,938,19,30,49,146
Fall 2018,green,0,time_period_02,place-sthld,11,89,19,1,5,26
Fall 2018,green,0,time_period_02,place-stplb,2,120,19,0,6,81
Fall 2018,green,0,time_period_02,place-stpul,5,195,19,0,10,63
Fall 2018,green,0,time_period_02,place-sumav,41,52,19,2,3,35
Fall 2018,green,0,time_period_02,place-symcl,212,759,19,11,40,306
Fall 2018,green,0,time_period_02,place-tapst,2,62,19,0,3,19
Fall 2018,green,0,time_period_02,place-waban,22,491,19,1,26,96
Fall 2018,green,0,time_period_02,place-wascm,76,157,19,4,8,30
Fall 2018,green,0,time_period_02,place-woodl,0,356,19,0,19,77
Fall 2018,green,0,time_period_02,place-wrnst,141,411,19,7,22,34
Fall 2018,green,0,time_period_03,place-alsgr,500,541,19,26,28,183
Fall 2018,green,0,time_period_03,place-armnl,6082,40810,19,320,2148,6700
Fall 2018,green,0,time_period_03,place-babck,109,1294,19,6,68,279
Fall 2018,green,0,time_period_03,place-bckhl,0,460,19,0,24,30
Fall 2018,green,0,time_period_03,place-bcnfd,715,776,19,38,41,667
Fall 2018,green,0,time_period_03,place-bcnwa,106,384,19,6,20,85
Fall 2018,green,0,time_period_03,place-bland,98,1265,19,5,67,811
Fall 2018,green,0,time_period_03,place-bndhl,262,351,19,14,18,117
Fall 2018,green,0,time_period_03,place-boyls,7030,11092,19,370,584,8527
Fall 2018,green,0,time_period_03,place-brico,95,698,19,5,37,247
Fall 2018,green,0,time_period_03,place-brkhl,1994,819,19,105,43,670
Fall 2018,green,0,time_period_03,place-brmnl,171,3850,19,9,203,141
Fall 2018,green,0,time_period_03,place-bucen,256,1662,19,13,87,622
Fall 2018,green,0,time_period_03,place-buest,213,2396,19,11,126,696
Fall 2018,green,0,time_period_03,place-buwst,45,2385,19,2,126,499
Fall 2018,green,0,time_period_03,place-bvmnl,1071,2405,19,56,127,608
Fall 2018,green,0,time_period_02,place-bcnwa,21,90,19,1,5,22
Fall 2018,green,0,time_period_02,place-bland,1,158,19,0,8,112
Fall 2018,green,0,time_period_02,place-bndhl,14,55,19,1,3,33
Fall 2018,green,0,time_period_02,place-boyls,1597,2879,19,84,152,1893
Fall 2018,green,0,time_period_02,place-brico,17,78,19,1,4,61
Fall 2018,green,0,time_period_02,place-brkhl,509,120,19,27,6,242
Fall 2018,green,0,time_period_02,place-brmnl,15,1489,19,1,78,60
Fall 2018,green,0,time_period_02,place-bucen,26,106,19,1,6,98
Fall 2018,green,0,time_period_02,place-buest,12,203,19,1,11,102
Fall 2018,green,0,time_period_02,place-buwst,15,210,19,1,11,87
Fall 2018,green,0,time_period_02,place-bvmnl,168,539,19,9,28,221
Fall 2018,green,0,time_period_02,place-chhil,284,431,19,15,23,219
Fall 2018,green,0,time_period_02,place-chill,24,182,19,1,10,14
Fall 2018,green,0,time_period_02,place-chswk,11,68,19,1,4,23
Fall 2018,green,0,time_period_02,place-clmnl,0,114,19,0,6,0
Fall 2018,green,0,time_period_02,place-coecl,2157,6390,19,114,336,825
Fall 2018,green,0,time_period_02,place-cool,35,556,19,2,29,35
Fall 2018,green,0,time_period_02,place-denrd,10,50,19,1,3,17
Fall 2018,green,0,time_period_02,place-eliot,39,295,19,2,16,121
Fall 2018,green,0,time_period_02,place-engav,0,201,19,0,11,6
Fall 2018,green,0,time_period_02,place-fbkst,23,159,19,1,8,25
Fall 2018,green,0,time_period_02,place-fenwd,5,170,19,0,9,52
Fall 2018,green,0,time_period_02,place-fenwy,28,1338,19,1,70,274
Fall 2018,green,0,time_period_02,place-gover,20059,1540,19,1056,81,1820
Fall 2018,green,0,time_period_02,place-grigg,227,105,19,12,6,58
Fall 2018,green,0,time_period_02,place-haecl,7438,571,19,391,30,845
Fall 2018,green,0,time_period_02,place-harvd,97,276,19,5,15,51
Fall 2018,green,0,time_period_01,place-cool,0,44,19,0,2,5
Fall 2018,green,0,time_period_01,place-denrd,0,8,19,0,0,3
Fall 2018,green,0,time_period_01,place-eliot,0,79,19,0,4,22
Fall 2018,green,0,time_period_01,place-engav,0,39,19,0,2,1
Fall 2018,green,0,time_period_01,place-fbkst,0,11,19,0,1,4
Fall 2018,green,0,time_period_01,place-fenwd,0,62,19,0,3,11
Fall 2018,green,0,time_period_01,place-fenwy,10,178,19,1,9,60
Fall 2018,green,0,time_period_01,place-gover,6903,772,19,363,41,694
Fall 2018,green,0,time_period_01,place-grigg,0,10,19,0,1,7
Fall 2018,green,0,time_period_01,place-haecl,4990,298,19,263,16,372
Fall 2018,green,0,time_period_01,place-harvd,0,67,19,0,4,8
Fall 2018,green,0,time_period_01,place-hsmnl,0,53,19,0,3,0
Fall 2018,green,0,time_period_01,place-hwsst,0,29,19,0,2,9
Fall 2018,green,0,time_period_01,place-hymnl,210,660,19,11,35,170
Fall 2018,green,0,time_period_01,place-kencl,74,1187,19,4,62,37
Fall 2018,green,0,time_period_01,place-kntst,0,12,19,0,1,8
Fall 2018,green,0,time_period_01,place-lake,0,16,19,0,1,0
Fall 2018,green,0,time_period_01,place-lech,1451,0,19,76,0,76
Fall 2018,green,0,time_period_01,place-lngmd,0,559,19,0,29,38
Fall 2018,green,0,time_period_01,place-longw,8,107,19,0,6,55
Fall 2018,green,0,time_period_01,place-mfa,27,215,19,1,11,68
Fall 2018,green,0,time_period_01,place-mispk,0,46,19,0,2,8
Fall 2018,green,0,time_period_01,place-newtn,0,192,19,0,10,27
Fall 2018,green,0,time_period_01,place-newto,0,226,19,0,12,37
Fall 2018,green,0,time_period_01,place-north,1149,126,19,60,7,125
Fall 2018,green,0,time_period_01,place-nuniv,8,289,19,0,15,78
Fall 2018,green,0,time_period_01,place-pktrm,2782,5932,19,146,312,529
Fall 2018,green,0,time_period_07,place-rvrwy,5,1757,19,0,92,96
Fall 2018,green,0,time_period_07,place-smary,637,2853,19,34,150,1001
Fall 2018,green,0,time_period_07,place-sougr,1,609,19,0,32,33
Fall 2018,green,0,time_period_06,place-chswk,52,1824,19,3,96,131
Fall 2018,green,0,time_period_07,place-spmnl,8912,5911,19,469,311,1090
Fall 2018,green,0,time_period_06,place-clmnl,0,825,19,0,43,0
Fall 2018,green,0,time_period_07,place-sthld,95,2661,19,5,140,183
Fall 2018,green,0,time_period_06,place-coecl,33445,32167,19,1760,1693,6560
Fall 2018,green,0,time_period_07,place-stplb,1233,1499,19,65,79,1903
Fall 2018,green,0,time_period_06,place-cool,2794,8445,19,147,444,870
Fall 2018,green,0,time_period_07,place-stpul,355,1861,19,19,98,871
Fall 2018,green,0,time_period_06,place-denrd,182,2215,19,10,117,186
Fall 2018,green,0,time_period_07,place-sumav,561,2256,19,30,119,603
Fall 2018,green,0,time_period_06,place-eliot,180,2423,19,9,128,721
Fall 2018,green,0,time_period_07,place-symcl,1264,6499,19,67,342,865
Fall 2018,green,0,time_period_04,place-river,0,987,19,0,52,0
Fall 2018,green,0,time_period_04,place-alsgr,593,1273,19,31,67,368
Fall 2018,green,0,time_period_08,place-kntst,50,261,19,3,14,228
Fall 2018,green,0,time_period_06,place-engav,0,2699,19,0,142,43
Fall 2018,green,0,time_period_06,place-fbkst,97,2685,19,5,141,501
Fall 2018,green,0,time_period_06,place-fenwd,181,2053,19,10,108,403
Fall 2018,green,0,time_period_06,place-fenwy,850,4779,19,45,252,2148
Fall 2018,green,0,time_period_06,place-gover,60745,9823,19,3197,517,6150
Fall 2018,green,0,time_period_06,place-grigg,519,4570,19,27,241,918
Fall 2018,green,0,time_period_06,place-haecl,21046,7278,19,1108,383,3470
Fall 2018,green,0,time_period_06,place-harvd,3091,13776,19,163,725,1131
Fall 2018,green,0,time_period_06,place-hsmnl,0,1371,19,0,72,0
Fall 2018,green,0,time_period_06,place-hwsst,1287,1572,19,68,83,1340
Fall 2018,green,0,time_period_06,place-hymnl,20378,23274,19,1073,1225,7934
Fall 2018,green,0,time_period_06,place-kencl,12966,47572,19,682,2504,2038
Fall 2018,green,0,time_period_06,place-kntst,386,1586,19,20,83,1277
Fall 2018,green,0,time_period_06,place-lake,0,1054,19,0,55,0
Fall 2018,green,0,time_period_06,place-lech,30280,0,19,1594,0,1594
Fall 2018,green,0,time_period_06,place-lngmd,626,4297,19,33,226,658
Fall 2018,green,0,time_period_06,place-longw,4230,3284,19,223,173,2198
Fall 2018,green,0,time_period_06,place-mfa,864,3659,19,45,193,851
Fall 2018,green,0,time_period_06,place-mispk,191,3344,19,10,176,237
Fall 2018,green,0,time_period_06,place-newtn,327,4058,19,17,214,839
Fall 2018,green,0,time_period_06,place-newto,98,5751,19,5,303,1035
Fall 2018,green,0,time_period_06,place-north,24537,6407,19,1291,337,2745
Fall 2018,green,0,time_period_06,place-nuniv,1205,5361,19,63,282,998
Fall 2018,green,0,time_period_06,place-pktrm,106475,47461,19,5604,2498,9256
Fall 2018,green,0,time_period_06,place-plsgr,695,2762,19,37,145,2088
Fall 2018,green,0,time_period_06,place-prmnl,2224,8262,19,117,435,1663
Fall 2018,green,0,time_period_06,place-river,0,2602,19,0,137,0
Fall 2018,green,0,time_period_06,place-rsmnl,832,7168,19,44,377,1418
Fall 2018,green,0,time_period_06,place-rvrwy,23,2039,19,1,107,131
Fall 2018,green,0,time_period_06,place-smary,875,3631,19,46,191,1355
Fall 2018,green,0,time_period_06,place-sougr,3,737,19,0,39,55
Fall 2018,green,0,time_period_07,place-babck,1031,3216,19,54,169,1710
Fall 2018,green,0,time_period_03,place-chhil,861,1957,19,45,103,602
Fall 2018,green,0,time_period_06,place-spmnl,10301,6556,19,542,345,1791
Fall 2018,green,0,time_period_06,place-sthld,164,2760,19,9,145,224
Fall 2018,green,0,time_period_06,place-stplb,1044,1868,19,55,98,2197
Fall 2018,green,0,time_period_06,place-stpul,445,2524,19,23,133,1168
Fall 2018,green,0,time_period_06,place-sumav,549,2828,19,29,149,750
Fall 2018,green,0,time_period_06,place-symcl,1646,10117,19,87,532,1217
Fall 2018,green,0,time_period_06,place-tapst,164,1972,19,9,104,292
Fall 2018,green,0,time_period_06,place-waban,37,2254,19,2,119,604
Fall 2018,green,0,time_period_06,place-wascm,509,3916,19,27,206,361
Fall 2018,green,0,time_period_06,place-woodl,8,1087,19,0,57,548
Fall 2018,green,0,time_period_06,place-wrnst,645,5152,19,34,271,540
Fall 2018,green,0,time_period_07,place-alsgr,466,2861,19,25,151,725
Fall 2018,green,0,time_period_07,place-armnl,10096,6585,19,531,347,6199
Fall 2018,green,0,time_period_07,place-bckhl,0,799,19,0,42,54
Fall 2018,green,0,time_period_05,place-hymnl,9113,14245,19,480,750,3551
Fall 2018,green,0,time_period_04,place-armnl,9865,28635,19,519,1507,8070
Fall 2018,green,0,time_period_05,place-kencl,7228,21043,19,380,1108,941
Fall 2018,green,0,time_period_08,place-lake,0,169,19,0,9,0
Fall 2018,green,0,time_period_04,place-rsmnl,1433,3183,19,75,168,725
Fall 2018,green,0,time_period_03,place-chill,104,792,19,5,42,90
Fall 2018,green,0,time_period_07,place-bcnfd,286,4250,19,15,224,1138
Fall 2018,green,0,time_period_08,place-lech,3645,0,19,192,0,192
Fall 2018,green,0,time_period_07,place-tapst,117,1586,19,6,83,237
Fall 2018,green,0,time_period_07,place-bcnwa,104,1642,19,5,86,314
Fall 2018,green,0,time_period_05,place-kntst,227,705,19,12,37,542
Fall 2018,green,0,time_period_03,place-chswk,143,404,19,8,21,126
Fall 2018,green,0,time_period_04,place-rvrwy,28,915,19,1,48,94
Fall 2018,green,0,time_period_08,place-lngmd,108,876,19,6,46,157
Fall 2018,green,0,time_period_07,place-waban,19,1376,19,1,72,367
Fall 2018,green,0,time_period_04,place-babck,528,2269,19,28,119,806
Fall 2018,green,0,time_period_07,place-bland,1003,2735,19,53,144,1790
Fall 2018,green,0,time_period_05,place-lake,0,750,19,0,39,0
Fall 2018,green,0,time_period_03,place-clmnl,0,498,19,0,26,0
Fall 2018,green,0,time_period_04,place-smary,266,3987,19,14,210,618
Fall 2018,green,0,time_period_08,place-longw,528,519,19,28,27,491
Fall 2018,green,0,time_period_07,place-wascm,327,3804,19,17,200,318
Fall 2018,green,0,time_period_07,place-woodl,8,840,19,0,44,323
Fall 2018,green,0,time_period_07,place-wrnst,476,4740,19,25,249,501
Fall 2018,green,0,time_period_08,place-alsgr,121,706,19,6,37,200
Fall 2018,green,0,time_period_08,place-armnl,2544,2017,19,134,106,1445
Fall 2018,green,0,time_period_08,place-babck,311,760,19,16,40,483
Fall 2018,green,0,time_period_08,place-bckhl,0,137,19,0,7,15
Fall 2018,green,0,time_period_08,place-bcnfd,42,853,19,2,45,398
Fall 2018,green,0,time_period_08,place-bcnwa,10,332,19,1,17,90
Fall 2018,green,0,time_period_08,place-bland,144,408,19,8,21,509
Fall 2018,green,0,time_period_08,place-bndhl,14,378,19,1,20,130
Fall 2018,green,0,time_period_08,place-boyls,6926,2057,19,365,108,1418
Fall 2018,green,0,time_period_08,place-brico,151,1207,19,8,64,427
Fall 2018,green,0,time_period_08,place-brkhl,206,595,19,11,31,441
Fall 2018,green,0,time_period_08,place-brmnl,61,584,19,3,31,129
Fall 2018,green,0,time_period_08,place-bucen,715,319,19,38,17,530
Fall 2018,green,0,time_period_08,place-buest,384,374,19,20,20,509
Fall 2018,green,0,time_period_08,place-buwst,302,350,19,16,18,528
Fall 2018,green,0,time_period_08,place-bvmnl,337,908,19,18,48,461
Fall 2018,green,0,time_period_08,place-chhil,90,500,19,5,26,326
Fall 2018,green,0,time_period_08,place-chill,4,186,19,0,10,15
Fall 2018,green,0,time_period_08,place-chswk,1,449,19,0,24,25
Fall 2018,green,0,time_period_08,place-clmnl,0,205,19,0,11,0
Fall 2018,green,0,time_period_08,place-coecl,4458,2988,19,235,157,967
Fall 2018,green,0,time_period_08,place-cool,213,1140,19,11,60,163
Fall 2018,green,0,time_period_08,place-denrd,16,539,19,1,28,45
Fall 2018,green,0,time_period_08,place-eliot,16,361,19,1,19,238
Fall 2018,green,0,time_period_08,place-engav,0,654,19,0,34,11
Fall 2018,green,0,time_period_08,place-fbkst,14,444,19,1,23,107
Fall 2018,green,0,time_period_08,place-fenwd,19,656,19,1,35,96
Fall 2018,green,0,time_period_08,place-fenwy,156,780,19,8,41,491
Fall 2018,green,0,time_period_08,place-gover,6309,3115,19,332,164,886
Fall 2018,green,0,time_period_08,place-grigg,238,1123,19,13,59,231
Fall 2018,green,0,time_period_08,place-haecl,4263,1236,19,224,65,717
Fall 2018,green,0,time_period_08,place-harvd,845,3694,19,44,194,277
Fall 2018,green,0,time_period_08,place-hsmnl,0,292,19,0,15,0
Fall 2018,green,0,time_period_08,place-hwsst,273,246,19,14,13,239
Fall 2018,green,0,time_period_08,place-hymnl,4745,3038,19,250,160,1263
Fall 2018,green,0,time_period_08,place-kencl,6563,5462,19,345,287,440
Fall 2018,green,0,time_period_05,place-lech,15186,0,19,799,0,799
Fall 2018,green,0,time_period_07,place-bndhl,216,2027,19,11,107,507
Fall 2018,green,0,time_period_08,place-mfa,374,476,19,20,25,197
Fall 2018,green,0,time_period_04,place-bckhl,0,707,19,0,37,57
Fall 2018,green,0,time_period_03,place-coecl,17597,38090,19,926,2005,3389
Fall 2018,green,0,time_period_04,place-sougr,0,722,19,0,38,66
Fall 2018,green,0,time_period_05,place-lngmd,383,3145,19,20,166,354
Fall 2018,green,0,time_period_04,place-bcnfd,644,1857,19,34,98,817
Fall 2018,green,0,time_period_08,place-mispk,21,928,19,1,49,48
Fall 2018,green,0,time_period_04,place-spmnl,7002,6016,19,369,317,1188
Fall 2018,green,0,time_period_05,place-longw,3216,2030,19,169,107,1012
Fall 2018,green,0,time_period_03,place-cool,492,2080,19,26,109,133
Fall 2018,green,0,time_period_07,place-boyls,21633,7735,19,1139,407,6014
Fall 2018,green,0,time_period_04,place-bcnwa,107,866,19,6,46,167
Fall 2018,green,0,time_period_08,place-newtn,25,501,19,1,26,256
Fall 2018,green,0,time_period_04,place-sthld,182,1222,19,10,64,178
Fall 2018,green,0,time_period_05,place-mfa,656,2267,19,35,119,500
Fall 2018,green,0,time_period_03,place-denrd,44,270,19,2,14,66
Fall 2018,green,0,time_period_07,place-brico,626,4320,19,33,227,1516
Fall 2018,green,0,time_period_04,place-bland,1122,2204,19,59,116,1272
Fall 2018,green,0,time_period_08,place-newto,20,881,19,1,46,281
Fall 2018,green,0,time_period_04,place-stplb,601,2324,19,32,122,1002
Fall 2018,green,0,time_period_05,place-mispk,141,1730,19,7,91,116
Fall 2018,green,0,time_period_03,place-eliot,154,580,19,8,31,327
Fall 2018,green,0,time_period_07,place-brkhl,1152,2383,19,61,125,1347
Fall 2018,green,0,time_period_04,place-bndhl,290,900,19,15,47,256
Fall 2018,green,0,time_period_08,place-north,6931,395,19,365,21,558
Fall 2018,green,0,time_period_08,place-nuniv,204,993,19,11,52,203
Fall 2018,green,0,time_period_08,place-pktrm,12892,7652,19,679,403,1161
Fall 2018,green,0,time_period_08,place-plsgr,214,604,19,11,32,507
Fall 2018,green,0,time_period_08,place-prmnl,307,1065,19,16,56,310
Fall 2018,green,0,time_period_08,place-river,0,950,19,0,50,0
Fall 2018,green,0,time_period_08,place-rsmnl,127,1086,19,7,57,348
Fall 2018,green,0,time_period_08,place-rvrwy,10,496,19,1,26,23
Fall 2018,green,0,time_period_08,place-smary,123,805,19,6,42,238
Fall 2018,green,0,time_period_08,place-sougr,0,117,19,0,6,9
Fall 2018,green,0,time_period_08,place-spmnl,1389,966,19,73,51,214
Fall 2018,green,0,time_period_08,place-sthld,17,683,19,1,36,48
Fall 2018,green,0,time_period_08,place-stplb,274,286,19,14,15,527
Fall 2018,green,0,time_period_08,place-stpul,71,377,19,4,20,212
Fall 2018,green,0,time_period_08,place-sumav,159,438,19,8,23,149
Fall 2018,green,0,time_period_08,place-symcl,292,1543,19,15,81,244
Fall 2018,green,0,time_period_08,place-tapst,13,341,19,1,18,73
Fall 2018,green,0,time_period_08,place-waban,2,451,19,0,24,214
Fall 2018,green,0,time_period_08,place-wascm,57,1133,19,3,60,83
Fall 2018,green,0,time_period_08,place-woodl,0,267,19,0,14,200
Fall 2018,green,0,time_period_08,place-wrnst,136,1281,19,7,67,140
Fall 2018,green,0,time_period_09,place-alsgr,28,132,19,1,7,44
Fall 2018,green,0,time_period_09,place-armnl,362,245,19,19,13,257
Fall 2018,green,0,time_period_09,place-babck,43,181,19,2,10,110
Fall 2018,green,0,time_period_09,place-bckhl,0,20,19,0,1,1
Fall 2018,green,0,time_period_09,place-bcnfd,4,123,19,0,6,51
Fall 2018,green,0,time_period_09,place-bcnwa,1,56,19,0,3,10
Fall 2018,green,0,time_period_09,place-bland,41,56,19,2,3,123
Fall 2018,green,0,time_period_09,place-bndhl,0,92,19,0,5,17
Fall 2018,green,0,time_period_09,place-boyls,1257,190,19,66,10,251
Fall 2018,green,0,time_period_09,place-brico,20,311,19,1,16,95
Fall 2018,green,0,time_period_09,place-brkhl,43,116,19,2,6,57
Fall 2018,green,0,time_period_09,place-brmnl,0,71,19,0,4,12
Fall 2018,green,0,time_period_09,place-bucen,121,52,19,6,3,126
Fall 2018,green,0,time_period_09,place-buest,72,74,19,4,4,123
Fall 2018,green,0,time_period_09,place-buwst,75,52,19,4,3,127
Fall 2018,green,0,time_period_09,place-bvmnl,36,180,19,2,9,61
Fall 2018,green,0,time_period_09,place-chhil,13,60,19,1,3,39
Fall 2018,green,0,time_period_09,place-chill,0,41,19,0,2,3
Fall 2018,green,0,time_period_09,place-chswk,4,84,19,0,4,5
Fall 2018,green,0,time_period_09,place-clmnl,0,56,19,0,3,0
Fall 2018,green,0,time_period_05,place-newtn,264,2252,19,14,119,414
Fall 2018,green,0,time_period_04,place-stpul,342,1459,19,18,77,500
Fall 2018,green,0,time_period_03,place-engav,1,760,19,0,40,26
Fall 2018,green,0,time_period_07,place-brmnl,443,2542,19,23,134,429
Fall 2018,green,0,time_period_05,place-newto,112,3624,19,6,191,518
Fall 2018,green,0,time_period_03,place-fbkst,146,476,19,8,25,100
Fall 2018,green,0,time_period_04,place-sumav,566,1155,19,30,61,288
Fall 2018,green,0,time_period_04,place-symcl,1493,8067,19,79,425,1174
Fall 2018,green,0,time_period_05,place-north,13699,2303,19,721,121,1500
Fall 2018,green,0,time_period_04,place-boyls,16698,14778,19,879,778,9058
Fall 2018,green,0,time_period_04,place-tapst,88,658,19,5,35,137
Fall 2018,green,0,time_period_05,place-nuniv,1037,3005,19,55,158,584
Fall 2018,green,0,time_period_04,place-brico,385,2537,19,20,134,693
Fall 2018,green,0,time_period_04,place-waban,55,1141,19,3,60,267
Fall 2018,green,0,time_period_03,place-fenwd,65,718,19,3,38,107
Fall 2018,green,0,time_period_07,place-bucen,3196,1195,19,168,63,1942
Fall 2018,green,0,time_period_05,place-pktrm,56752,29816,19,2987,1569,5244
Fall 2018,green,0,time_period_04,place-brkhl,2272,1291,19,120,68,881
Fall 2018,green,0,time_period_04,place-wascm,572,1683,19,30,89,233
Fall 2018,green,0,time_period_03,place-fenwy,224,5636,19,12,297,768
Fall 2018,green,0,time_period_07,place-buest,2267,1393,19,119,73,1836
Fall 2018,green,0,time_period_05,place-plsgr,586,2148,19,31,113,1042
Fall 2018,green,0,time_period_04,place-brmnl,329,3784,19,17,199,282
Fall 2018,green,0,time_period_04,place-woodl,2,1119,19,0,59,208
Fall 2018,green,0,time_period_03,place-gover,53336,8795,19,2807,463,6327
Fall 2018,green,0,time_period_07,place-buwst,1152,1629,19,61,86,1917
Fall 2018,green,0,time_period_07,place-bvmnl,2119,4453,19,112,234,1411
Fall 2018,green,0,time_period_07,place-chhil,427,1761,19,22,93,802
Fall 2018,green,0,time_period_07,place-chill,102,822,19,5,43,65
Fall 2018,green,0,time_period_07,place-chswk,55,1577,19,3,83,103
Fall 2018,green,0,time_period_07,place-clmnl,0,693,19,0,36,0
Fall 2018,green,0,time_period_07,place-coecl,24573,15192,19,1293,800,4367
Fall 2018,green,0,time_period_07,place-cool,2497,5911,19,131,311,692
Fall 2018,green,0,time_period_07,place-denrd,181,1835,19,10,97,149
Fall 2018,green,0,time_period_07,place-eliot,92,1355,19,5,71,438
Fall 2018,green,0,time_period_07,place-engav,0,2146,19,0,113,36
Fall 2018,green,0,time_period_07,place-fbkst,67,2202,19,4,116,395
Fall 2018,green,0,time_period_07,place-fenwd,149,1841,19,8,97,339
Fall 2018,green,0,time_period_07,place-fenwy,658,4016,19,35,211,1496
Fall 2018,green,0,time_period_07,place-gover,26843,6966,19,1413,367,3124
Fall 2018,green,0,time_period_07,place-grigg,896,4346,19,47,229,851
Fall 2018,green,0,time_period_07,place-haecl,14024,4025,19,738,212,2078
Fall 2018,green,0,time_period_07,place-harvd,3262,12439,19,172,655,1033
Fall 2018,green,0,time_period_07,place-hsmnl,0,1027,19,0,54,0
Fall 2018,green,0,time_period_07,place-hwsst,1155,1100,19,61,58,1004
Fall 2018,green,0,time_period_07,place-hymnl,19289,14729,19,1015,775,5628
Fall 2018,green,0,time_period_07,place-kencl,11857,30013,19,624,1580,1557
Fall 2018,green,0,time_period_07,place-kntst,267,1274,19,14,67,951
Fall 2018,green,0,time_period_07,place-lake,0,620,19,0,33,0
Fall 2018,green,0,time_period_07,place-lech,17708,0,19,932,0,932
Fall 2018,green,0,time_period_07,place-lngmd,445,3482,19,23,183,539
Fall 2018,green,0,time_period_07,place-longw,3394,2677,19,179,141,1534
Fall 2018,green,0,time_period_07,place-mfa,1057,2317,19,56,122,699
Fall 2018,green,0,time_period_07,place-mispk,132,3004,19,7,158,188
Fall 2018,green,0,time_period_07,place-newtn,199,2263,19,10,119,505
Fall 2018,green,0,time_period_07,place-newto,68,3647,19,4,192,613
Fall 2018,green,0,time_period_07,place-north,11451,2678,19,603,141,1552
Fall 2018,green,0,time_period_07,place-nuniv,1426,3316,19,75,175,765
Fall 2018,green,0,time_period_07,place-pktrm,64678,23660,19,3404,1245,5283
Fall 2018,green,0,time_period_07,place-plsgr,850,2319,19,45,122,1825
Fall 2018,green,0,time_period_07,place-prmnl,1844,4975,19,97,262,1140
Fall 2018,green,0,time_period_07,place-river,0,1535,19,0,81,0
Fall 2018,green,0,time_period_07,place-rsmnl,499,5552,19,26,292,872
Fall 2018,green,0,time_period_05,place-prmnl,1343,6623,19,71,349,921
Fall 2018,green,0,time_period_04,place-bucen,2645,2359,19,139,124,1224
Fall 2018,green,0,time_period_04,place-wrnst,822,2284,19,43,120,291
Fall 2018,green,0,time_period_05,place-river,0,1195,19,0,63,0
Fall 2018,green,0,time_period_05,place-alsgr,306,1498,19,16,79,405
Fall 2018,green,0,time_period_04,place-buest,2195,3379,19,116,178,1209
Fall 2018,green,0,time_period_04,place-buwst,682,3192,19,36,168,1092
Fall 2018,green,0,time_period_03,place-grigg,482,391,19,25,21,185
Fall 2018,green,0,time_period_04,place-bvmnl,1527,3267,19,80,172,830
Fall 2018,green,0,time_period_05,place-rsmnl,666,3771,19,35,198,749
Fall 2018,green,0,time_period_04,place-chhil,864,2075,19,45,109,662
Fall 2018,green,0,time_period_03,place-haecl,19737,3598,19,1039,189,3983
Fall 2018,green,0,time_period_04,place-chill,130,733,19,7,39,104
Fall 2018,green,0,time_period_05,place-rvrwy,12,899,19,1,47,69
Fall 2018,green,0,time_period_04,place-chswk,177,975,19,9,51,136
Fall 2018,green,0,time_period_03,place-harvd,608,1883,19,32,99,180
Fall 2018,green,0,time_period_04,place-clmnl,0,631,19,0,33,0
Fall 2018,green,0,time_period_05,place-smary,392,2481,19,21,131,564
Fall 2018,green,0,time_period_03,place-hsmnl,0,577,19,0,30,0
Fall 2018,green,0,time_period_04,place-coecl,21524,40229,19,1133,2117,4318
Fall 2018,green,0,time_period_05,place-sougr,1,545,19,0,29,39
Fall 2018,green,0,time_period_03,place-hwsst,202,771,19,11,41,252
Fall 2018,green,0,time_period_04,place-cool,1489,4923,19,78,259,319
Fall 2018,green,0,time_period_05,place-spmnl,7305,5379,19,384,283,901
Fall 2018,green,0,time_period_03,place-hymnl,3798,12499,19,200,658,3509
Fall 2018,green,0,time_period_05,place-armnl,7591,11322,19,400,596,5368
Fall 2018,green,0,time_period_04,place-denrd,94,719,19,5,38,105
Fall 2018,green,0,time_period_05,place-sthld,155,1421,19,8,75,150
Fall 2018,green,0,time_period_05,place-stplb,874,1629,19,46,86,1124
Fall 2018,green,0,time_period_05,place-stpul,269,1219,19,14,64,492
Fall 2018,green,0,time_period_05,place-sumav,535,1102,19,28,58,338
Fall 2018,green,0,time_period_05,place-symcl,1035,5465,19,54,288,688
Fall 2018,green,0,time_period_05,place-tapst,80,764,19,4,40,141
Fall 2018,green,0,time_period_05,place-waban,44,1284,19,2,68,288
Fall 2018,green,0,time_period_05,place-wascm,436,2057,19,23,108,217
Fall 2018,green,0,time_period_05,place-woodl,4,695,19,0,37,252
Fall 2018,green,0,time_period_05,place-wrnst,595,2540,19,31,134,302
Fall 2018,green,0,time_period_06,place-alsgr,487,3167,19,26,167,777
Fall 2018,green,0,time_period_06,place-armnl,16248,14729,19,855,775,10000
Fall 2018,green,0,time_period_06,place-babck,794,3710,19,42,195,1935
Fall 2018,green,0,time_period_06,place-bckhl,0,1122,19,0,59,72
Fall 2018,green,0,time_period_06,place-bcnfd,527,4914,19,28,259,1751
Fall 2018,green,0,time_period_06,place-bcnwa,167,2319,19,9,122,388
Fall 2018,green,0,time_period_06,place-bland,1257,1800,19,66,95,2229
Fall 2018,green,0,time_period_06,place-bndhl,257,2405,19,14,127,637
Fall 2018,green,0,time_period_06,place-boyls,24064,11444,19,1267,602,9920
Fall 2018,green,0,time_period_06,place-brico,541,5115,19,28,269,1694
Fall 2018,green,0,time_period_06,place-brkhl,1679,2729,19,88,144,1982
Fall 2018,green,0,time_period_06,place-brmnl,414,3385,19,22,178,502
Fall 2018,green,0,time_period_06,place-bucen,2970,1672,19,156,88,2302
Fall 2018,green,0,time_period_06,place-buest,2070,1982,19,109,104,2234
Fall 2018,green,0,time_period_06,place-buwst,987,2160,19,52,114,2240
Fall 2018,green,0,time_period_06,place-bvmnl,2373,5424,19,125,285,2037
Fall 2018,green,0,time_period_06,place-chhil,978,2584,19,51,136,1333
Fall 2018,green,0,time_period_06,place-chill,126,822,19,7,43,94
Fall 2018,green,0,time_period_04,place-eliot,191,835,19,10,44,324
Fall 2018,green,0,time_period_05,place-babck,634,2333,19,33,123,952
Fall 2018,green,0,time_period_03,place-kencl,4770,26404,19,251,1390,790
Fall 2018,green,0,time_period_04,place-engav,7,1362,19,0,72,33
Fall 2018,green,0,time_period_05,place-bckhl,0,577,19,0,30,39
Fall 2018,green,0,time_period_05,place-bcnfd,586,2030,19,31,107,913
Fall 2018,green,0,time_period_05,place-bcnwa,122,1049,19,6,55,177
Fall 2018,green,0,time_period_05,place-bland,1378,1078,19,73,57,1067
Fall 2018,green,0,time_period_05,place-bndhl,259,1057,19,14,56,296
Fall 2018,green,0,time_period_05,place-boyls,13973,7889,19,735,415,5564
Fall 2018,green,0,time_period_05,place-brico,381,2968,19,20,156,816
Fall 2018,green,0,time_period_05,place-brkhl,1888,1349,19,99,71,989
Fall 2018,green,0,time_period_05,place-brmnl,321,2011,19,17,106,265
Fall 2018,green,0,time_period_05,place-bucen,2919,1321,19,154,70,1210
Fall 2018,green,0,time_period_05,place-buest,2450,1329,19,129,70,1126
Fall 2018,green,0,time_period_05,place-buwst,1084,1964,19,57,103,1164
Fall 2018,green,0,time_period_05,place-bvmnl,1853,2844,19,98,150,960
Fall 2018,green,0,time_period_05,place-chhil,814,1688,19,43,89,703
Fall 2018,green,0,time_period_05,place-chill,73,643,19,4,34,68
Fall 2018,green,0,time_period_05,place-chswk,42,1036,19,2,55,98
Fall 2018,green,0,time_period_05,place-clmnl,0,329,19,0,17,0
Fall 2018,green,0,time_period_05,place-coecl,15969,22590,19,840,1189,3165
Fall 2018,green,0,time_period_05,place-cool,1643,4006,19,86,211,368
Fall 2018,green,0,time_period_05,place-denrd,124,985,19,7,52,95
Fall 2018,green,0,time_period_05,place-eliot,89,1234,19,5,65,353
Fall 2018,green,0,time_period_05,place-engav,0,1482,19,0,78,17
Fall 2018,green,0,time_period_05,place-fbkst,56,1401,19,3,74,225
Fall 2018,green,0,time_period_05,place-fenwd,149,1402,19,8,74,199
Fall 2018,green,0,time_period_05,place-fenwy,570,3398,19,30,179,950
Fall 2018,green,0,time_period_05,place-gover,38541,6930,19,2028,365,3827
Fall 2018,green,0,time_period_05,place-grigg,452,2206,19,24,116,467
Fall 2018,green,0,time_period_05,place-haecl,16212,3627,19,853,191,2163
Fall 2018,green,0,time_period_05,place-harvd,2159,7032,19,114,370,560
Fall 2018,green,0,time_period_05,place-hsmnl,0,732,19,0,39,0
Fall 2018,green,0,time_period_05,place-hwsst,864,791,19,45,42,568
Fall 2018,green,0,time_period_04,place-fbkst,111,1030,19,6,54,207
Fall 2018,green,0,time_period_04,place-fenwd,118,1297,19,6,68,220
Fall 2018,green,0,time_period_04,place-fenwy,411,6045,19,22,318,977
Fall 2018,green,0,time_period_03,place-kntst,60,294,19,3,15,240
Fall 2018,green,0,time_period_04,place-gover,55380,9137,19,2915,481,6050
Fall 2018,green,0,time_period_03,place-lake,0,1330,19,0,70,0
Fall 2018,green,0,time_period_04,place-grigg,509,1686,19,27,89,404
Fall 2018,green,0,time_period_03,place-lech,22387,0,19,1178,0,1178
Fall 2018,green,0,time_period_04,place-haecl,24331,4187,19,1281,220,3617
Fall 2018,green,0,time_period_03,place-lngmd,121,5595,19,6,294,335
Fall 2018,green,0,time_period_04,place-harvd,1998,6312,19,105,332,466
Fall 2018,green,0,time_period_03,place-longw,1232,2928,19,65,154,678
Fall 2018,green,0,time_period_04,place-hsmnl,0,1084,19,0,57,0
Fall 2018,green,0,time_period_03,place-mfa,223,3456,19,12,182,623
Fall 2018,green,0,time_period_04,place-hwsst,677,1231,19,36,65,589
Fall 2018,green,0,time_period_03,place-mispk,56,584,19,3,31,79
Fall 2018,green,0,time_period_04,place-hymnl,9166,20187,19,482,1062,4513
Fall 2018,green,0,time_period_03,place-newtn,177,2349,19,9,124,349
Fall 2018,green,0,time_period_04,place-kencl,9162,30014,19,482,1580,1139
Fall 2018,green,0,time_period_03,place-newto,74,2699,19,4,142,464
Fall 2018,green,0,time_period_04,place-kntst,201,784,19,11,41,558
Fall 2018,green,0,time_period_03,place-north,40229,2294,19,2117,121,3133
Fall 2018,green,0,time_period_04,place-lake,0,1258,19,0,66,0
Fall 2018,green,0,time_period_03,place-nuniv,268,2780,19,14,146,793
Fall 2018,green,0,time_period_04,place-lech,21581,0,19,1136,0,1136
Fall 2018,green,0,time_period_03,place-pktrm,83221,37355,19,4380,1966,8741
Fall 2018,green,0,time_period_04,place-lngmd,345,5850,19,18,308,464
Fall 2018,green,0,time_period_03,place-plsgr,62,1833,19,3,96,341
Fall 2018,green,0,time_period_04,place-longw,2069,3120,19,109,164,921
Fall 2018,green,0,time_period_03,place-prmnl,1059,11693,19,56,615,1095
Fall 2018,green,0,time_period_04,place-mfa,753,4659,19,40,245,754
Fall 2018,green,0,time_period_03,place-river,0,1219,19,0,64,0
Fall 2018,green,0,time_period_03,place-rsmnl,1857,2000,19,98,105,659
Fall 2018,green,0,time_period_03,place-rvrwy,12,474,19,1,25,55
Fall 2018,green,0,time_period_03,place-smary,76,3184,19,4,168,282
Fall 2018,green,0,time_period_03,place-sougr,0,372,19,0,20,70
Fall 2018,green,0,time_period_03,place-spmnl,6378,7164,19,336,377,1137
Fall 2018,green,0,time_period_03,place-sthld,100,379,19,5,20,139
Fall 2018,green,0,time_period_03,place-stplb,48,1265,19,3,67,435
Fall 2018,green,0,time_period_03,place-stpul,142,586,19,7,31,216
Fall 2018,green,0,time_period_03,place-sumav,197,399,19,10,21,122
Fall 2018,green,0,time_period_03,place-symcl,774,3993,19,41,210,925
Fall 2018,green,0,time_period_03,place-tapst,91,233,19,5,12,78
Fall 2018,green,0,time_period_03,place-waban,107,787,19,6,41,291
Fall 2018,green,0,time_period_03,place-wascm,526,722,19,28,38,154
Fall 2018,green,0,time_period_03,place-woodl,0,653,19,0,34,257
Fall 2018,green,0,time_period_03,place-wrnst,824,1172,19,43,62,164
Fall 2018,green,0,time_period_04,place-mispk,142,1649,19,7,87,141
Fall 2018,green,0,time_period_04,place-newtn,326,2274,19,17,120,358
Fall 2018,green,0,time_period_04,place-newto,172,3998,19,9,210,460
Fall 2018,green,0,time_period_04,place-north,28491,2488,19,1500,131,2556
Fall 2018,green,0,time_period_04,place-nuniv,750,4828,19,39,254,960
Fall 2018,green,0,time_period_04,place-pktrm,96288,41062,19,5068,2161,8957
Fall 2018,green,0,time_period_04,place-plsgr,559,2531,19,29,133,898
Fall 2018,green,0,time_period_04,place-prmnl,1992,10964,19,105,577,1520
Fall 2018,green,0,time_period_09,place-coecl,774,531,19,41,28,182
Fall 2018,green,0,time_period_09,place-cool,28,155,19,1,8,25
Fall 2018,green,0,time_period_09,place-denrd,1,58,19,0,3,5
Fall 2018,green,0,time_period_09,place-eliot,1,54,19,0,3,26
Fall 2018,green,0,time_period_09,place-engav,0,31,19,0,2,3
Fall 2018,green,0,time_period_09,place-fbkst,1,81,19,0,4,13
Fall 2018,green,0,time_period_09,place-fenwd,0,64,19,0,3,8
Fall 2018,green,0,time_period_09,place-fenwy,61,137,19,3,7,66
Fall 2018,green,0,time_period_09,place-gover,1303,454,19,69,24,129
Fall 2018,green,0,time_period_09,place-grigg,38,213,19,2,11,49
Fall 2018,green,0,time_period_09,place-haecl,637,109,19,34,6,84
Fall 2018,green,0,time_period_09,place-harvd,146,836,19,8,44,58
Fall 2018,green,0,time_period_09,place-hsmnl,0,21,19,0,1,0
Fall 2018,green,0,time_period_09,place-hwsst,18,47,19,1,2,36
Fall 2018,green,0,time_period_09,place-hymnl,878,610,19,46,32,243
Fall 2018,green,0,time_period_09,place-kencl,798,924,19,42,49,79
Fall 2018,green,0,time_period_09,place-kntst,4,28,19,0,1,35
Fall 2018,green,0,time_period_09,place-lake,0,37,19,0,2,0
Fall 2018,green,0,time_period_09,place-lech,390,0,19,21,0,21
Fall 2018,green,0,time_period_09,place-lngmd,14,139,19,1,7,15
Fall 2018,green,0,time_period_09,place-longw,136,84,19,7,4,69
Fall 2018,green,0,time_period_09,place-mfa,36,79,19,2,4,22
Fall 2018,green,0,time_period_09,place-mispk,6,76,19,0,4,4
Fall 2018,green,0,time_period_09,place-newtn,11,90,19,1,5,29
Fall 2018,green,0,time_period_09,place-newto,0,111,19,0,6,33
Fall 2018,green,0,time_period_09,place-north,738,12,19,39,1,56
Fall 2018,green,0,time_period_09,place-nuniv,30,154,19,2,8,24
Fall 2018,green,0,time_period_09,place-pktrm,2265,1004,19,119,53,195
Fall 2018,green,0,time_period_09,place-plsgr,25,161,19,1,8,117
Fall 2018,green,0,time_period_09,place-prmnl,27,103,19,1,5,37
Fall 2018,green,0,time_period_09,place-river,0,87,19,0,5,0
Fall 2018,green,0,time_period_09,place-rsmnl,14,195,19,1,10,41
Fall 2018,green,0,time_period_09,place-rvrwy,3,47,19,0,2,2
Fall 2018,green,0,time_period_09,place-smary,6,113,19,0,6,37
Fall 2018,green,0,time_period_09,place-sougr,0,24,19,0,1,2
Fall 2018,green,0,time_period_09,place-spmnl,79,129,19,4,7,18
Fall 2018,green,0,time_period_09,place-sthld,5,175,19,0,9,10
Fall 2018,green,0,time_period_10,place-bcnfd,408,2684,5,82,537,4410
Fall 2018,green,0,time_period_10,place-sougr,1,655,5,0,131,197
Fall 2018,green,0,time_period_09,place-stplb,13,73,19,1,4,124
Fall 2018,green,0,time_period_09,place-stpul,1,51,19,0,3,32
Fall 2018,green,0,time_period_09,place-sumav,17,80,19,1,4,22
Fall 2018,green,0,time_period_09,place-symcl,50,177,19,3,9,31
Fall 2018,green,0,time_period_09,place-tapst,7,52,19,0,3,8
Fall 2018,green,0,time_period_09,place-waban,0,77,19,0,4,22
Fall 2018,green,0,time_period_09,place-wascm,14,220,19,1,12,19
Fall 2018,green,0,time_period_09,place-woodl,0,74,19,0,4,18
Fall 2018,green,0,time_period_09,place-wrnst,31,301,19,2,16,29
Fall 2018,green,0,time_period_10,place-alsgr,505,1755,5,101,351,2029
Fall 2018,green,0,time_period_10,place-armnl,11609,15212,5,2322,3042,35639
Fall 2018,green,0,time_period_10,place-babck,724,2634,5,145,527,4435
Fall 2018,green,0,time_period_10,place-bckhl,0,563,5,0,113,243
Fall 2018,green,0,time_period_11,place-lech,16034,0,5,3207,0,3207
Fall 2018,green,0,time_period_11,place-lngmd,169,3370,5,34,674,1375
Fall 2018,green,0,time_period_11,place-longw,1385,1706,5,277,341,3997
Fall 2018,green,0,time_period_11,place-mfa,497,2815,5,99,563,2015
Fall 2018,green,0,time_period_11,place-mispk,77,1613,5,15,323,500
Fall 2018,green,0,time_period_11,place-newtn,59,1371,5,12,274,1667
Fall 2018,green,0,time_period_11,place-newto,36,2881,5,7,576,1930
Fall 2018,green,0,time_period_10,place-bcnwa,101,1064,5,20,213,1011
Fall 2018,green,0,time_period_11,place-north,17910,1498,5,3582,300,6788
Fall 2018,green,0,time_period_10,place-spmnl,7026,4961,5,1405,992,4707
Fall 2018,green,0,time_period_10,place-sthld,104,1739,5,21,348,708
Fall 2018,green,0,time_period_10,place-bland,321,1373,5,64,275,5766
Fall 2018,green,0,time_period_11,place-nuniv,445,6317,5,89,1263,2479
Fall 2018,green,0,time_period_10,place-bndhl,167,1109,5,33,222,1490
Fall 2018,green,0,time_period_11,place-pktrm,66819,29375,5,13364,5875,24803
Fall 2018,green,0,time_period_10,place-stplb,675,1757,5,135,351,5225
Fall 2018,green,0,time_period_10,place-boyls,23118,14197,5,4624,2839,36360
Fall 2018,green,0,time_period_11,place-plsgr,338,2039,5,68,408,3839
Fall 2018,green,0,time_period_10,place-stpul,189,1527,5,38,305,2762
Fall 2018,green,0,time_period_10,place-brico,701,3356,5,140,671,3905
Fall 2018,green,0,time_period_10,place-brkhl,1376,1864,5,275,373,4865
Fall 2018,green,0,time_period_10,place-sumav,422,1393,5,84,279,1679
Fall 2018,green,0,time_period_11,place-prmnl,1572,7397,5,314,1479,4689
Fall 2018,green,0,time_period_10,place-symcl,1250,9780,5,250,1956,5747
Fall 2018,green,0,time_period_11,place-river,0,1529,5,0,306,0
Fall 2018,green,0,time_period_10,place-tapst,109,1177,5,22,235,798
Fall 2018,green,0,time_period_10,place-brmnl,193,2493,5,39,499,1297
Fall 2018,green,0,time_period_11,place-rsmnl,648,2665,5,130,533,2736
Fall 2018,green,0,time_period_10,place-waban,13,1201,5,3,240,1872
Fall 2018,green,0,time_period_10,place-bucen,1354,1306,5,271,261,5627
Fall 2018,green,0,time_period_11,place-rvrwy,42,1150,5,8,230,279
Fall 2018,green,0,time_period_10,place-wascm,405,2759,5,81,552,1035
Fall 2018,green,0,time_period_10,place-buest,906,1648,5,181,330,5617
Fall 2018,green,0,time_period_11,place-smary,381,2848,5,76,570,2582
Fall 2018,green,0,time_period_10,place-woodl,6,1143,5,1,229,1645
Fall 2018,green,0,time_period_11,place-sougr,4,483,5,1,97,103
Fall 2018,green,0,time_period_10,place-wrnst,599,3213,5,120,643,1506
Fall 2018,green,0,time_period_10,place-buwst,733,1661,5,147,332,5441
Fall 2018,green,0,time_period_11,place-spmnl,5816,4321,5,1163,864,3506
Fall 2018,green,0,time_period_10,place-bvmnl,1003,3897,5,201,779,4963
Fall 2018,green,0,time_period_11,place-alsgr,372,1825,5,74,365,1581
Fall 2018,green,0,time_period_11,place-sthld,83,1359,5,17,272,493
Fall 2018,green,0,time_period_10,place-chhil,1071,2277,5,214,455,3472
Fall 2018,green,0,time_period_11,place-armnl,9589,11270,5,1918,2254,26292
Fall 2018,green,0,time_period_11,place-stplb,486,1091,5,97,218,4179
Fall 2018,green,0,time_period_10,place-chill,90,730,5,18,146,328
Fall 2018,green,0,time_period_11,place-babck,498,2128,5,100,426,3513
Fall 2018,green,0,time_period_11,place-stpul,179,1301,5,36,260,2215
Fall 2018,green,0,time_period_10,place-chswk,66,1327,5,13,265,456
Fall 2018,green,0,time_period_11,place-bckhl,0,441,5,0,88,190
Fall 2018,green,0,time_period_11,place-sumav,369,1321,5,74,264,1361
Fall 2018,green,0,time_period_10,place-clmnl,0,1082,5,0,216,0
Fall 2018,green,0,time_period_10,place-coecl,22765,40135,5,4553,8027,19533
Fall 2018,green,0,time_period_10,place-cool,2095,6542,5,419,1308,1873
Fall 2018,green,0,time_period_10,place-denrd,104,1306,5,21,261,557
Fall 2018,green,0,time_period_10,place-eliot,60,1113,5,12,223,2110
Fall 2018,green,0,time_period_10,place-engav,5,1709,5,1,342,216
Fall 2018,green,0,time_period_10,place-fbkst,74,1508,5,15,302,1204
Fall 2018,green,0,time_period_10,place-fenwd,61,1474,5,12,295,1015
Fall 2018,green,0,time_period_10,place-fenwy,556,4082,5,111,816,5578
Fall 2018,green,0,time_period_10,place-gover,61006,9354,5,12201,1871,25569
Fall 2018,green,0,time_period_10,place-grigg,810,2471,5,162,494,2279
Fall 2018,green,0,time_period_10,place-haecl,35574,4842,5,7115,968,15239
Fall 2018,green,0,time_period_10,place-harvd,2986,9455,5,597,1891,2611
Fall 2018,green,0,time_period_10,place-hsmnl,0,1215,5,0,243,0
Fall 2018,green,0,time_period_10,place-hwsst,933,1242,5,187,248,3172
Fall 2018,green,0,time_period_10,place-hymnl,15441,22770,5,3088,4554,21518
Fall 2018,green,0,time_period_10,place-kencl,12086,38963,5,2417,7793,5381
Fall 2018,green,0,time_period_10,place-kntst,173,880,5,35,176,3030
Fall 2018,green,0,time_period_10,place-lake,0,985,5,0,197,0
Fall 2018,green,0,time_period_10,place-lech,21469,0,5,4294,0,4294
Fall 2018,green,0,time_period_10,place-lngmd,304,4112,5,61,822,1757
Fall 2018,green,0,time_period_10,place-longw,2120,2301,5,424,460,5542
Fall 2018,green,0,time_period_10,place-mfa,580,3909,5,116,782,2519
Fall 2018,green,0,time_period_10,place-mispk,102,2066,5,20,413,622
Fall 2018,green,0,time_period_10,place-newtn,188,2059,5,38,412,2321
Fall 2018,green,0,time_period_10,place-newto,83,3966,5,17,793,2695
Fall 2018,green,0,time_period_10,place-north,23632,1706,5,4726,341,9092
Fall 2018,green,0,time_period_10,place-nuniv,503,13316,5,101,2663,3185
Fall 2018,green,0,time_period_10,place-pktrm,88425,43390,5,17685,8678,34576
Fall 2018,green,0,time_period_10,place-plsgr,473,2509,5,95,502,4817
Fall 2018,green,0,time_period_10,place-prmnl,1990,10633,5,398,2127,7453
Fall 2018,green,0,time_period_10,place-river,0,2056,5,0,411,0
Fall 2018,green,0,time_period_10,place-rsmnl,932,4420,5,186,884,3713
Fall 2018,green,0,time_period_10,place-rvrwy,10,1340,5,2,268,356
Fall 2018,green,0,time_period_10,place-smary,366,3612,5,73,722,3233
Fall 2018,green,0,time_period_11,place-symcl,976,6155,5,195,1231,3653
Fall 2018,green,0,time_period_11,place-bcnfd,244,2127,5,49,425,3140
Fall 2018,green,0,time_period_11,place-tapst,63,980,5,13,196,661
Fall 2018,green,0,time_period_11,place-bcnwa,58,717,5,12,143,845
Fall 2018,green,0,time_period_11,place-waban,11,764,5,2,153,1373
Fall 2018,green,0,time_period_11,place-bland,226,774,5,45,155,4507
Fall 2018,green,0,time_period_11,place-wascm,304,2082,5,61,416,748
Fall 2018,green,0,time_period_11,place-bndhl,108,914,5,22,183,1200
Fall 2018,green,0,time_period_11,place-woodl,10,762,5,2,152,1223
Fall 2018,green,0,time_period_11,place-boyls,18848,9722,5,3770,1944,26628
Fall 2018,green,0,time_period_11,place-wrnst,399,2784,5,80,557,1104
Fall 2018,green,0,time_period_11,place-brico,525,2449,5,105,490,3128
Fall 2018,green,0,time_period_11,place-brkhl,1033,1392,5,207,278,3516
Fall 2018,green,0,time_period_11,place-brmnl,198,1665,5,40,333,1082
Fall 2018,green,0,time_period_11,place-bucen,1166,897,5,233,179,4431
Fall 2018,green,0,time_period_11,place-buest,591,1240,5,118,248,4377
Fall 2018,green,0,time_period_11,place-buwst,639,1293,5,128,259,4300
Fall 2018,green,0,time_period_11,place-bvmnl,669,2714,5,134,543,3588
Fall 2018,green,0,time_period_11,place-chhil,323,1511,5,65,302,2498
Fall 2018,green,0,time_period_11,place-chill,44,577,5,9,115,199
Fall 2018,green,0,time_period_11,place-chswk,64,1001,5,13,200,305
Fall 2018,green,0,time_period_11,place-clmnl,0,582,5,0,116,0
Fall 2018,green,0,time_period_11,place-coecl,18184,27375,5,3637,5475,15413
Fall 2018,green,0,time_period_11,place-cool,1911,5229,5,382,1046,1552
Fall 2018,green,0,time_period_11,place-denrd,116,1249,5,23,250,435
Fall 2018,green,0,time_period_11,place-eliot,34,751,5,7,150,1524
Fall 2018,green,0,time_period_11,place-engav,0,1592,5,0,318,116
Fall 2018,green,0,time_period_11,place-fbkst,56,1172,5,11,234,977
Fall 2018,green,0,time_period_11,place-fenwd,75,1449,5,15,290,807
Fall 2018,green,0,time_period_11,place-fenwy,538,2967,5,108,593,4061
Fall 2018,green,0,time_period_11,place-gover,43121,6779,5,8624,1356,17314
Fall 2018,green,0,time_period_11,place-grigg,716,1829,5,143,366,1871
Fall 2018,green,0,time_period_11,place-haecl,19909,3621,5,3982,724,10046
Fall 2018,green,0,time_period_11,place-harvd,2282,7452,5,456,1490,2094
Fall 2018,green,0,time_period_11,place-hsmnl,0,952,5,0,190,0
Fall 2018,green,0,time_period_11,place-hwsst,761,938,5,152,188,2546
Fall 2018,green,0,time_period_11,place-hymnl,12436,19110,5,2487,3822,17265
Fall 2018,green,0,time_period_11,place-kencl,9550,34683,5,1910,6937,4079
Fall 2018,green,0,time_period_11,place-kntst,115,649,5,23,130,2440
Fall 2018,green,0,time_period_11,place-lake,0,515,5,0,103,0
Fall 2018,green,1,time_period_02,place-sthld,729,10,19,38,1,77
Fall 2018,green,1,time_period_02,place-stplb,161,66,19,8,3,358
Fall 2018,green,1,time_period_01,place-denrd,96,1,19,5,0,11
Fall 2018,green,1,time_period_03,place-longw,2531,3171,19,133,167,2347
Fall 2018,green,1,time_period_02,place-stpul,648,13,19,34,1,205
Fall 2018,green,1,time_period_01,place-eliot,146,2,19,8,0,67
Fall 2018,green,1,time_period_02,place-sumav,330,41,19,17,2,136
Fall 2018,green,1,time_period_01,place-engav,65,0,19,3,0,6
Fall 2018,green,1,time_period_02,place-symcl,768,88,19,40,5,141
Fall 2018,green,1,time_period_01,place-fbkst,94,2,19,5,0,27
Fall 2018,green,1,time_period_02,place-tapst,288,3,19,15,0,60
Fall 2018,green,1,time_period_01,place-fenwd,44,6,19,2,0,13
Fall 2018,green,1,time_period_02,place-waban,802,8,19,42,0,208
Fall 2018,green,1,time_period_01,place-fenwy,98,83,19,5,4,141
Fall 2018,green,1,time_period_03,place-mfa,1932,576,19,102,30,759
Fall 2018,green,1,time_period_02,place-wascm,766,25,19,40,1,116
Fall 2018,green,1,time_period_01,place-gover,358,1790,19,19,94,78
Fall 2018,green,1,time_period_01,place-grigg,279,22,19,15,1,89
Fall 2018,green,1,time_period_01,place-haecl,405,489,19,21,26,74
Fall 2018,green,1,time_period_01,place-harvd,488,117,19,26,6,108
Fall 2018,green,1,time_period_01,place-hsmnl,49,0,19,3,0,3
Fall 2018,green,1,time_period_01,place-hwsst,54,3,19,3,0,59
Fall 2018,green,1,time_period_01,place-hymnl,483,681,19,25,36,350
Fall 2018,green,1,time_period_01,place-kencl,907,372,19,48,20,361
Fall 2018,green,1,time_period_02,place-bland,8,38,19,0,2,355
Fall 2018,green,1,time_period_01,place-kntst,70,5,19,4,0,57
Fall 2018,green,1,time_period_01,place-lake,47,0,19,2,0,2
Fall 2018,green,1,time_period_01,place-lech,0,729,19,0,38,0
Fall 2018,green,1,time_period_01,place-lngmd,121,6,19,6,0,21
Fall 2018,green,1,time_period_01,place-longw,187,295,19,10,16,140
Fall 2018,green,1,time_period_01,place-mfa,69,4,19,4,0,25
Fall 2018,green,1,time_period_01,place-mispk,82,1,19,4,0,11
Fall 2018,green,1,time_period_01,place-newtn,310,0,19,16,0,83
Fall 2018,green,1,time_period_01,place-newto,489,0,19,26,0,109
Fall 2018,green,1,time_period_01,place-north,61,634,19,3,33,44
Fall 2018,green,1,time_period_01,place-nuniv,35,9,19,2,0,26
Fall 2018,green,1,time_period_01,place-pktrm,983,3490,19,52,184,153
Fall 2018,green,1,time_period_01,place-plsgr,115,17,19,6,1,127
Fall 2018,green,1,time_period_01,place-prmnl,86,12,19,5,1,31
Fall 2018,green,1,time_period_01,place-river,219,0,19,12,0,12
Fall 2018,green,1,time_period_01,place-rsmnl,288,32,19,15,2,126
Fall 2018,green,1,time_period_01,place-rvrwy,27,1,19,1,0,7
Fall 2018,green,1,time_period_01,place-smary,76,8,19,4,0,63
Fall 2018,green,1,time_period_01,place-sougr,44,0,19,2,0,5
Fall 2018,green,1,time_period_01,place-spmnl,0,99,19,0,5,38
Fall 2018,green,1,time_period_01,place-sthld,215,5,19,11,0,25
Fall 2018,green,1,time_period_01,place-stplb,56,13,19,3,1,130
Fall 2018,green,1,time_period_01,place-stpul,127,6,19,7,0,53
Fall 2018,green,1,time_period_01,place-sumav,99,13,19,5,1,37
Fall 2018,green,1,time_period_01,place-symcl,71,42,19,4,2,28
Fall 2018,green,1,time_period_01,place-tapst,75,0,19,4,0,15
Fall 2018,green,1,time_period_01,place-waban,202,0,19,11,0,59
Fall 2018,green,1,time_period_01,place-wascm,226,5,19,12,0,36
Fall 2018,green,1,time_period_01,place-woodl,47,0,19,2,0,49
Fall 2018,green,1,time_period_01,place-wrnst,561,5,19,30,0,65
Fall 2018,green,1,time_period_02,place-alsgr,497,22,19,26,1,188
Fall 2018,green,1,time_period_02,place-armnl,1019,2126,19,54,112,1117
Fall 2018,green,1,time_period_02,place-babck,447,62,19,24,3,337
Fall 2018,green,1,time_period_02,place-bckhl,199,3,19,10,0,17
Fall 2018,green,1,time_period_02,place-bcnfd,1005,39,19,53,2,498
Fall 2018,green,1,time_period_02,place-bcnwa,393,8,19,21,0,80
Fall 2018,green,1,time_period_03,place-mispk,3103,150,19,163,8,403
Fall 2018,green,1,time_period_02,place-bndhl,289,3,19,15,0,121
Fall 2018,green,1,time_period_02,place-woodl,261,3,19,14,0,166
Fall 2018,green,1,time_period_02,place-boyls,681,2732,19,36,144,1009
Fall 2018,green,1,time_period_02,place-wrnst,927,41,19,49,2,163
Fall 2018,green,1,time_period_03,place-newtn,4435,168,19,233,9,1178
Fall 2018,green,1,time_period_02,place-brico,529,66,19,28,3,317
Fall 2018,green,1,time_period_03,place-alsgr,3372,215,19,177,11,1246
Fall 2018,green,1,time_period_03,place-newto,7354,95,19,387,5,1560
Fall 2018,green,1,time_period_02,place-brkhl,613,216,19,32,11,519
Fall 2018,green,1,time_period_03,place-armnl,5885,13887,19,310,731,7098
Fall 2018,green,1,time_period_03,place-babck,2062,706,19,109,37,2421
Fall 2018,green,1,time_period_03,place-bckhl,1387,14,19,73,1,135
Fall 2018,green,1,time_period_03,place-bcnfd,3968,371,19,209,20,2100
Fall 2018,green,1,time_period_03,place-bcnwa,2842,58,19,150,3,737
Fall 2018,green,1,time_period_03,place-bland,150,1002,19,8,53,2247
Fall 2018,green,1,time_period_03,place-bndhl,2778,81,19,146,4,1056
Fall 2018,green,1,time_period_03,place-boyls,4367,17395,19,230,916,6412
Fall 2018,green,1,time_period_03,place-brico,5773,499,19,304,26,2350
Fall 2018,green,1,time_period_03,place-brkhl,3469,747,19,183,39,2243
Fall 2018,green,1,time_period_03,place-brmnl,2511,169,19,132,9,565
Fall 2018,green,1,time_period_03,place-bucen,173,2820,19,9,148,2374
Fall 2018,green,1,time_period_03,place-buest,294,1858,19,15,98,2292
Fall 2018,green,1,time_period_03,place-buwst,880,1130,19,46,59,2514
Fall 2018,green,1,time_period_03,place-bvmnl,5154,2552,19,271,134,2380
Fall 2018,green,1,time_period_03,place-chhil,3115,444,19,164,23,1700
Fall 2018,green,1,time_period_03,place-chill,722,52,19,38,3,125
Fall 2018,green,1,time_period_03,place-chswk,2493,6,19,131,0,256
Fall 2018,green,1,time_period_03,place-clmnl,2138,0,19,113,0,113
Fall 2018,green,1,time_period_03,place-coecl,15350,26263,19,808,1382,7519
Fall 2018,green,1,time_period_03,place-cool,8202,513,19,432,27,1639
Fall 2018,green,1,time_period_03,place-denrd,3985,56,19,210,3,433
Fall 2018,green,1,time_period_03,place-eliot,3818,67,19,201,4,953
Fall 2018,green,1,time_period_03,place-engav,2864,708,19,151,37,226
Fall 2018,green,1,time_period_03,place-fbkst,3393,37,19,179,2,914
Fall 2018,green,1,time_period_03,place-fenwd,1079,344,19,57,18,441
Fall 2018,green,1,time_period_03,place-fenwy,3526,1524,19,186,80,2452
Fall 2018,green,1,time_period_03,place-gover,5926,35200,19,312,1853,1954
Fall 2018,green,1,time_period_03,place-grigg,6143,169,19,323,9,1560
Fall 2018,green,1,time_period_03,place-haecl,3836,11213,19,202,590,1566
Fall 2018,green,1,time_period_03,place-harvd,11486,1747,19,605,92,2073
Fall 2018,green,1,time_period_03,place-hsmnl,1196,0,19,63,0,63
Fall 2018,green,1,time_period_03,place-hwsst,1126,564,19,59,30,1913
Fall 2018,green,1,time_period_03,place-hymnl,11885,16094,19,626,847,6814
Fall 2018,green,1,time_period_03,place-kencl,17969,11475,19,946,604,7036
Fall 2018,green,1,time_period_03,place-kntst,1942,184,19,102,10,1883
Fall 2018,green,1,time_period_03,place-lake,1326,0,19,70,0,70
Fall 2018,green,1,time_period_03,place-lech,0,15862,19,0,835,0
Fall 2018,green,1,time_period_03,place-lngmd,2649,311,19,139,16,688
Fall 2018,green,1,time_period_02,place-brmnl,252,19,19,13,1,66
Fall 2018,green,1,time_period_03,place-north,3774,14758,19,199,777,988
Fall 2018,green,1,time_period_03,place-nuniv,808,657,19,43,35,767
Fall 2018,green,1,time_period_02,place-bucen,42,113,19,2,6,360
Fall 2018,green,1,time_period_03,place-pktrm,21978,77405,19,1157,4074,3495
Fall 2018,green,1,time_period_02,place-buest,28,99,19,1,5,356
Fall 2018,green,1,time_period_03,place-plsgr,2525,560,19,133,29,2525
Fall 2018,green,1,time_period_02,place-buwst,191,81,19,10,4,364
Fall 2018,green,1,time_period_03,place-prmnl,4718,1011,19,248,53,1279
Fall 2018,green,1,time_period_02,place-bvmnl,871,863,19,46,45,519
Fall 2018,green,1,time_period_03,place-river,2372,0,19,125,0,125
Fall 2018,green,1,time_period_02,place-chhil,687,60,19,36,3,398
Fall 2018,green,1,time_period_02,place-chill,131,6,19,7,0,19
Fall 2018,green,1,time_period_02,place-chswk,388,2,19,20,0,39
Fall 2018,green,1,time_period_03,place-rsmnl,4657,657,19,245,35,1911
Fall 2018,green,1,time_period_02,place-clmnl,153,0,19,8,0,8
Fall 2018,green,1,time_period_03,place-rvrwy,2189,58,19,115,3,247
Fall 2018,green,1,time_period_02,place-coecl,1688,3656,19,89,192,1175
Fall 2018,green,1,time_period_03,place-smary,2271,720,19,120,38,1995
Fall 2018,green,1,time_period_02,place-cool,744,66,19,39,3,172
Fall 2018,green,1,time_period_03,place-sougr,1100,722,19,58,38,90
Fall 2018,green,1,time_period_02,place-denrd,413,8,19,22,0,45
Fall 2018,green,1,time_period_03,place-spmnl,45,2956,19,2,156,835
Fall 2018,green,1,time_period_02,place-eliot,535,11,19,28,1,235
Fall 2018,green,1,time_period_02,place-engav,291,0,19,15,0,23
Fall 2018,green,1,time_period_03,place-sthld,5590,94,19,294,5,545
Fall 2018,green,1,time_period_02,place-fbkst,495,2,19,26,0,106
Fall 2018,green,1,time_period_03,place-stplb,894,857,19,47,45,2527
Fall 2018,green,1,time_period_02,place-fenwd,223,29,19,12,2,54
Fall 2018,green,1,time_period_03,place-stpul,3154,266,19,166,14,1791
Fall 2018,green,1,time_period_02,place-fenwy,496,305,19,26,16,512
Fall 2018,green,1,time_period_03,place-sumav,3668,272,19,193,14,1234
Fall 2018,green,1,time_period_02,place-gover,1690,7453,19,89,392,410
Fall 2018,green,1,time_period_03,place-symcl,6863,834,19,361,44,1084
Fall 2018,green,1,time_period_02,place-grigg,647,10,19,34,1,221
Fall 2018,green,1,time_period_03,place-tapst,3046,51,19,160,3,590
Fall 2018,green,1,time_period_02,place-haecl,1126,2290,19,59,121,348
Fall 2018,green,1,time_period_03,place-waban,3598,41,19,189,2,756
Fall 2018,green,1,time_period_01,place-alsgr,187,3,19,10,0,75
Fall 2018,green,1,time_period_02,place-harvd,1650,300,19,87,16,292
Fall 2018,green,1,time_period_03,place-wascm,4544,278,19,239,15,770
Fall 2018,green,1,time_period_01,place-armnl,76,599,19,4,32,332
Fall 2018,green,1,time_period_01,place-babck,169,14,19,9,1,122
Fall 2018,green,1,time_period_01,place-bckhl,53,2,19,3,0,5
Fall 2018,green,1,time_period_01,place-bcnfd,328,18,19,17,1,143
Fall 2018,green,1,time_period_01,place-bcnwa,151,0,19,8,0,23
Fall 2018,green,1,time_period_01,place-bland,6,21,19,0,1,128
Fall 2018,green,1,time_period_01,place-bndhl,92,2,19,5,0,32
Fall 2018,green,1,time_period_01,place-boyls,148,1033,19,8,54,285
Fall 2018,green,1,time_period_01,place-brico,134,23,19,7,1,114
Fall 2018,green,1,time_period_01,place-brkhl,168,50,19,9,3,149
Fall 2018,green,1,time_period_01,place-brmnl,45,0,19,2,0,15
Fall 2018,green,1,time_period_01,place-bucen,38,50,19,2,3,129
Fall 2018,green,1,time_period_01,place-buest,31,22,19,2,1,129
Fall 2018,green,1,time_period_01,place-buwst,30,32,19,2,2,129
Fall 2018,green,1,time_period_01,place-bvmnl,185,243,19,10,13,146
Fall 2018,green,1,time_period_01,place-chhil,80,6,19,4,0,113
Fall 2018,green,1,time_period_01,place-chill,49,0,19,3,0,7
Fall 2018,green,1,time_period_01,place-chswk,120,3,19,6,0,14
Fall 2018,green,1,time_period_01,place-clmnl,42,0,19,2,0,2
Fall 2018,green,1,time_period_01,place-coecl,577,996,19,30,52,360
Fall 2018,green,1,time_period_01,place-cool,218,19,19,11,1,47
Fall 2018,green,1,time_period_02,place-hsmnl,135,0,19,7,0,7
Fall 2018,green,1,time_period_03,place-woodl,1387,72,19,73,4,568
Fall 2018,green,1,time_period_02,place-hwsst,158,23,19,8,1,229
Fall 2018,green,1,time_period_03,place-wrnst,6147,260,19,324,14,1079
Fall 2018,green,1,time_period_02,place-hymnl,1610,2379,19,85,125,1117
Fall 2018,green,1,time_period_04,place-alsgr,3723,373,19,196,20,1024
Fall 2018,green,1,time_period_02,place-kencl,2512,1679,19,132,88,1158
Fall 2018,green,1,time_period_04,place-armnl,14880,13194,19,783,694,8399
Fall 2018,green,1,time_period_02,place-kntst,355,29,19,19,2,222
Fall 2018,green,1,time_period_04,place-babck,4530,1018,19,238,54,2436
Fall 2018,green,1,time_period_02,place-lake,167,0,19,9,0,9
Fall 2018,green,1,time_period_02,place-lech,0,3066,19,0,161,0
Fall 2018,green,1,time_period_02,place-lngmd,404,26,19,21,1,86
Fall 2018,green,1,time_period_02,place-longw,704,1031,19,37,54,502
Fall 2018,green,1,time_period_02,place-mfa,346,37,19,18,2,102
Fall 2018,green,1,time_period_02,place-mispk,334,29,19,18,2,44
Fall 2018,green,1,time_period_02,place-newtn,853,45,19,45,2,278
Fall 2018,green,1,time_period_02,place-newto,1690,42,19,89,2,365
Fall 2018,green,1,time_period_02,place-north,489,3465,19,26,182,192
Fall 2018,green,1,time_period_02,place-nuniv,98,48,19,5,3,105
Fall 2018,green,1,time_period_02,place-pktrm,6056,11675,19,319,614,713
Fall 2018,green,1,time_period_02,place-plsgr,347,42,19,18,2,353
Fall 2018,green,1,time_period_02,place-prmnl,480,92,19,25,5,161
Fall 2018,green,1,time_period_02,place-river,724,0,19,38,0,38
Fall 2018,green,1,time_period_02,place-rsmnl,1057,115,19,56,6,447
Fall 2018,green,1,time_period_02,place-rvrwy,195,3,19,10,0,28
Fall 2018,green,1,time_period_02,place-smary,392,55,19,21,3,247
Fall 2018,green,1,time_period_02,place-sougr,133,68,19,7,4,12
Fall 2018,green,1,time_period_02,place-spmnl,3,580,19,0,31,161
Fall 2018,green,1,time_period_04,place-bckhl,986,20,19,52,1,136
Fall 2018,green,1,time_period_04,place-bcnfd,4514,336,19,238,18,1687
Fall 2018,green,1,time_period_04,place-bcnwa,1848,38,19,97,2,361
Fall 2018,green,1,time_period_04,place-bland,793,1631,19,42,86,2434
Fall 2018,green,1,time_period_04,place-bndhl,1829,125,19,96,7,599
Fall 2018,green,1,time_period_04,place-boyls,8377,28088,19,441,1478,7362
Fall 2018,green,1,time_period_04,place-brico,7986,1063,19,420,56,2251
Fall 2018,green,1,time_period_04,place-brkhl,3385,654,19,178,34,1831
Fall 2018,green,1,time_period_04,place-brmnl,3598,288,19,189,15,592
Fall 2018,green,1,time_period_04,place-bucen,964,5257,19,51,277,2543
Fall 2018,green,1,time_period_04,place-buest,2460,3683,19,129,194,2478
Fall 2018,green,1,time_period_04,place-buwst,3123,1938,19,164,102,2769
Fall 2018,green,1,time_period_04,place-bvmnl,6774,2250,19,357,118,2069
Fall 2018,green,1,time_period_04,place-chhil,2459,300,19,129,16,1247
Fall 2018,green,1,time_period_04,place-chill,473,34,19,25,2,90
Fall 2018,green,1,time_period_04,place-chswk,1669,42,19,88,2,176
Fall 2018,green,1,time_period_04,place-clmnl,1098,0,19,58,0,58
Fall 2018,green,1,time_period_04,place-coecl,26757,31023,19,1408,1633,8310
Fall 2018,green,1,time_period_04,place-cool,7097,1026,19,374,54,1007
Fall 2018,green,1,time_period_04,place-denrd,1945,59,19,102,3,189
Fall 2018,green,1,time_period_04,place-eliot,1643,96,19,86,5,642
Fall 2018,green,1,time_period_05,place-stpul,1383,129,19,73,7,408
Fall 2018,green,1,time_period_05,place-sumav,431,231,19,23,12,226
Fall 2018,green,1,time_period_05,place-symcl,5591,1283,19,294,68,1481
Fall 2018,green,1,time_period_05,place-tapst,459,32,19,24,2,102
Fall 2018,green,1,time_period_05,place-waban,1278,38,19,67,2,360
Fall 2018,green,1,time_period_05,place-wascm,1429,184,19,75,10,212
Fall 2018,green,1,time_period_05,place-woodl,615,31,19,32,2,294
Fall 2018,green,1,time_period_08,place-symcl,1816,150,19,96,8,259
Fall 2018,green,1,time_period_05,place-wrnst,2742,235,19,144,12,344
Fall 2018,green,1,time_period_06,place-alsgr,907,412,19,48,22,360
Fall 2018,green,1,time_period_08,place-tapst,77,3,19,4,0,11
Fall 2018,green,1,time_period_06,place-armnl,44846,9672,19,2360,509,11804
Fall 2018,green,1,time_period_08,place-waban,229,0,19,12,0,43
Fall 2018,green,1,time_period_06,place-babck,2612,401,19,137,21,789
Fall 2018,green,1,time_period_06,place-bckhl,1438,44,19,76,2,133
Fall 2018,green,1,time_period_08,place-wascm,256,43,19,13,2,33
Fall 2018,green,1,time_period_06,place-bcnfd,1842,891,19,97,47,1387
Fall 2018,green,1,time_period_06,place-bcnwa,705,82,19,37,4,145
Fall 2018,green,1,time_period_08,place-woodl,107,0,19,6,0,31
Fall 2018,green,1,time_period_06,place-bland,1379,604,19,73,32,1416
Fall 2018,green,1,time_period_08,place-wrnst,346,79,19,18,4,47
Fall 2018,green,1,time_period_07,place-fenwd,471,149,19,25,8,83
Fall 2018,green,1,time_period_06,place-bndhl,665,130,19,35,7,236
Fall 2018,green,1,time_period_06,place-boyls,15634,17306,19,823,911,11716
Fall 2018,green,1,time_period_06,place-brico,1951,575,19,103,30,673
Fall 2018,green,1,time_period_06,place-brkhl,1286,1011,19,68,53,1401
Fall 2018,green,1,time_period_06,place-brmnl,7121,144,19,375,8,697
Fall 2018,green,1,time_period_06,place-bucen,2372,1438,19,125,76,1237
Fall 2018,green,1,time_period_06,place-buest,3718,1085,19,196,57,1375
Fall 2018,green,1,time_period_06,place-buwst,3750,431,19,197,23,1188
Fall 2018,green,1,time_period_06,place-bvmnl,3682,2171,19,194,114,1481
Fall 2018,green,1,time_period_06,place-chhil,3225,441,19,170,23,1301
Fall 2018,green,1,time_period_06,place-chill,270,57,19,14,3,73
Fall 2018,green,1,time_period_06,place-chswk,1162,80,19,61,4,130
Fall 2018,green,1,time_period_09,place-newto,45,1,19,2,0,6
Fall 2018,green,1,time_period_06,place-clmnl,918,0,19,48,0,48
Fall 2018,green,1,time_period_06,place-coecl,55133,31835,19,2902,1676,9952
Fall 2018,green,1,time_period_06,place-cool,3886,670,19,205,35,424
Fall 2018,green,1,time_period_06,place-denrd,681,61,19,36,3,90
Fall 2018,green,1,time_period_06,place-eliot,1021,108,19,54,6,766
Fall 2018,green,1,time_period_06,place-engav,657,482,19,35,25,58
Fall 2018,green,1,time_period_06,place-fbkst,1303,94,19,69,5,208
Fall 2018,green,1,time_period_06,place-fenwd,1416,297,19,75,16,329
Fall 2018,green,1,time_period_06,place-fenwy,8329,881,19,438,46,1968
Fall 2018,green,1,time_period_06,place-gover,10670,65753,19,562,3461,4851
Fall 2018,green,1,time_period_06,place-grigg,1496,294,19,79,15,424
Fall 2018,green,1,time_period_06,place-haecl,4166,31442,19,219,1655,3415
Fall 2018,green,1,time_period_06,place-harvd,4734,1376,19,249,72,600
Fall 2018,green,1,time_period_06,place-hsmnl,1138,0,19,60,0,60
Fall 2018,green,1,time_period_06,place-hwsst,822,286,19,43,15,556
Fall 2018,green,1,time_period_06,place-hymnl,22363,11366,19,1177,598,5965
Fall 2018,green,1,time_period_06,place-kencl,39050,13300,19,2055,700,5386
Fall 2018,green,1,time_period_06,place-kntst,782,107,19,41,6,528
Fall 2018,green,1,time_period_06,place-lake,1971,0,19,104,0,104
Fall 2018,green,1,time_period_08,place-brkhl,91,73,19,5,4,160
Fall 2018,green,1,time_period_06,place-lech,0,22464,19,0,1182,0
Fall 2018,green,1,time_period_06,place-lngmd,8710,245,19,458,13,1142
Fall 2018,green,1,time_period_05,place-boyls,9256,13058,19,487,687,6548
Fall 2018,green,1,time_period_06,place-longw,3282,1462,19,173,77,1577
Fall 2018,green,1,time_period_06,place-mfa,6517,634,19,343,33,1452
Fall 2018,green,1,time_period_04,place-engav,1277,665,19,67,35,90
Fall 2018,green,1,time_period_06,place-mispk,1952,152,19,103,8,270
Fall 2018,green,1,time_period_05,place-brico,2197,536,19,116,28,736
Fall 2018,green,1,time_period_06,place-newtn,2611,218,19,137,11,892
Fall 2018,green,1,time_period_09,place-north,90,730,19,5,38,35
Fall 2018,green,1,time_period_05,place-brkhl,1439,455,19,76,24,908
Fall 2018,green,1,time_period_04,place-fbkst,2920,107,19,154,6,509
Fall 2018,green,1,time_period_09,place-alsgr,10,6,19,1,0,6
Fall 2018,green,1,time_period_08,place-brmnl,452,23,19,24,1,43
Fall 2018,green,1,time_period_06,place-newto,5231,248,19,275,13,1155
Fall 2018,green,1,time_period_07,place-fenwy,5438,459,19,286,24,1077
Fall 2018,green,1,time_period_09,place-armnl,1027,309,19,54,16,367
Fall 2018,green,1,time_period_06,place-north,2921,42073,19,154,2214,1355
Fall 2018,green,1,time_period_04,place-fenwd,1527,501,19,80,26,418
Fall 2018,green,1,time_period_07,place-gover,5403,50339,19,284,2649,2914
Fall 2018,green,1,time_period_08,place-bucen,172,127,19,9,7,206
Fall 2018,green,1,time_period_05,place-brmnl,5513,157,19,290,8,551
Fall 2018,green,1,time_period_09,place-babck,52,5,19,3,0,16
Fall 2018,green,1,time_period_06,place-nuniv,5565,900,19,293,47,1697
Fall 2018,green,1,time_period_09,place-nuniv,70,12,19,4,1,16
Fall 2018,green,1,time_period_04,place-fenwy,8145,1640,19,429,86,2465
Fall 2018,green,1,time_period_07,place-grigg,838,270,19,44,14,260
Fall 2018,green,1,time_period_08,place-buest,560,140,19,29,7,228
Fall 2018,green,1,time_period_05,place-bucen,1207,1647,19,64,87,1056
Fall 2018,green,1,time_period_09,place-bckhl,0,0,19,0,0,0
Fall 2018,green,1,time_period_06,place-pktrm,42882,118233,19,2257,6223,7750
Fall 2018,green,1,time_period_09,place-pktrm,3377,2318,19,178,122,461
Fall 2018,green,1,time_period_04,place-gover,7788,43769,19,410,2304,2744
Fall 2018,green,1,time_period_07,place-haecl,2123,21748,19,112,1145,1881
Fall 2018,green,1,time_period_08,place-buwst,406,52,19,21,3,204
Fall 2018,green,1,time_period_05,place-buest,2678,1120,19,141,59,1138
Fall 2018,green,1,time_period_09,place-bcnfd,7,2,19,0,0,9
Fall 2018,green,1,time_period_09,place-bcnwa,4,0,19,0,0,1
Fall 2018,green,1,time_period_09,place-bland,47,6,19,2,0,31
Fall 2018,green,1,time_period_09,place-bndhl,25,1,19,1,0,2
Fall 2018,green,1,time_period_09,place-boyls,1288,560,19,68,29,405
Fall 2018,green,1,time_period_09,place-brico,54,18,19,3,1,13
Fall 2018,green,1,time_period_09,place-brkhl,5,6,19,0,0,9
Fall 2018,green,1,time_period_09,place-brmnl,18,4,19,1,0,2
Fall 2018,green,1,time_period_09,place-bucen,34,11,19,2,1,26
Fall 2018,green,1,time_period_09,place-buest,76,15,19,4,1,29
Fall 2018,green,1,time_period_09,place-buwst,64,7,19,3,0,25
Fall 2018,green,1,time_period_09,place-bvmnl,4,12,19,0,1,9
Fall 2018,green,1,time_period_09,place-chhil,38,0,19,2,0,8
Fall 2018,green,1,time_period_09,place-chill,5,0,19,0,0,1
Fall 2018,green,1,time_period_09,place-chswk,10,0,19,1,0,1
Fall 2018,green,1,time_period_09,place-clmnl,2,0,19,0,0,0
Fall 2018,green,1,time_period_09,place-coecl,1674,400,19,88,21,329
Fall 2018,green,1,time_period_09,place-cool,25,2,19,1,0,3
Fall 2018,green,1,time_period_09,place-denrd,1,1,19,0,0,0
Fall 2018,green,1,time_period_09,place-eliot,2,0,19,0,0,3
Fall 2018,green,1,time_period_09,place-engav,5,0,19,0,0,0
Fall 2018,green,1,time_period_09,place-fbkst,9,2,19,0,0,1
Fall 2018,green,1,time_period_09,place-fenwd,16,0,19,1,0,2
Fall 2018,green,1,time_period_09,place-fenwy,156,2,19,8,0,18
Fall 2018,green,1,time_period_09,place-gover,217,6291,19,11,331,141
Fall 2018,green,1,time_period_09,place-grigg,14,0,19,1,0,7
Fall 2018,green,1,time_period_09,place-haecl,122,1507,19,6,79,68
Fall 2018,green,1,time_period_09,place-harvd,112,24,19,6,1,11
Fall 2018,green,1,time_period_09,place-hsmnl,7,0,19,0,0,0
Fall 2018,green,1,time_period_09,place-hwsst,2,0,19,0,0,6
Fall 2018,green,1,time_period_09,place-hymnl,1171,174,19,62,9,212
Fall 2018,green,1,time_period_09,place-kencl,2184,222,19,115,12,160
Fall 2018,green,1,time_period_09,place-kntst,2,0,19,0,0,6
Fall 2018,green,1,time_period_09,place-lake,2,0,19,0,0,0
Fall 2018,green,1,time_period_09,place-lech,0,619,19,0,33,0
Fall 2018,green,1,time_period_09,place-lngmd,124,0,19,7,0,9
Fall 2018,green,1,time_period_09,place-longw,20,2,19,1,0,10
Fall 2018,green,1,time_period_09,place-mfa,90,7,19,5,0,13
Fall 2018,green,1,time_period_09,place-mispk,5,1,19,0,0,1
Fall 2018,green,1,time_period_09,place-newtn,6,0,19,0,0,3
Fall 2018,green,1,time_period_04,place-grigg,5318,358,19,280,19,1285
Fall 2018,green,1,time_period_07,place-harvd,3584,1053,19,189,55,394
Fall 2018,green,1,time_period_08,place-bvmnl,326,370,19,17,19,158
Fall 2018,green,1,time_period_05,place-buwst,2319,560,19,122,29,1079
Fall 2018,green,1,time_period_09,place-plsgr,85,10,19,4,1,19
Fall 2018,green,1,time_period_04,place-haecl,4605,19362,19,242,1019,1968
Fall 2018,green,1,time_period_08,place-chhil,409,26,19,22,1,130
Fall 2018,green,1,time_period_07,place-hsmnl,283,0,19,15,0,15
Fall 2018,green,1,time_period_07,place-hwsst,451,226,19,24,12,426
Fall 2018,green,1,time_period_09,place-prmnl,432,18,19,23,1,50
Fall 2018,green,1,time_period_06,place-plsgr,2817,449,19,148,24,914
Fall 2018,green,1,time_period_07,place-hymnl,19844,8100,19,1044,426,4343
Fall 2018,green,1,time_period_09,place-river,14,0,19,1,0,1
Fall 2018,green,1,time_period_06,place-prmnl,16545,1902,19,871,100,2761
Fall 2018,green,1,time_period_07,place-kencl,31167,8145,19,1640,429,3724
Fall 2018,green,1,time_period_08,place-chill,21,7,19,1,0,8
Fall 2018,green,1,time_period_04,place-harvd,14147,2700,19,745,142,1887
Fall 2018,green,1,time_period_05,place-bvmnl,2887,1489,19,152,78,982
Fall 2018,green,1,time_period_09,place-rsmnl,29,5,19,2,0,9
Fall 2018,green,1,time_period_06,place-river,2737,0,19,144,0,144
Fall 2018,green,1,time_period_07,place-kntst,615,79,19,32,4,414
Fall 2018,green,1,time_period_08,place-chswk,130,6,19,7,0,15
Fall 2018,green,1,time_period_05,place-chhil,2090,261,19,110,14,735
Fall 2018,green,1,time_period_04,place-hsmnl,1621,0,19,85,0,85
Fall 2018,green,1,time_period_09,place-rvrwy,7,0,19,0,0,1
Fall 2018,green,1,time_period_06,place-rsmnl,3443,2768,19,181,146,1337
Fall 2018,green,1,time_period_07,place-lake,1539,0,19,81,0,81
Fall 2018,green,1,time_period_08,place-clmnl,74,0,19,4,0,4
Fall 2018,green,1,time_period_05,place-chill,233,35,19,12,2,54
Fall 2018,green,1,time_period_05,place-chswk,705,60,19,37,3,88
Fall 2018,green,1,time_period_05,place-clmnl,853,0,19,45,0,45
Fall 2018,green,1,time_period_05,place-coecl,27575,20282,19,1451,1067,6212
Fall 2018,green,1,time_period_05,place-cool,2836,623,19,149,33,342
Fall 2018,green,1,time_period_05,place-denrd,588,47,19,31,2,79
Fall 2018,green,1,time_period_05,place-eliot,794,62,19,42,3,398
Fall 2018,green,1,time_period_05,place-engav,530,417,19,28,22,51
Fall 2018,green,1,time_period_05,place-fbkst,1024,74,19,54,4,190
Fall 2018,green,1,time_period_05,place-fenwd,917,241,19,48,13,269
Fall 2018,green,1,time_period_05,place-fenwy,6025,681,19,317,36,1337
Fall 2018,green,1,time_period_05,place-gover,5031,47668,19,265,2509,2404
Fall 2018,green,1,time_period_05,place-grigg,1539,183,19,81,10,468
Fall 2018,green,1,time_period_05,place-haecl,2322,17986,19,122,947,1580
Fall 2018,green,1,time_period_05,place-harvd,4646,1216,19,245,64,649
Fall 2018,green,1,time_period_05,place-hsmnl,1406,0,19,74,0,74
Fall 2018,green,1,time_period_05,place-hwsst,624,288,19,33,15,450
Fall 2018,green,1,time_period_05,place-hymnl,12987,9733,19,684,512,3972
Fall 2018,green,1,time_period_05,place-kencl,23073,7884,19,1214,415,3801
Fall 2018,green,1,time_period_05,place-kntst,557,96,19,29,5,432
Fall 2018,green,1,time_period_05,place-lake,1243,0,19,65,0,65
Fall 2018,green,1,time_period_05,place-lech,0,10788,19,0,568,0
Fall 2018,green,1,time_period_05,place-lngmd,6423,195,19,338,10,879
Fall 2018,green,1,time_period_05,place-longw,2416,1006,19,127,53,1056
Fall 2018,green,1,time_period_05,place-mfa,5216,494,19,275,26,1127
Fall 2018,green,1,time_period_05,place-mispk,1563,96,19,82,5,234
Fall 2018,green,1,time_period_05,place-newtn,1513,162,19,80,9,469
Fall 2018,green,1,time_period_05,place-newto,3377,161,19,178,8,638
Fall 2018,green,1,time_period_05,place-north,1099,18620,19,58,980,658
Fall 2018,green,1,time_period_05,place-nuniv,3122,720,19,164,38,1254
Fall 2018,green,1,time_period_05,place-pktrm,28842,64944,19,1518,3418,4648
Fall 2018,green,1,time_period_05,place-plsgr,2317,365,19,122,19,927
Fall 2018,green,1,time_period_05,place-prmnl,8518,1386,19,448,73,1856
Fall 2018,green,1,time_period_05,place-river,1252,0,19,66,0,66
Fall 2018,green,1,time_period_05,place-rsmnl,2383,1059,19,125,56,804
Fall 2018,green,1,time_period_05,place-rvrwy,774,34,19,41,2,156
Fall 2018,green,1,time_period_05,place-smary,1557,292,19,82,15,517
Fall 2018,green,1,time_period_05,place-sougr,308,719,19,16,38,44
Fall 2018,green,1,time_period_05,place-spmnl,251,1957,19,13,103,568
Fall 2018,green,1,time_period_05,place-sthld,1192,82,19,63,4,147
Fall 2018,green,1,time_period_05,place-stplb,1645,514,19,87,27,987
Fall 2018,green,1,time_period_06,place-rvrwy,912,105,19,48,6,176
Fall 2018,green,1,time_period_08,place-coecl,11632,4776,19,612,251,3154
Fall 2018,green,1,time_period_09,place-smary,25,1,19,1,0,7
Fall 2018,green,1,time_period_07,place-lech,0,12626,19,0,665,0
Fall 2018,green,1,time_period_06,place-smary,2089,375,19,110,20,646
Fall 2018,green,1,time_period_08,place-cool,722,42,19,38,2,72
Fall 2018,green,1,time_period_04,place-hwsst,1319,786,19,69,41,1262
Fall 2018,green,1,time_period_09,place-sougr,2,0,19,0,0,0
Fall 2018,green,1,time_period_08,place-denrd,50,2,19,3,0,7
Fall 2018,green,1,time_period_09,place-spmnl,18,57,19,1,3,33
Fall 2018,green,1,time_period_04,place-hymnl,16271,20956,19,856,1103,6705
Fall 2018,green,1,time_period_09,place-sthld,16,1,19,1,0,2
Fall 2018,green,1,time_period_08,place-eliot,77,9,19,4,0,46
Fall 2018,green,1,time_period_09,place-stplb,49,7,19,3,0,22
Fall 2018,green,1,time_period_04,place-kencl,26900,14104,19,1416,742,6951
Fall 2018,green,1,time_period_08,place-engav,53,39,19,3,2,5
Fall 2018,green,1,time_period_09,place-stpul,51,0,19,3,0,6
Fall 2018,green,1,time_period_04,place-kntst,1725,246,19,91,13,1234
Fall 2018,green,1,time_period_08,place-fbkst,219,1,19,12,0,29
Fall 2018,green,1,time_period_04,place-lake,1041,0,19,55,0,55
Fall 2018,green,1,time_period_09,place-sumav,0,4,19,0,0,2
Fall 2018,green,1,time_period_08,place-fenwd,80,22,19,4,1,20
Fall 2018,green,1,time_period_04,place-lech,0,17969,19,0,946,0
Fall 2018,green,1,time_period_09,place-symcl,257,40,19,14,2,28
Fall 2018,green,1,time_period_09,place-tapst,2,1,19,0,0,0
Fall 2018,green,1,time_period_09,place-waban,1,0,19,0,0,3
Fall 2018,green,1,time_period_09,place-wascm,31,5,19,2,0,3
Fall 2018,green,1,time_period_09,place-woodl,0,0,19,0,0,3
Fall 2018,green,1,time_period_09,place-wrnst,46,1,19,2,0,6
Fall 2018,green,1,time_period_10,place-alsgr,1511,378,5,302,76,2179
Fall 2018,green,1,time_period_10,place-armnl,15252,11006,5,3050,2201,33473
Fall 2018,green,1,time_period_10,place-babck,2370,535,5,474,107,4392
Fall 2018,green,1,time_period_10,place-bckhl,500,7,5,100,1,266
Fall 2018,green,1,time_period_10,place-bcnfd,2554,362,5,511,72,5608
Fall 2018,green,1,time_period_10,place-bcnwa,1181,78,5,236,16,1005
Fall 2018,green,1,time_period_10,place-bland,737,294,5,147,59,5615
Fall 2018,green,1,time_period_10,place-bndhl,1004,147,5,201,29,1495
Fall 2018,green,1,time_period_10,place-boyls,11328,22081,5,2266,4416,31322
Fall 2018,green,1,time_period_10,place-brico,3085,826,5,617,165,4025
Fall 2018,green,1,time_period_10,place-brkhl,1799,353,5,360,71,5897
Fall 2018,green,1,time_period_10,place-brmnl,2082,97,5,416,19,1257
Fall 2018,green,1,time_period_10,place-bucen,848,920,5,170,184,5295
Fall 2018,green,1,time_period_10,place-buest,1801,646,5,360,129,5527
Fall 2018,green,1,time_period_10,place-buwst,1690,564,5,338,113,5310
Fall 2018,green,1,time_period_10,place-bvmnl,3676,1361,5,735,272,6360
Fall 2018,green,1,time_period_10,place-chhil,2411,906,5,482,181,4526
Fall 2018,green,1,time_period_10,place-chill,484,36,5,97,7,342
Fall 2018,green,1,time_period_10,place-chswk,1370,92,5,274,18,597
Fall 2018,green,1,time_period_10,place-clmnl,1010,0,5,202,0,202
Fall 2018,green,1,time_period_10,place-coecl,37068,24839,5,7414,4968,32623
Fall 2018,green,1,time_period_10,place-cool,5784,1110,5,1157,222,2575
Fall 2018,green,1,time_period_10,place-denrd,1204,81,5,241,16,575
Fall 2018,green,1,time_period_10,place-eliot,1193,50,5,239,10,2923
Fall 2018,green,1,time_period_10,place-engav,994,252,5,199,50,350
Fall 2018,green,1,time_period_06,place-sougr,428,1216,19,23,64,62
Fall 2018,green,1,time_period_07,place-lngmd,4620,101,19,243,5,434
Fall 2018,green,1,time_period_10,place-fbkst,1694,104,5,339,21,1323
Fall 2018,green,1,time_period_10,place-fenwd,817,216,5,163,43,860
Fall 2018,green,1,time_period_10,place-fenwy,5501,987,5,1100,197,7459
Fall 2018,green,1,time_period_06,place-spmnl,487,3760,19,26,198,1182
Fall 2018,green,1,time_period_08,place-fenwy,1006,65,19,53,3,232
Fall 2018,green,1,time_period_06,place-sthld,1127,205,19,59,11,179
Fall 2018,green,1,time_period_08,place-gover,1317,34609,19,69,1822,1083
Fall 2018,green,1,time_period_08,place-grigg,186,34,19,10,2,58
Fall 2018,green,1,time_period_06,place-stplb,2333,444,19,123,23,1013
Fall 2018,green,1,time_period_08,place-haecl,493,10166,19,26,535,574
Fall 2018,green,1,time_period_06,place-stpul,1491,191,19,78,10,492
Fall 2018,green,1,time_period_08,place-harvd,1019,198,19,54,10,102
Fall 2018,green,1,time_period_06,place-sumav,602,256,19,32,13,255
Fall 2018,green,1,time_period_08,place-hsmnl,143,0,19,8,0,8
Fall 2018,green,1,time_period_06,place-symcl,7144,1576,19,376,83,1990
Fall 2018,green,1,time_period_08,place-hwsst,52,18,19,3,1,103
Fall 2018,green,1,time_period_08,place-hymnl,7254,1806,19,382,95,2396
Fall 2018,green,1,time_period_06,place-tapst,495,82,19,26,4,112
Fall 2018,green,1,time_period_08,place-kencl,30431,1667,19,1602,88,2109
Fall 2018,green,1,time_period_06,place-waban,1762,89,19,93,5,718
Fall 2018,green,1,time_period_07,place-longw,1969,723,19,104,38,815
Fall 2018,green,1,time_period_04,place-lngmd,5776,441,19,304,23,873
Fall 2018,green,1,time_period_07,place-mfa,4071,369,19,214,19,629
Fall 2018,green,1,time_period_04,place-longw,3931,2901,19,207,153,2123
Fall 2018,green,1,time_period_07,place-mispk,682,69,19,36,4,66
Fall 2018,green,1,time_period_04,place-mfa,4421,947,19,233,50,1056
Fall 2018,green,1,time_period_07,place-newtn,1141,109,19,60,6,344
Fall 2018,green,1,time_period_04,place-mispk,3151,146,19,166,8,364
Fall 2018,green,1,time_period_07,place-newto,3419,78,19,180,4,520
Fall 2018,green,1,time_period_04,place-newtn,3181,248,19,167,13,796
Fall 2018,green,1,time_period_07,place-north,1123,22136,19,59,1165,775
Fall 2018,green,1,time_period_04,place-newto,6553,150,19,345,8,1133
Fall 2018,green,1,time_period_07,place-nuniv,2299,332,19,121,17,732
Fall 2018,green,1,time_period_07,place-pktrm,30044,78025,19,1581,4107,5279
Fall 2018,green,1,time_period_07,place-plsgr,1657,326,19,87,17,576
Fall 2018,green,1,time_period_07,place-prmnl,11079,1100,19,583,58,1587
Fall 2018,green,1,time_period_07,place-river,970,0,19,51,0,51
Fall 2018,green,1,time_period_07,place-rsmnl,2376,1195,19,125,63,652
Fall 2018,green,1,time_period_07,place-rvrwy,266,21,19,14,1,34
Fall 2018,green,1,time_period_07,place-smary,1625,265,19,86,14,498
Fall 2018,green,1,time_period_07,place-sougr,351,1008,19,18,53,46
Fall 2018,green,1,time_period_07,place-spmnl,165,2270,19,9,119,665
Fall 2018,green,1,time_period_07,place-sthld,876,133,19,46,7,134
Fall 2018,green,1,time_period_07,place-stplb,1359,308,19,72,16,631
Fall 2018,green,1,time_period_07,place-stpul,1479,153,19,78,8,386
Fall 2018,green,1,time_period_07,place-sumav,459,265,19,24,14,184
Fall 2018,green,1,time_period_07,place-symcl,6983,725,19,368,38,1062
Fall 2018,green,1,time_period_07,place-tapst,379,53,19,20,3,78
Fall 2018,green,1,time_period_07,place-waban,888,25,19,47,1,267
Fall 2018,green,1,time_period_07,place-wascm,999,264,19,53,14,172
Fall 2018,green,1,time_period_07,place-woodl,352,21,19,19,1,222
Fall 2018,green,1,time_period_07,place-wrnst,1329,428,19,70,23,220
Fall 2018,green,1,time_period_08,place-alsgr,141,80,19,7,4,50
Fall 2018,green,1,time_period_08,place-armnl,5887,2142,19,310,113,3352
Fall 2018,green,1,time_period_08,place-babck,344,66,19,18,3,132
Fall 2018,green,1,time_period_08,place-bckhl,60,8,19,3,0,10
Fall 2018,green,1,time_period_08,place-bcnfd,284,74,19,15,4,159
Fall 2018,green,1,time_period_08,place-bcnwa,130,2,19,7,0,18
Fall 2018,green,1,time_period_08,place-bland,242,91,19,13,5,236
Fall 2018,green,1,time_period_08,place-bndhl,127,16,19,7,1,35
Fall 2018,green,1,time_period_08,place-boyls,6176,4130,19,325,217,3459
Fall 2018,green,1,time_period_08,place-brico,400,98,19,21,5,118
Fall 2018,green,1,time_period_06,place-wascm,1509,219,19,79,12,247
Fall 2018,green,1,time_period_08,place-kntst,104,7,19,5,0,101
Fall 2018,green,1,time_period_06,place-woodl,1122,92,19,59,5,630
Fall 2018,green,1,time_period_06,place-wrnst,2075,415,19,109,22,334
Fall 2018,green,1,time_period_07,place-alsgr,532,331,19,28,17,230
Fall 2018,green,1,time_period_07,place-armnl,20297,6800,19,1068,358,7810
Fall 2018,green,1,time_period_07,place-babck,1504,366,19,79,19,506
Fall 2018,green,1,time_period_07,place-bckhl,140,22,19,7,1,21
Fall 2018,green,1,time_period_07,place-bcnfd,1219,441,19,64,23,693
Fall 2018,green,1,time_period_07,place-bcnwa,666,51,19,35,3,110
Fall 2018,green,1,time_period_07,place-bland,953,280,19,50,15,938
Fall 2018,green,1,time_period_07,place-bndhl,558,136,19,29,7,174
Fall 2018,green,1,time_period_07,place-boyls,12915,13023,19,680,685,7805
Fall 2018,green,1,time_period_07,place-brico,1461,466,19,77,25,446
Fall 2018,green,1,time_period_07,place-brkhl,885,536,19,47,28,711
Fall 2018,green,1,time_period_07,place-brmnl,2238,94,19,118,5,196
Fall 2018,green,1,time_period_07,place-bucen,1148,643,19,60,34,763
Fall 2018,green,1,time_period_07,place-buest,3166,504,19,167,27,903
Fall 2018,green,1,time_period_07,place-buwst,2292,301,19,121,16,736
Fall 2018,green,1,time_period_07,place-bvmnl,1896,1167,19,100,61,749
Fall 2018,green,1,time_period_07,place-chhil,1512,188,19,80,10,590
Fall 2018,green,1,time_period_07,place-chill,169,47,19,9,2,53
Fall 2018,green,1,time_period_07,place-chswk,847,52,19,45,3,95
Fall 2018,green,1,time_period_07,place-clmnl,668,0,19,35,0,35
Fall 2018,green,1,time_period_07,place-coecl,39348,17112,19,2071,901,7100
Fall 2018,green,1,time_period_07,place-cool,3071,566,19,162,30,316
Fall 2018,green,1,time_period_07,place-denrd,394,68,19,21,4,60
Fall 2018,green,1,time_period_07,place-eliot,465,31,19,24,2,290
Fall 2018,green,1,time_period_07,place-engav,464,310,19,24,16,43
Fall 2018,green,1,time_period_07,place-fbkst,912,114,19,48,6,152
Fall 2018,green,1,time_period_04,place-north,3048,18859,19,160,993,1136
Fall 2018,green,1,time_period_08,place-lake,206,0,19,11,0,11
Fall 2018,green,1,time_period_08,place-lech,0,3076,19,0,162,0
Fall 2018,green,1,time_period_04,place-nuniv,2022,1175,19,106,62,1101
Fall 2018,green,1,time_period_04,place-pktrm,31603,83348,19,1663,4387,4638
Fall 2018,green,1,time_period_08,place-lngmd,1314,23,19,69,1,111
Fall 2018,green,1,time_period_04,place-plsgr,4966,928,19,261,49,2649
Fall 2018,green,1,time_period_08,place-longw,569,94,19,30,5,183
Fall 2018,green,1,time_period_04,place-prmnl,9160,1852,19,482,97,1830
Fall 2018,green,1,time_period_08,place-mfa,866,52,19,46,3,154
Fall 2018,green,1,time_period_04,place-river,1959,0,19,103,0,103
Fall 2018,green,1,time_period_08,place-mispk,82,24,19,4,1,17
Fall 2018,green,1,time_period_04,place-rsmnl,5008,819,19,264,43,1467
Fall 2018,green,1,time_period_08,place-newtn,260,6,19,14,0,60
Fall 2018,green,1,time_period_04,place-rvrwy,1375,46,19,72,2,206
Fall 2018,green,1,time_period_08,place-newto,964,10,19,51,1,110
Fall 2018,green,1,time_period_04,place-smary,3003,809,19,158,43,1378
Fall 2018,green,1,time_period_08,place-north,619,7973,19,33,420,187
Fall 2018,green,1,time_period_04,place-sougr,771,541,19,41,28,67
Fall 2018,green,1,time_period_08,place-nuniv,412,83,19,22,4,171
Fall 2018,green,1,time_period_04,place-spmnl,225,3831,19,12,202,946
Fall 2018,green,1,time_period_08,place-pktrm,15353,27215,19,808,1432,2835
Fall 2018,green,1,time_period_04,place-sthld,3935,103,19,207,5,377
Fall 2018,green,1,time_period_08,place-plsgr,650,50,19,34,3,164
Fall 2018,green,1,time_period_04,place-stplb,2657,1564,19,140,82,2706
Fall 2018,green,1,time_period_08,place-prmnl,2801,156,19,147,8,398
Fall 2018,green,1,time_period_04,place-stpul,3195,349,19,168,18,1157
Fall 2018,green,1,time_period_08,place-river,119,0,19,6,0,6
Fall 2018,green,1,time_period_04,place-sumav,2078,406,19,109,21,687
Fall 2018,green,1,time_period_08,place-rsmnl,492,145,19,26,8,148
Fall 2018,green,1,time_period_04,place-symcl,8101,1545,19,426,81,1446
Fall 2018,green,1,time_period_08,place-rvrwy,77,0,19,4,0,14
Fall 2018,green,1,time_period_08,place-smary,477,23,19,25,1,127
Fall 2018,green,1,time_period_08,place-sougr,62,127,19,3,7,7
Fall 2018,green,1,time_period_08,place-spmnl,54,523,19,3,28,162
Fall 2018,green,1,time_period_08,place-sthld,157,18,19,8,1,22
Fall 2018,green,1,time_period_08,place-stplb,428,27,19,23,1,185
Fall 2018,green,1,time_period_08,place-stpul,478,18,19,25,1,96
Fall 2018,green,1,time_period_08,place-sumav,44,29,19,2,2,36
Fall 2018,green,1,time_period_04,place-tapst,1514,53,19,80,3,266
Fall 2018,green,1,time_period_04,place-waban,2073,37,19,109,2,560
Fall 2018,green,1,time_period_04,place-wascm,4554,344,19,240,18,599
Fall 2018,green,1,time_period_04,place-woodl,847,76,19,45,4,453
Fall 2018,green,1,time_period_04,place-wrnst,5084,364,19,268,19,847
Fall 2018,green,1,time_period_05,place-alsgr,1198,198,19,63,10,397
Fall 2018,green,1,time_period_05,place-armnl,17041,6853,19,897,361,6748
Fall 2018,green,1,time_period_05,place-babck,2076,396,19,109,21,824
Fall 2018,green,1,time_period_05,place-bckhl,845,20,19,44,1,117
Fall 2018,green,1,time_period_05,place-bcnfd,1388,402,19,73,21,856
Fall 2018,green,1,time_period_05,place-bcnwa,785,59,19,41,3,140
Fall 2018,green,1,time_period_05,place-bland,789,603,19,42,32,1148
Fall 2018,green,1,time_period_05,place-bndhl,567,95,19,30,5,215
Fall 2018,green,1,time_period_11,place-bucen,648,877,5,130,175,4137
Fall 2018,green,1,time_period_11,place-buest,1239,561,5,248,112,4272
Fall 2018,green,1,time_period_11,place-buwst,1378,510,5,276,102,4183
Fall 2018,green,1,time_period_11,place-waban,1063,26,5,213,5,2086
Fall 2018,green,1,time_period_10,place-gover,7150,61786,5,1430,12357,12386
Fall 2018,green,1,time_period_10,place-grigg,1986,367,5,397,73,2503
Fall 2018,green,1,time_period_11,place-bvmnl,2546,949,5,509,190,4721
Fall 2018,green,1,time_period_11,place-chhil,1653,134,5,331,27,3423
Fall 2018,green,1,time_period_11,place-wascm,2160,200,5,432,40,1085
Fall 2018,green,1,time_period_10,place-haecl,4088,28131,5,818,5626,7577
Fall 2018,green,1,time_period_11,place-chill,265,24,5,53,5,212
Fall 2018,green,1,time_period_10,place-harvd,7316,1969,5,1463,394,3573
Fall 2018,green,1,time_period_11,place-woodl,751,10,5,150,2,1879
Fall 2018,green,1,time_period_11,place-chswk,974,27,5,195,5,402
Fall 2018,green,1,time_period_10,place-hsmnl,837,0,5,167,0,167
Fall 2018,green,1,time_period_10,place-hwsst,771,528,5,154,106,3137
Fall 2018,green,1,time_period_11,place-clmnl,603,0,5,121,0,121
Fall 2018,green,1,time_period_11,place-wrnst,2554,213,5,511,43,1553
Fall 2018,green,1,time_period_11,place-coecl,28953,18073,5,5791,3615,25636
Fall 2018,green,1,time_period_10,place-hymnl,22356,15089,5,4471,3018,23423
Fall 2018,green,1,time_period_10,place-kencl,39425,12678,5,7885,2536,21969
Fall 2018,green,1,time_period_10,place-kntst,959,131,5,192,26,3088
Fall 2018,green,1,time_period_11,place-cool,4560,908,5,912,182,1984
Fall 2018,green,1,time_period_10,place-lake,1461,0,5,292,0,292
Fall 2018,green,1,time_period_10,place-lech,0,16475,5,0,3295,0
Fall 2018,green,1,time_period_11,place-denrd,972,69,5,194,14,427
Fall 2018,green,1,time_period_10,place-lngmd,3992,173,5,798,35,2021
Fall 2018,green,1,time_period_10,place-longw,2472,1491,5,494,298,6557
Fall 2018,green,1,time_period_10,place-mfa,3908,417,5,782,83,2719
Fall 2018,green,1,time_period_11,place-eliot,861,35,5,172,7,2251
Fall 2018,green,1,time_period_10,place-mispk,1624,64,5,325,13,740
Fall 2018,green,1,time_period_11,place-engav,789,162,5,158,32,246
Fall 2018,green,1,time_period_10,place-newtn,2050,154,5,410,31,3302
Fall 2018,green,1,time_period_11,place-fbkst,1235,73,5,247,15,987
Fall 2018,green,1,time_period_10,place-newto,4748,128,5,950,26,4226
Fall 2018,green,1,time_period_11,place-fenwd,739,131,5,148,26,664
Fall 2018,green,1,time_period_10,place-north,1732,20101,5,346,4020,3904
Fall 2018,green,1,time_period_11,place-fenwy,3819,703,5,764,141,5488
Fall 2018,green,1,time_period_10,place-nuniv,2453,428,5,491,86,3124
Fall 2018,green,1,time_period_10,place-pktrm,38332,78377,5,7666,15675,23313
Fall 2018,green,1,time_period_10,place-plsgr,2725,420,5,545,84,4853
Fall 2018,green,1,time_period_10,place-prmnl,12020,1548,5,2404,310,6755
Fall 2018,green,1,time_period_10,place-river,2746,0,5,549,0,549
Fall 2018,green,1,time_period_10,place-rsmnl,4173,956,5,835,191,5170
Fall 2018,green,1,time_period_10,place-rvrwy,849,39,5,170,8,428
Fall 2018,green,1,time_period_10,place-smary,2494,452,5,499,90,3545
Fall 2018,green,1,time_period_10,place-sougr,610,810,5,122,162,252
Fall 2018,green,1,time_period_10,place-spmnl,135,3179,5,27,636,3295
Fall 2018,green,1,time_period_10,place-sthld,1991,160,5,398,32,964
Fall 2018,green,1,time_period_10,place-stplb,1685,525,5,337,105,5085
Fall 2018,green,1,time_period_10,place-stpul,1937,199,5,387,40,2923
Fall 2018,green,1,time_period_10,place-sumav,1027,300,5,205,60,1640
Fall 2018,green,1,time_period_10,place-symcl,8565,883,5,1713,177,4661
Fall 2018,green,1,time_period_10,place-tapst,1118,69,5,224,14,784
Fall 2018,green,1,time_period_10,place-waban,1594,16,5,319,3,2694
Fall 2018,green,1,time_period_10,place-wascm,2696,219,5,539,44,1459
Fall 2018,green,1,time_period_10,place-woodl,919,11,5,184,2,2378
Fall 2018,green,1,time_period_10,place-wrnst,2832,364,5,566,73,1953
Fall 2018,green,1,time_period_11,place-alsgr,1638,288,5,328,58,1823
Fall 2018,green,1,time_period_11,place-armnl,11917,9118,5,2383,1824,26196
Fall 2018,green,1,time_period_11,place-babck,1870,440,5,374,88,3488
Fall 2018,green,1,time_period_11,place-bckhl,339,15,5,68,3,200
Fall 2018,green,1,time_period_11,place-bcnfd,1866,208,5,373,42,4171
Fall 2018,green,1,time_period_11,place-bcnwa,840,46,5,168,9,755
Fall 2018,green,1,time_period_11,place-bland,488,165,5,98,33,4337
Fall 2018,green,1,time_period_11,place-bndhl,764,95,5,153,19,1121
Fall 2018,green,1,time_period_11,place-boyls,9159,18677,5,1832,3735,24293
Fall 2018,green,1,time_period_11,place-brico,2400,597,5,480,119,3202
Fall 2018,green,1,time_period_11,place-brkhl,1410,260,5,282,52,4401
Fall 2018,green,1,time_period_11,place-brmnl,1197,53,5,239,11,893
Fall 2018,green,1,time_period_11,place-gover,5112,47462,5,1022,9492,8876
Fall 2018,green,1,time_period_11,place-grigg,1248,291,5,250,58,2014
Fall 2018,green,1,time_period_11,place-haecl,2295,17024,5,459,3405,5930
Fall 2018,green,1,time_period_11,place-harvd,5682,1548,5,1136,310,2841
Fall 2018,green,1,time_period_11,place-hsmnl,679,0,5,136,0,136
Fall 2018,green,1,time_period_11,place-hwsst,494,416,5,99,83,2418
Fall 2018,green,1,time_period_11,place-hymnl,18498,11977,5,3700,2395,18528
Fall 2018,green,1,time_period_11,place-kencl,33619,10296,5,6724,2059,17224
Fall 2018,green,1,time_period_11,place-kntst,741,106,5,148,21,2403
Fall 2018,green,1,time_period_11,place-lake,579,0,5,116,0,116
Fall 2018,green,1,time_period_11,place-lech,0,10949,5,0,2190,0
Fall 2018,green,1,time_period_11,place-lngmd,3273,123,5,655,25,1523
Fall 2018,green,1,time_period_11,place-longw,1654,934,5,331,187,4865
Fall 2018,green,1,time_period_11,place-mfa,2873,310,5,575,62,2035
Fall 2018,green,1,time_period_11,place-mispk,1162,29,5,232,6,542
Fall 2018,green,1,time_period_11,place-newtn,1340,68,5,268,14,2506
Fall 2018,green,1,time_period_11,place-newto,3141,74,5,628,15,3119
Fall 2018,green,1,time_period_11,place-north,1420,17586,5,284,3517,2697
Fall 2018,green,1,time_period_11,place-nuniv,1689,360,5,338,72,2301
Fall 2018,green,1,time_period_11,place-pktrm,27118,61851,5,5424,12370,17346
Fall 2018,green,1,time_period_11,place-plsgr,2193,270,5,439,54,3872
Fall 2018,green,1,time_period_11,place-prmnl,9138,1164,5,1828,233,4933
Fall 2018,green,1,time_period_11,place-river,2164,0,5,433,0,433
Fall 2018,green,1,time_period_11,place-rsmnl,2628,545,5,526,109,3840
Fall 2018,green,1,time_period_11,place-rvrwy,594,17,5,119,3,316
Fall 2018,green,1,time_period_11,place-smary,1952,371,5,390,74,2734
Fall 2018,green,1,time_period_11,place-sougr,415,174,5,83,35,164
Fall 2018,green,1,time_period_11,place-spmnl,142,2679,5,28,536,2190
Fall 2018,green,1,time_period_11,place-sthld,1564,109,5,313,22,693
Fall 2018,green,1,time_period_11,place-stplb,1104,420,5,221,84,4009
Fall 2018,green,1,time_period_11,place-stpul,1614,155,5,323,31,2276
Fall 2018,green,1,time_period_11,place-sumav,901,240,5,180,48,1253
Fall 2018,green,1,time_period_11,place-symcl,5972,789,5,1194,158,3338
Fall 2018,green,1,time_period_11,place-tapst,891,44,5,178,9,596
Fall 2018,orange,0,time_period_01,place-astao,315,184,19,17,10,806
Fall 2018,orange,0,time_period_01,place-bbsta,137,3297,19,7,174,356
Fall 2018,orange,0,time_period_01,place-ccmnl,751,579,19,40,30,1141
Fall 2018,orange,0,time_period_01,place-chncl,58,1307,19,3,69,609
Fall 2018,orange,0,time_period_01,place-dwnxg,1262,7525,19,66,396,675
Fall 2018,orange,0,time_period_08,place-ccmnl,1709,281,19,90,15,544
Fall 2018,orange,0,time_period_03,place-ccmnl,10619,12279,19,559,646,13227
Fall 2018,orange,0,time_period_05,place-ogmnl,7280,0,19,383,0,383
Fall 2018,orange,0,time_period_01,place-forhl,0,2336,19,0,123,0
Fall 2018,orange,0,time_period_01,place-grnst,40,205,19,2,11,123
Fall 2018,orange,0,time_period_01,place-haecl,1413,1196,19,74,63,981
Fall 2018,orange,0,time_period_01,place-jaksn,82,400,19,4,21,139
Fall 2018,orange,0,time_period_01,place-masta,157,868,19,8,46,319
Fall 2018,orange,0,time_period_01,place-mlmnl,7496,15,19,395,1,563
Fall 2018,orange,0,time_period_01,place-north,157,3412,19,8,180,970
Fall 2018,orange,0,time_period_01,place-ogmnl,3211,0,19,169,0,169
Fall 2018,orange,0,time_period_01,place-rcmnl,53,736,19,3,39,155
Fall 2018,orange,0,time_period_01,place-rugg,91,2510,19,5,132,191
Fall 2018,orange,0,time_period_01,place-sbmnl,52,187,19,3,10,132
Fall 2018,orange,0,time_period_01,place-state,3210,2769,19,169,146,1004
Fall 2018,orange,0,time_period_01,place-sull,6735,538,19,354,28,1132
Fall 2018,orange,0,time_period_01,place-tumnl,213,1855,19,11,98,522
Fall 2018,orange,0,time_period_01,place-welln,4608,123,19,243,6,799
Fall 2018,orange,0,time_period_02,place-astao,1972,737,19,104,39,2809
Fall 2018,orange,0,time_period_02,place-bbsta,1208,12805,19,64,674,1427
Fall 2018,orange,0,time_period_02,place-ccmnl,2649,2387,19,139,126,3302
Fall 2018,orange,0,time_period_02,place-chncl,267,4237,19,14,223,2477
Fall 2018,orange,0,time_period_02,place-dwnxg,7235,25472,19,381,1341,2686
Fall 2018,orange,0,time_period_02,place-forhl,0,7389,19,0,389,0
Fall 2018,orange,0,time_period_02,place-grnst,123,1134,19,6,60,389
Fall 2018,orange,0,time_period_02,place-haecl,4935,4966,19,260,261,3141
Fall 2018,orange,0,time_period_02,place-jaksn,1140,1510,19,60,79,460
Fall 2018,orange,0,time_period_02,place-masta,768,3443,19,40,181,1286
Fall 2018,orange,0,time_period_02,place-mlmnl,20013,91,19,1053,5,2100
Fall 2018,orange,0,time_period_02,place-north,5773,8799,19,304,463,3143
Fall 2018,orange,0,time_period_02,place-ogmnl,19969,0,19,1051,0,1051
Fall 2018,orange,0,time_period_02,place-rcmnl,551,4640,19,29,244,480
Fall 2018,orange,0,time_period_02,place-rugg,1156,12378,19,61,651,695
Fall 2018,orange,0,time_period_02,place-sbmnl,253,601,19,13,32,442
Fall 2018,orange,0,time_period_02,place-state,17571,7988,19,925,420,3645
Fall 2018,orange,0,time_period_02,place-sull,10727,1630,19,565,86,3288
Fall 2018,orange,0,time_period_02,place-tumnl,774,9128,19,41,480,2037
Fall 2018,orange,0,time_period_02,place-welln,12539,286,19,660,15,2744
Fall 2018,orange,0,time_period_03,place-astao,12353,2963,19,650,156,11592
Fall 2018,orange,0,time_period_03,place-bbsta,6955,82682,19,366,4352,3962
Fall 2018,orange,0,time_period_03,place-chncl,1896,20143,19,100,1060,9292
Fall 2018,orange,0,time_period_08,place-chncl,3461,697,19,182,37,1571
Fall 2018,orange,0,time_period_05,place-rcmnl,8728,9385,19,459,494,4016
Fall 2018,orange,0,time_period_03,place-dwnxg,37037,104850,19,1949,5518,10252
Fall 2018,orange,0,time_period_08,place-dwnxg,11498,6048,19,605,318,1426
Fall 2018,orange,0,time_period_08,place-forhl,0,13221,19,0,696,0
Fall 2018,orange,0,time_period_08,place-grnst,87,3156,19,5,166,696
Fall 2018,orange,0,time_period_03,place-forhl,0,16724,19,0,880,0
Fall 2018,orange,0,time_period_05,place-rugg,9398,23328,19,495,1228,4051
Fall 2018,orange,0,time_period_08,place-haecl,4022,1262,19,212,66,997
Fall 2018,orange,0,time_period_03,place-grnst,430,3959,19,23,208,880
Fall 2018,orange,0,time_period_05,place-sbmnl,635,10425,19,33,549,2775
Fall 2018,orange,0,time_period_05,place-state,29379,14063,19,1546,740,5818
Fall 2018,orange,0,time_period_05,place-sull,19730,2362,19,1038,124,3488
Fall 2018,orange,0,time_period_05,place-tumnl,7111,10500,19,374,553,5579
Fall 2018,orange,0,time_period_05,place-welln,11516,859,19,606,45,2151
Fall 2018,orange,0,time_period_06,place-astao,18142,1691,19,955,89,3161
Fall 2018,orange,0,time_period_06,place-bbsta,30219,39686,19,1590,2089,9972
Fall 2018,orange,0,time_period_06,place-ccmnl,17788,4135,19,936,218,5010
Fall 2018,orange,0,time_period_06,place-chncl,9051,7480,19,476,394,10251
Fall 2018,orange,0,time_period_06,place-dwnxg,77071,52402,19,4056,2758,10168
Fall 2018,orange,0,time_period_06,place-forhl,0,83377,19,0,4388,0
Fall 2018,orange,0,time_period_06,place-grnst,1092,23181,19,57,1220,4388
Fall 2018,orange,0,time_period_06,place-haecl,25003,10477,19,1316,551,6965
Fall 2018,orange,0,time_period_06,place-jaksn,3040,28660,19,160,1508,6928
Fall 2018,orange,0,time_period_06,place-masta,12260,20032,19,645,1054,9563
Fall 2018,orange,0,time_period_06,place-mlmnl,20950,984,19,1103,52,1531
Fall 2018,orange,0,time_period_06,place-north,33169,10542,19,1746,555,6201
Fall 2018,orange,0,time_period_06,place-ogmnl,9131,0,19,481,0,481
Fall 2018,orange,0,time_period_06,place-rcmnl,7782,17775,19,410,936,8276
Fall 2018,orange,0,time_period_06,place-rugg,16285,30744,19,857,1618,8802
Fall 2018,orange,0,time_period_06,place-sbmnl,975,27136,19,51,1428,5551
Fall 2018,orange,0,time_period_06,place-state,50826,14642,19,2675,771,8870
Fall 2018,orange,0,time_period_06,place-sull,24808,3342,19,1306,176,4291
Fall 2018,orange,0,time_period_06,place-tumnl,13977,9799,19,736,516,10471
Fall 2018,orange,0,time_period_06,place-welln,15338,820,19,807,43,2296
Fall 2018,orange,0,time_period_07,place-astao,7561,933,19,398,49,1448
Fall 2018,orange,0,time_period_07,place-bbsta,19831,14176,19,1044,746,5838
Fall 2018,orange,0,time_period_07,place-ccmnl,11471,1326,19,604,70,2469
Fall 2018,orange,0,time_period_07,place-chncl,9368,3526,19,493,186,5448
Fall 2018,orange,0,time_period_07,place-dwnxg,46680,23999,19,2457,1263,5140
Fall 2018,orange,0,time_period_07,place-forhl,0,46119,19,0,2427,0
Fall 2018,orange,0,time_period_07,place-grnst,456,14687,19,24,773,2427
Fall 2018,orange,0,time_period_07,place-haecl,12746,4895,19,671,258,3223
Fall 2018,orange,0,time_period_07,place-jaksn,1898,18533,19,100,975,4102
Fall 2018,orange,0,time_period_07,place-masta,9035,10665,19,476,561,5752
Fall 2018,orange,0,time_period_07,place-mlmnl,11369,880,19,598,46,802
Fall 2018,orange,0,time_period_07,place-north,11571,5101,19,609,268,2809
Fall 2018,orange,0,time_period_07,place-ogmnl,4752,0,19,250,0,250
Fall 2018,orange,0,time_period_07,place-rcmnl,3827,10581,19,201,557,4978
Fall 2018,orange,0,time_period_07,place-rugg,9526,17485,19,501,920,5333
Fall 2018,orange,0,time_period_07,place-sbmnl,713,18301,19,38,963,3176
Fall 2018,orange,0,time_period_07,place-state,22080,8326,19,1162,438,3946
Fall 2018,orange,0,time_period_07,place-sull,11149,1907,19,587,100,1935
Fall 2018,orange,0,time_period_07,place-tumnl,6463,4707,19,340,248,5540
Fall 2018,orange,0,time_period_07,place-welln,6174,522,19,325,27,1100
Fall 2018,orange,0,time_period_08,place-astao,1951,56,19,103,3,348
Fall 2018,orange,0,time_period_08,place-bbsta,5450,2934,19,287,154,1745
Fall 2018,orange,0,time_period_03,place-haecl,13640,18870,19,718,993,13675
Fall 2018,orange,0,time_period_08,place-jaksn,365,6410,19,19,337,1104
Fall 2018,orange,0,time_period_08,place-masta,3002,2403,19,158,126,1777
Fall 2018,orange,0,time_period_03,place-jaksn,3280,5214,19,173,274,1206
Fall 2018,orange,0,time_period_08,place-mlmnl,2656,61,19,140,3,180
Fall 2018,orange,0,time_period_03,place-masta,2713,14252,19,143,750,3355
Fall 2018,orange,0,time_period_03,place-mlmnl,92433,619,19,4865,33,8312
Fall 2018,orange,0,time_period_08,place-north,6459,614,19,340,32,851
Fall 2018,orange,0,time_period_03,place-north,41111,27369,19,2164,1440,13950
Fall 2018,orange,0,time_period_08,place-ogmnl,834,0,19,44,0,44
Fall 2018,orange,0,time_period_08,place-rcmnl,620,2720,19,33,143,1422
Fall 2018,orange,0,time_period_03,place-ogmnl,66108,0,19,3479,0,3479
Fall 2018,orange,0,time_period_08,place-rugg,2238,6878,19,118,362,1533
Fall 2018,orange,0,time_period_03,place-rcmnl,1702,10655,19,90,561,1308
Fall 2018,orange,0,time_period_08,place-sbmnl,97,4784,19,5,252,857
Fall 2018,orange,0,time_period_03,place-rugg,2901,32835,19,153,1728,1779
Fall 2018,orange,0,time_period_08,place-state,6052,3355,19,319,177,1139
Fall 2018,orange,0,time_period_03,place-sbmnl,744,3406,19,39,179,1066
Fall 2018,orange,0,time_period_03,place-state,43148,40367,19,2271,2125,13821
Fall 2018,orange,0,time_period_03,place-sull,38170,5445,19,2009,287,13314
Fall 2018,orange,0,time_period_03,place-tumnl,3420,28966,19,180,1525,7947
Fall 2018,orange,0,time_period_03,place-welln,54151,1215,19,2850,64,11098
Fall 2018,orange,0,time_period_04,place-astao,11426,2957,19,601,156,7359
Fall 2018,orange,0,time_period_04,place-bbsta,10932,47176,19,575,2483,5455
Fall 2018,orange,0,time_period_04,place-ccmnl,23648,12092,19,1245,636,9566
Fall 2018,orange,0,time_period_04,place-chncl,6375,23082,19,336,1215,8039
Fall 2018,orange,0,time_period_04,place-dwnxg,47583,79702,19,2504,4195,8919
Fall 2018,orange,0,time_period_04,place-forhl,0,27707,19,0,1458,0
Fall 2018,orange,0,time_period_04,place-grnst,715,6830,19,38,359,1458
Fall 2018,orange,0,time_period_04,place-haecl,19775,16557,19,1041,871,10088
Fall 2018,orange,0,time_period_04,place-jaksn,2462,12338,19,130,649,2162
Fall 2018,orange,0,time_period_04,place-masta,4839,19380,19,255,1020,4690
Fall 2018,orange,0,time_period_04,place-mlmnl,73038,4023,19,3844,212,5064
Fall 2018,orange,0,time_period_04,place-north,23817,17118,19,1254,901,9919
Fall 2018,orange,0,time_period_04,place-ogmnl,27207,0,19,1432,0,1432
Fall 2018,orange,0,time_period_04,place-rcmnl,3573,11003,19,188,579,2682
Fall 2018,orange,0,time_period_04,place-rugg,5310,36027,19,279,1896,3073
Fall 2018,orange,0,time_period_04,place-sbmnl,693,7955,19,36,419,1780
Fall 2018,orange,0,time_period_04,place-state,37243,27342,19,1960,1439,10609
Fall 2018,orange,0,time_period_04,place-sull,34657,4272,19,1824,225,8958
Fall 2018,orange,0,time_period_04,place-tumnl,7250,20106,19,382,1058,7363
Fall 2018,orange,0,time_period_04,place-welln,36478,1354,19,1920,71,6913
Fall 2018,orange,0,time_period_05,place-astao,9297,1273,19,489,67,2573
Fall 2018,orange,0,time_period_05,place-bbsta,14697,24315,19,774,1280,5073
Fall 2018,orange,0,time_period_05,place-ccmnl,18684,4463,19,983,235,4236
Fall 2018,orange,0,time_period_05,place-chncl,5051,7153,19,266,376,5758
Fall 2018,orange,0,time_period_05,place-dwnxg,40795,39831,19,2147,2096,5869
Fall 2018,orange,0,time_period_05,place-forhl,0,45328,19,0,2386,0
Fall 2018,orange,0,time_period_05,place-grnst,967,8371,19,51,441,2386
Fall 2018,orange,0,time_period_05,place-haecl,15402,8045,19,811,423,5012
Fall 2018,orange,0,time_period_05,place-jaksn,2083,15862,19,110,835,3291
Fall 2018,orange,0,time_period_05,place-masta,5734,11236,19,302,591,4784
Fall 2018,orange,0,time_period_05,place-mlmnl,23383,451,19,1231,24,1590
Fall 2018,orange,0,time_period_05,place-north,13939,6558,19,734,345,4624
Fall 2018,orange,0,time_period_08,place-sull,2825,531,19,149,28,469
Fall 2018,orange,0,time_period_08,place-tumnl,2203,1405,19,116,74,1613
Fall 2018,orange,0,time_period_08,place-welln,1440,150,19,76,8,248
Fall 2018,orange,0,time_period_09,place-astao,236,8,19,12,0,41
Fall 2018,orange,0,time_period_09,place-bbsta,955,381,19,50,20,313
Fall 2018,orange,0,time_period_09,place-ccmnl,94,19,19,5,1,62
Fall 2018,orange,0,time_period_09,place-chncl,1048,58,19,55,3,270
Fall 2018,orange,0,time_period_09,place-dwnxg,1766,576,19,93,30,218
Fall 2018,orange,0,time_period_09,place-forhl,0,1022,19,0,54,0
Fall 2018,orange,0,time_period_09,place-grnst,5,651,19,0,34,54
Fall 2018,orange,0,time_period_09,place-haecl,412,173,19,22,9,113
Fall 2018,orange,0,time_period_09,place-jaksn,35,1360,19,2,72,141
Fall 2018,orange,0,time_period_09,place-masta,484,557,19,25,29,309
Fall 2018,orange,0,time_period_09,place-mlmnl,311,2,19,16,0,19
Fall 2018,orange,0,time_period_09,place-north,786,68,19,41,4,100
Fall 2018,orange,0,time_period_09,place-ogmnl,50,0,19,3,0,3
Fall 2018,orange,0,time_period_09,place-rcmnl,80,630,19,4,33,211
Fall 2018,orange,0,time_period_09,place-rugg,311,1629,19,16,86,240
Fall 2018,orange,0,time_period_09,place-sbmnl,11,1020,19,1,54,88
Fall 2018,orange,0,time_period_09,place-state,1338,526,19,70,28,156
Fall 2018,orange,0,time_period_09,place-sull,429,95,19,23,5,58
Fall 2018,orange,0,time_period_09,place-tumnl,362,129,19,19,7,283
Fall 2018,orange,0,time_period_09,place-welln,194,3,19,10,0,29
Fall 2018,orange,0,time_period_10,place-astao,12912,3702,5,2582,740,15516
Fall 2018,orange,0,time_period_10,place-bbsta,6030,22110,5,1206,4422,7910
Fall 2018,orange,0,time_period_10,place-ccmnl,7064,4183,5,1413,837,19733
Fall 2018,orange,0,time_period_10,place-chncl,4460,11368,5,892,2274,12382
Fall 2018,orange,0,time_period_10,place-dwnxg,17129,41133,5,3426,8227,13764
Fall 2018,orange,0,time_period_10,place-forhl,0,1640,5,0,328,0
Fall 2018,orange,0,time_period_10,place-grnst,450,173,5,90,35,328
Fall 2018,orange,0,time_period_10,place-haecl,10660,16134,5,2132,3227,17817
Fall 2018,orange,0,time_period_10,place-jaksn,691,6457,5,138,1291,138
Fall 2018,orange,0,time_period_10,place-masta,1412,18338,5,282,3668,4524
Fall 2018,orange,0,time_period_10,place-mlmnl,34926,1013,5,6985,203,10088
Fall 2018,orange,0,time_period_10,place-north,7919,12026,5,1584,2405,18912
Fall 2018,orange,0,time_period_10,place-ogmnl,16529,0,5,3306,0,3306
Fall 2018,orange,0,time_period_10,place-rcmnl,174,1537,5,35,307,1291
Fall 2018,orange,0,time_period_10,place-rugg,850,15652,5,170,3130,1564
Fall 2018,orange,0,time_period_10,place-sbmnl,768,96,5,154,19,273
Fall 2018,orange,0,time_period_10,place-state,18338,14603,5,3668,2921,18564
Fall 2018,orange,0,time_period_10,place-sull,21639,3435,5,4328,687,19157
Fall 2018,orange,0,time_period_10,place-tumnl,2868,9149,5,574,1830,11126
Fall 2018,orange,0,time_period_10,place-welln,18950,1019,5,3790,204,13674
Fall 2018,orange,0,time_period_11,place-astao,9613,2720,5,1923,544,11141
Fall 2018,orange,0,time_period_11,place-bbsta,4498,15756,5,900,3151,6610
Fall 2018,orange,0,time_period_11,place-ccmnl,5218,2910,5,1044,582,14312
Fall 2018,orange,0,time_period_11,place-chncl,3467,9551,5,693,1910,9802
Fall 2018,orange,0,time_period_11,place-dwnxg,14055,33953,5,2811,6791,11018
Fall 2018,orange,0,time_period_11,place-forhl,0,708,5,0,142,0
Fall 2018,orange,0,time_period_11,place-grnst,95,230,5,19,46,142
Fall 2018,orange,0,time_period_11,place-haecl,7919,9734,5,1584,1947,13966
Fall 2018,orange,0,time_period_11,place-jaksn,847,4912,5,169,982,170
Fall 2018,orange,0,time_period_11,place-masta,1508,8796,5,302,1759,5153
Fall 2018,orange,0,time_period_11,place-mlmnl,25921,1216,5,5184,243,7289
Fall 2018,orange,0,time_period_11,place-north,9192,9109,5,1838,1822,14329
Fall 2018,orange,0,time_period_11,place-ogmnl,11742,0,5,2348,0,2348
Fall 2018,orange,0,time_period_11,place-rcmnl,128,1110,5,26,222,983
Fall 2018,orange,0,time_period_11,place-rugg,509,20375,5,102,4075,1179
Fall 2018,orange,0,time_period_11,place-sbmnl,181,187,5,36,37,169
Fall 2018,orange,0,time_period_11,place-state,16239,11078,5,3248,2216,14998
Fall 2018,orange,0,time_period_11,place-sull,15762,2213,5,3152,443,13851
Fall 2018,orange,0,time_period_11,place-tumnl,2453,7152,5,491,1430,8862
Fall 2018,orange,0,time_period_11,place-welln,13158,794,5,2632,159,9762
Fall 2018,orange,1,time_period_07,place-ccmnl,5686,9339,19,299,492,7250
Fall 2018,orange,1,time_period_07,place-chncl,15998,4068,19,842,214,5613
Fall 2018,orange,1,time_period_07,place-dwnxg,57515,27548,19,3027,1450,7190
Fall 2018,orange,1,time_period_04,place-ogmnl,0,8098,19,0,426,0
Fall 2018,orange,1,time_period_07,place-forhl,13530,0,19,712,0,712
Fall 2018,orange,1,time_period_04,place-rcmnl,15526,5254,19,817,277,6489
Fall 2018,orange,1,time_period_07,place-grnst,3799,532,19,200,28,884
Fall 2018,orange,1,time_period_04,place-rugg,24512,12538,19,1290,660,7119
Fall 2018,orange,1,time_period_07,place-haecl,16298,11894,19,858,626,7223
Fall 2018,orange,1,time_period_07,place-jaksn,6138,1763,19,323,93,1288
Fall 2018,orange,1,time_period_04,place-sbmnl,18020,761,19,948,40,4836
Fall 2018,orange,1,time_period_02,place-ccmnl,109,6716,19,6,353,842
Fall 2018,orange,1,time_period_09,place-ogmnl,0,599,19,0,32,0
Fall 2018,orange,1,time_period_07,place-masta,8789,3150,19,463,166,2911
Fall 2018,orange,1,time_period_07,place-mlmnl,735,59609,19,39,3137,1276
Fall 2018,orange,1,time_period_07,place-north,18045,13887,19,950,731,7442
Fall 2018,orange,1,time_period_07,place-ogmnl,0,24248,19,0,1276,0
Fall 2018,orange,1,time_period_07,place-rcmnl,5405,1228,19,284,65,1508
Fall 2018,orange,1,time_period_07,place-rugg,24167,3154,19,1272,166,2614
Fall 2018,orange,1,time_period_07,place-sbmnl,3920,619,19,206,33,1058
Fall 2018,orange,1,time_period_07,place-state,19353,23121,19,1019,1217,6992
Fall 2018,orange,1,time_period_07,place-sull,3943,27026,19,208,1422,6035
Fall 2018,orange,1,time_period_07,place-tumnl,11204,2299,19,590,121,4985
Fall 2018,orange,1,time_period_07,place-welln,1741,25869,19,92,1362,4375
Fall 2018,orange,1,time_period_08,place-astao,575,2585,19,30,136,1721
Fall 2018,orange,1,time_period_08,place-bbsta,9702,718,19,511,38,1122
Fall 2018,orange,1,time_period_08,place-ccmnl,753,2599,19,40,137,2428
Fall 2018,orange,1,time_period_08,place-chncl,5708,530,19,300,28,1557
Fall 2018,orange,1,time_period_08,place-dwnxg,15896,5871,19,837,309,2084
Fall 2018,orange,1,time_period_08,place-forhl,3950,0,19,208,0,208
Fall 2018,orange,1,time_period_08,place-grnst,847,63,19,45,3,249
Fall 2018,orange,1,time_period_08,place-haecl,8344,3150,19,439,166,2079
Fall 2018,orange,1,time_period_08,place-jaksn,1432,383,19,75,20,329
Fall 2018,orange,1,time_period_08,place-masta,2977,646,19,157,34,649
Fall 2018,orange,1,time_period_08,place-mlmnl,159,16821,19,8,885,423
Fall 2018,orange,1,time_period_08,place-north,10394,1918,19,547,101,2526
Fall 2018,orange,1,time_period_08,place-ogmnl,0,8030,19,0,423,0
Fall 2018,orange,1,time_period_08,place-rcmnl,1032,249,19,54,13,370
Fall 2018,orange,1,time_period_08,place-rugg,3707,740,19,195,39,526
Fall 2018,orange,1,time_period_08,place-sbmnl,634,174,19,33,9,273
Fall 2018,orange,1,time_period_08,place-state,5153,10437,19,271,549,1806
Fall 2018,orange,1,time_period_08,place-sull,845,12279,19,44,646,1827
Fall 2018,orange,1,time_period_08,place-tumnl,3588,501,19,189,26,1284
Fall 2018,orange,1,time_period_08,place-welln,260,8263,19,14,435,1300
Fall 2018,orange,1,time_period_09,place-astao,114,370,19,6,19,254
Fall 2018,orange,1,time_period_09,place-bbsta,1817,125,19,96,7,168
Fall 2018,orange,1,time_period_09,place-ccmnl,81,239,19,4,13,371
Fall 2018,orange,1,time_period_09,place-chncl,848,57,19,45,3,238
Fall 2018,orange,1,time_period_09,place-dwnxg,2613,705,19,138,37,338
Fall 2018,orange,1,time_period_09,place-forhl,472,0,19,25,0,25
Fall 2018,orange,1,time_period_09,place-grnst,96,17,19,5,1,29
Fall 2018,orange,1,time_period_09,place-haecl,1191,548,19,63,29,323
Fall 2018,orange,1,time_period_09,place-jaksn,176,55,19,9,3,39
Fall 2018,orange,1,time_period_09,place-masta,410,84,19,22,4,79
Fall 2018,orange,1,time_period_09,place-mlmnl,16,3196,19,1,168,32
Fall 2018,orange,1,time_period_09,place-north,1253,190,19,66,10,379
Fall 2018,orange,1,time_period_04,place-state,16984,35917,19,894,1890,6264
Fall 2018,orange,1,time_period_09,place-rcmnl,166,31,19,9,2,46
Fall 2018,orange,1,time_period_04,place-sull,4038,17926,19,213,943,2976
Fall 2018,orange,1,time_period_09,place-rugg,423,124,19,22,7,62
Fall 2018,orange,1,time_period_02,place-chncl,662,1452,19,35,76,2266
Fall 2018,orange,1,time_period_04,place-tumnl,13972,10254,19,735,540,7790
Fall 2018,orange,1,time_period_09,place-sbmnl,88,17,19,5,1,33
Fall 2018,orange,1,time_period_02,place-dwnxg,9516,16186,19,501,852,1915
Fall 2018,orange,1,time_period_04,place-welln,903,13057,19,48,687,1764
Fall 2018,orange,1,time_period_09,place-state,1123,2049,19,59,108,289
Fall 2018,orange,1,time_period_02,place-forhl,33929,0,19,1786,0,1786
Fall 2018,orange,1,time_period_01,place-astao,4,551,19,0,29,114
Fall 2018,orange,1,time_period_01,place-bbsta,538,1186,19,28,62,386
Fall 2018,orange,1,time_period_01,place-ccmnl,35,946,19,2,50,229
Fall 2018,orange,1,time_period_01,place-chncl,219,206,19,12,11,385
Fall 2018,orange,1,time_period_01,place-dwnxg,2282,2890,19,120,152,353
Fall 2018,orange,1,time_period_01,place-forhl,0,0,19,0,0,0
Fall 2018,orange,1,time_period_01,place-grnst,710,0,19,37,0,37
Fall 2018,orange,1,time_period_01,place-haecl,806,820,19,42,43,340
Fall 2018,orange,1,time_period_01,place-jaksn,3432,4,19,181,0,273
Fall 2018,orange,1,time_period_01,place-masta,644,350,19,34,18,420
Fall 2018,orange,1,time_period_01,place-mlmnl,5,982,19,0,52,15
Fall 2018,orange,1,time_period_01,place-north,199,1382,19,10,73,277
Fall 2018,orange,1,time_period_01,place-ogmnl,0,282,19,0,15,0
Fall 2018,orange,1,time_period_01,place-rcmnl,983,133,19,52,7,318
Fall 2018,orange,1,time_period_01,place-rugg,1952,310,19,103,16,404
Fall 2018,orange,1,time_period_01,place-sbmnl,1053,0,19,55,0,93
Fall 2018,orange,1,time_period_01,place-state,1686,1926,19,89,101,340
Fall 2018,orange,1,time_period_01,place-sull,328,1972,19,17,104,143
Fall 2018,orange,1,time_period_01,place-tumnl,433,462,19,23,24,384
Fall 2018,orange,1,time_period_01,place-welln,38,945,19,2,50,66
Fall 2018,orange,1,time_period_02,place-astao,52,3916,19,3,206,348
Fall 2018,orange,1,time_period_02,place-bbsta,6232,7381,19,328,388,2461
Fall 2018,orange,1,time_period_02,place-grnst,3607,197,19,190,10,1965
Fall 2018,orange,1,time_period_09,place-sull,239,2207,19,13,116,267
Fall 2018,orange,1,time_period_05,place-astao,1814,9367,19,95,493,3980
Fall 2018,orange,1,time_period_02,place-haecl,1889,4882,19,99,257,1566
Fall 2018,orange,1,time_period_05,place-bbsta,26354,11357,19,1387,598,5333
Fall 2018,orange,1,time_period_09,place-tumnl,567,38,19,30,2,196
Fall 2018,orange,1,time_period_02,place-jaksn,7368,564,19,388,30,2532
Fall 2018,orange,1,time_period_05,place-ccmnl,4682,17197,19,246,905,5242
Fall 2018,orange,1,time_period_09,place-welln,44,1085,19,2,57,199
Fall 2018,orange,1,time_period_02,place-masta,2183,3004,19,115,158,2521
Fall 2018,orange,1,time_period_05,place-chncl,13939,5633,19,734,296,6249
Fall 2018,orange,1,time_period_02,place-mlmnl,77,3330,19,4,175,56
Fall 2018,orange,1,time_period_10,place-astao,3600,15608,5,720,3122,13215
Fall 2018,orange,1,time_period_02,place-north,1456,8613,19,77,453,1190
Fall 2018,orange,1,time_period_10,place-bbsta,31531,7400,5,6306,1480,16147
Fall 2018,orange,1,time_period_10,place-ccmnl,2387,10456,5,477,2091,19131
Fall 2018,orange,1,time_period_02,place-ogmnl,0,1056,19,0,56,0
Fall 2018,orange,1,time_period_10,place-chncl,16010,5863,5,3202,1173,19360
Fall 2018,orange,1,time_period_05,place-dwnxg,52027,40476,19,2738,2130,6857
Fall 2018,orange,1,time_period_02,place-rcmnl,2524,3559,19,133,187,2478
Fall 2018,orange,1,time_period_05,place-forhl,29178,0,19,1536,0,1536
Fall 2018,orange,1,time_period_05,place-grnst,6144,674,19,323,35,1824
Fall 2018,orange,1,time_period_10,place-dwnxg,40837,30749,5,8167,6150,21378
Fall 2018,orange,1,time_period_02,place-rugg,5497,3848,19,289,203,2564
Fall 2018,orange,1,time_period_05,place-haecl,12235,14058,19,644,740,5945
Fall 2018,orange,1,time_period_02,place-sbmnl,4173,208,19,220,11,2174
Fall 2018,orange,1,time_period_05,place-jaksn,10737,3360,19,565,177,2485
Fall 2018,orange,1,time_period_02,place-state,5918,9555,19,311,503,1724
Fall 2018,orange,1,time_period_10,place-forhl,4860,0,5,972,0,972
Fall 2018,orange,1,time_period_02,place-sull,1040,6554,19,55,345,552
Fall 2018,orange,1,time_period_10,place-grnst,554,1109,5,111,222,861
Fall 2018,orange,1,time_period_05,place-masta,9787,5841,19,515,307,4544
Fall 2018,orange,1,time_period_02,place-tumnl,1199,4099,19,63,216,2308
Fall 2018,orange,1,time_period_10,place-haecl,18220,16243,5,3644,3249,19782
Fall 2018,orange,1,time_period_10,place-jaksn,9712,2730,5,1942,546,1942
Fall 2018,orange,1,time_period_10,place-masta,10332,3721,5,2066,744,11320
Fall 2018,orange,1,time_period_10,place-mlmnl,472,37470,5,94,7494,2449
Fall 2018,orange,1,time_period_10,place-north,14500,9687,5,2900,1937,20745
Fall 2018,orange,1,time_period_10,place-ogmnl,0,12244,5,0,2449,0
Fall 2018,orange,1,time_period_10,place-rcmnl,1560,349,5,312,70,2185
Fall 2018,orange,1,time_period_10,place-rugg,40009,941,5,8002,188,9998
Fall 2018,orange,1,time_period_10,place-sbmnl,215,1790,5,43,358,546
Fall 2018,orange,1,time_period_10,place-state,15153,25107,5,3031,5021,19387
Fall 2018,orange,1,time_period_10,place-sull,3873,21448,5,775,4290,15616
Fall 2018,orange,1,time_period_10,place-tumnl,9334,3413,5,1867,683,17331
Fall 2018,orange,1,time_period_10,place-welln,1174,18006,5,235,3601,9848
Fall 2018,orange,1,time_period_11,place-astao,2698,11421,5,540,2284,9671
Fall 2018,orange,1,time_period_11,place-bbsta,15662,5298,5,3132,1060,10116
Fall 2018,orange,1,time_period_11,place-ccmnl,1641,8270,5,328,1654,14207
Fall 2018,orange,1,time_period_11,place-chncl,12857,4011,5,2571,802,12811
Fall 2018,orange,1,time_period_11,place-dwnxg,31715,19944,5,6343,3989,15166
Fall 2018,orange,1,time_period_11,place-forhl,3322,0,5,664,0,664
Fall 2018,orange,1,time_period_11,place-grnst,371,436,5,74,87,651
Fall 2018,orange,1,time_period_11,place-haecl,11120,8783,5,2224,1757,14585
Fall 2018,orange,1,time_period_11,place-jaksn,7582,3054,5,1516,611,1516
Fall 2018,orange,1,time_period_11,place-masta,6504,2591,5,1301,518,8044
Fall 2018,orange,1,time_period_11,place-mlmnl,448,27129,5,90,5426,2024
Fall 2018,orange,1,time_period_11,place-north,13001,8261,5,2600,1652,15533
Fall 2018,orange,1,time_period_11,place-ogmnl,0,10119,5,0,2024,0
Fall 2018,orange,1,time_period_11,place-rcmnl,1140,268,5,228,54,1691
Fall 2018,orange,1,time_period_11,place-rugg,28646,795,5,5729,159,7261
Fall 2018,orange,1,time_period_11,place-sbmnl,338,541,5,68,108,611
Fall 2018,orange,1,time_period_11,place-state,12061,17303,5,2412,3461,14117
Fall 2018,orange,1,time_period_11,place-sull,2607,16562,5,521,3312,11416
Fall 2018,orange,1,time_period_11,place-tumnl,7172,2542,5,1434,508,11042
Fall 2018,orange,1,time_period_11,place-welln,869,12424,5,174,2485,7360
Fall 2018,orange,1,time_period_02,place-welln,223,2534,19,12,133,227
Fall 2018,orange,1,time_period_03,place-astao,216,16954,19,11,892,1019
Fall 2018,orange,1,time_period_03,place-bbsta,36393,34353,19,1915,1808,9657
Fall 2018,orange,1,time_period_03,place-ccmnl,1133,21902,19,60,1153,2631
Fall 2018,orange,1,time_period_05,place-mlmnl,304,35906,19,16,1890,1012
Fall 2018,orange,1,time_period_03,place-chncl,3029,9463,19,159,498,8844
Fall 2018,orange,1,time_period_05,place-north,14067,14914,19,740,785,5901
Fall 2018,orange,1,time_period_03,place-dwnxg,37243,68814,19,1960,3622,7183
Fall 2018,orange,1,time_period_03,place-forhl,91650,0,19,4824,0,4824
Fall 2018,orange,1,time_period_05,place-ogmnl,0,19235,19,0,1012,0
Fall 2018,orange,1,time_period_03,place-grnst,23438,929,19,1234,49,6008
Fall 2018,orange,1,time_period_03,place-haecl,4965,21992,19,261,1157,4915
Fall 2018,orange,1,time_period_05,place-rcmnl,15768,2869,19,830,151,3163
Fall 2018,orange,1,time_period_03,place-jaksn,30612,1420,19,1611,75,8960
Fall 2018,orange,1,time_period_05,place-rugg,28966,6681,19,1525,352,4336
Fall 2018,orange,1,time_period_03,place-masta,13634,12716,19,718,669,9549
Fall 2018,orange,1,time_period_03,place-mlmnl,326,9462,19,17,498,139
Fall 2018,orange,1,time_period_03,place-north,7301,29921,19,384,1575,3725
Fall 2018,orange,1,time_period_05,place-sbmnl,6066,884,19,319,47,2096
Fall 2018,orange,1,time_period_03,place-ogmnl,0,2646,19,0,139,0
Fall 2018,orange,1,time_period_05,place-state,18761,34259,19,987,1803,6041
Fall 2018,orange,1,time_period_03,place-rcmnl,16602,10087,19,874,531,9303
Fall 2018,orange,1,time_period_05,place-sull,3623,20052,19,191,1055,4377
Fall 2018,orange,1,time_period_05,place-tumnl,14190,5100,19,747,268,5812
Fall 2018,orange,1,time_period_03,place-rugg,18337,14570,19,965,767,9501
Fall 2018,orange,1,time_period_05,place-welln,720,21500,19,38,1132,2886
Fall 2018,orange,1,time_period_03,place-sbmnl,27513,623,19,1448,33,7424
Fall 2018,orange,1,time_period_06,place-astao,4303,18466,19,226,972,10834
Fall 2018,orange,1,time_period_06,place-bbsta,83002,11810,19,4369,622,9465
Fall 2018,orange,1,time_period_03,place-state,13846,39906,19,729,2100,5811
Fall 2018,orange,1,time_period_06,place-ccmnl,8973,20652,19,472,1087,13433
Fall 2018,orange,1,time_period_06,place-chncl,23713,7614,19,1248,401,11542
Fall 2018,orange,1,time_period_06,place-dwnxg,112273,58356,19,5909,3071,14379
Fall 2018,orange,1,time_period_03,place-sull,3916,17817,19,206,938,1900
Fall 2018,orange,1,time_period_06,place-forhl,27337,0,19,1439,0,1439
Fall 2018,orange,1,time_period_06,place-grnst,7071,863,19,372,45,1766
Fall 2018,orange,1,time_period_03,place-tumnl,6240,15241,19,328,802,9183
Fall 2018,orange,1,time_period_06,place-haecl,24381,19469,19,1283,1025,14554
Fall 2018,orange,1,time_period_03,place-welln,476,8051,19,25,424,620
Fall 2018,orange,1,time_period_06,place-jaksn,13078,2936,19,688,155,2622
Fall 2018,orange,1,time_period_04,place-astao,1094,11977,19,58,630,2404
Fall 2018,orange,1,time_period_06,place-masta,16569,5410,19,872,285,5718
Fall 2018,orange,1,time_period_04,place-bbsta,28813,21954,19,1516,1155,7595
Fall 2018,orange,1,time_period_06,place-mlmnl,586,92975,19,31,4893,2972
Fall 2018,orange,1,time_period_06,place-north,32721,42341,19,1722,2228,14048
Fall 2018,orange,1,time_period_06,place-ogmnl,0,56462,19,0,2972,0
Fall 2018,orange,1,time_period_06,place-rcmnl,11126,3064,19,586,161,3047
Fall 2018,orange,1,time_period_06,place-rugg,45836,6242,19,2412,329,5131
Fall 2018,orange,1,time_period_06,place-sbmnl,7170,1032,19,377,54,2089
Fall 2018,orange,1,time_period_06,place-state,44473,46069,19,2341,2425,14295
Fall 2018,orange,1,time_period_06,place-sull,6303,41516,19,332,2185,11580
Fall 2018,orange,1,time_period_06,place-tumnl,27844,4483,19,1465,236,10694
Fall 2018,orange,1,time_period_06,place-welln,1418,58419,19,75,3075,7834
Fall 2018,orange,1,time_period_07,place-astao,2869,10284,19,151,541,5645
Fall 2018,orange,1,time_period_07,place-bbsta,34980,4476,19,1841,236,4516
Fall 2018,orange,1,time_period_04,place-ccmnl,5965,30874,19,314,1625,3707
Fall 2018,orange,1,time_period_04,place-chncl,13353,11625,19,703,612,7881
Fall 2018,orange,1,time_period_04,place-dwnxg,50160,61951,19,2640,3261,7261
Fall 2018,orange,1,time_period_04,place-forhl,59613,0,19,3138,0,3138
Fall 2018,orange,1,time_period_04,place-grnst,16256,1250,19,856,66,3927
Fall 2018,orange,1,time_period_04,place-haecl,10200,23074,19,537,1214,5587
Fall 2018,orange,1,time_period_04,place-jaksn,23489,2348,19,1236,124,5948
Fall 2018,orange,1,time_period_04,place-masta,14820,12643,19,780,665,7234
Fall 2018,orange,1,time_period_04,place-mlmnl,364,25778,19,19,1357,426
Fall 2018,orange,1,time_period_04,place-north,9877,20680,19,520,1088,5018
Fall 2018,red,0,time_period_05,place-pktrm,51433,41119,19,2707,2164,7786
Fall 2018,red,0,time_period_01,place-asmnl,0,624,19,0,33,0
Fall 2018,red,0,time_period_03,place-dwnxg,46837,71405,19,2465,3758,9193
Fall 2018,red,0,time_period_05,place-portr,10965,1431,19,577,75,2012
Fall 2018,red,0,time_period_03,place-fldcr,2778,6973,19,146,367,611
Fall 2018,red,0,time_period_01,place-brdwy,362,686,19,19,36,283
Fall 2018,red,0,time_period_03,place-harsq,51287,21875,19,2699,1151,14624
Fall 2018,red,0,time_period_05,place-qamnl,51,15360,19,3,808,938
Fall 2018,red,0,time_period_03,place-jfk,5598,32647,19,295,1718,1219
Fall 2018,red,0,time_period_05,place-qnctr,750,22914,19,39,1206,1744
Fall 2018,red,0,time_period_01,place-brntn,0,604,19,0,32,0
Fall 2018,red,0,time_period_03,place-knncl,14154,56433,19,745,2970,13512
Fall 2018,red,0,time_period_03,place-nqncy,1381,13709,19,73,722,891
Fall 2018,red,0,time_period_05,place-shmnl,1161,6693,19,61,352,2809
Fall 2018,red,0,time_period_01,place-chmnl,215,1283,19,11,68,329
Fall 2018,red,0,time_period_03,place-pktrm,35115,73838,19,1848,3886,10486
Fall 2018,red,0,time_period_01,place-cntsq,1600,674,19,84,35,427
Fall 2018,red,0,time_period_03,place-portr,65445,2552,19,3444,134,13076
Fall 2018,red,0,time_period_01,place-davis,2052,4,19,108,0,210
Fall 2018,red,0,time_period_05,place-smmnl,318,9887,19,17,520,1611
Fall 2018,red,0,time_period_03,place-qamnl,130,4714,19,7,248,163
Fall 2018,red,0,time_period_01,place-dwnxg,2714,1965,19,143,103,411
Fall 2018,red,0,time_period_01,place-fldcr,91,376,19,5,20,40
Fall 2018,red,0,time_period_01,place-harsq,2424,518,19,128,27,378
Fall 2018,red,0,time_period_01,place-jfk,406,421,19,21,22,109
Fall 2018,red,0,time_period_01,place-knncl,409,1214,19,22,64,385
Fall 2018,red,0,time_period_01,place-nqncy,46,692,19,2,36,126
Fall 2018,red,0,time_period_01,place-pktrm,2722,1916,19,143,101,371
Fall 2018,red,0,time_period_01,place-portr,1383,94,19,73,5,278
Fall 2018,red,0,time_period_01,place-qamnl,0,601,19,0,32,32
Fall 2018,red,0,time_period_01,place-qnctr,0,1181,19,0,62,63
Fall 2018,red,0,time_period_01,place-shmnl,9,73,19,0,4,55
Fall 2018,red,0,time_period_01,place-smmnl,29,172,19,2,9,33
Fall 2018,red,0,time_period_01,place-sstat,539,2629,19,28,138,301
Fall 2018,red,0,time_period_01,place-wlsta,0,8,19,0,0,126
Fall 2018,red,0,time_period_02,place-alfcl,18891,0,19,994,0,994
Fall 2018,red,0,time_period_02,place-andrw,1802,3634,19,95,191,800
Fall 2018,red,0,time_period_02,place-asmnl,0,3061,19,0,161,0
Fall 2018,red,0,time_period_02,place-brdwy,1142,3321,19,60,175,896
Fall 2018,red,0,time_period_02,place-brntn,0,1699,19,0,89,0
Fall 2018,red,0,time_period_02,place-chmnl,873,7774,19,46,409,1588
Fall 2018,red,0,time_period_02,place-cntsq,6277,4688,19,330,247,2200
Fall 2018,red,0,time_period_02,place-davis,10423,107,19,549,6,1537
Fall 2018,red,0,time_period_02,place-dwnxg,9822,7888,19,517,415,1566
Fall 2018,red,0,time_period_02,place-fldcr,805,1609,19,42,85,192
Fall 2018,red,0,time_period_02,place-harsq,7144,2352,19,376,124,2117
Fall 2018,red,0,time_period_02,place-jfk,1564,4257,19,82,224,329
Fall 2018,red,0,time_period_02,place-knncl,1637,6365,19,86,335,1951
Fall 2018,red,0,time_period_02,place-nqncy,503,2245,19,26,118,310
Fall 2018,red,0,time_period_02,place-pktrm,7084,9439,19,373,497,1464
Fall 2018,red,0,time_period_02,place-portr,6518,303,19,343,16,1864
Fall 2018,red,0,time_period_02,place-qamnl,52,1881,19,3,99,89
Fall 2018,red,0,time_period_02,place-qnctr,507,2789,19,27,147,186
Fall 2018,red,0,time_period_02,place-shmnl,217,634,19,11,33,235
Fall 2018,red,0,time_period_02,place-smmnl,110,703,19,6,37,161
Fall 2018,red,0,time_period_02,place-sstat,2046,12590,19,108,663,1011
Fall 2018,red,0,time_period_02,place-wlsta,0,77,19,0,4,306
Fall 2018,red,0,time_period_03,place-alfcl,93474,0,19,4920,0,4920
Fall 2018,red,0,time_period_03,place-andrw,4232,6709,19,223,353,3862
Fall 2018,red,0,time_period_03,place-asmnl,0,9001,19,0,474,0
Fall 2018,red,0,time_period_03,place-brdwy,4455,12832,19,234,675,3992
Fall 2018,red,0,time_period_03,place-brntn,0,3092,19,0,163,0
Fall 2018,red,0,time_period_03,place-chmnl,8114,26891,19,427,1415,12524
Fall 2018,red,0,time_period_03,place-cntsq,52430,31274,19,2759,1646,15737
Fall 2018,red,0,time_period_03,place-davis,92970,897,19,4893,47,9766
Fall 2018,red,0,time_period_03,place-qnctr,1389,10503,19,73,553,404
Fall 2018,red,0,time_period_03,place-shmnl,843,2095,19,44,110,832
Fall 2018,red,0,time_period_03,place-smmnl,227,2837,19,12,149,474
Fall 2018,red,0,time_period_05,place-sstat,27326,35731,19,1438,1881,7961
Fall 2018,red,0,time_period_03,place-sstat,12787,103220,19,673,5433,4433
Fall 2018,red,0,time_period_05,place-wlsta,0,251,19,0,13,2911
Fall 2018,red,0,time_period_06,place-alfcl,38531,0,19,2028,0,2028
Fall 2018,red,0,time_period_03,place-wlsta,0,149,19,0,8,884
Fall 2018,red,0,time_period_06,place-andrw,11163,28496,19,588,1500,17683
Fall 2018,red,0,time_period_04,place-alfcl,48189,0,19,2536,0,2536
Fall 2018,red,0,time_period_06,place-asmnl,0,55021,19,0,2896,0
Fall 2018,red,0,time_period_04,place-andrw,6469,11580,19,340,609,5706
Fall 2018,red,0,time_period_04,place-asmnl,0,16196,19,0,852,0
Fall 2018,red,0,time_period_06,place-brdwy,13892,27775,19,731,1462,18595
Fall 2018,red,0,time_period_04,place-brdwy,4379,12190,19,230,642,5975
Fall 2018,red,0,time_period_06,place-brntn,0,36801,19,0,1937,0
Fall 2018,red,0,time_period_01,place-alfcl,1948,0,19,103,0,103
Fall 2018,red,0,time_period_01,place-andrw,409,1622,19,22,85,220
Fall 2018,red,0,time_period_04,place-brntn,0,6649,19,0,350,0
Fall 2018,red,0,time_period_04,place-chmnl,16393,20896,19,863,1100,9482
Fall 2018,red,0,time_period_06,place-chmnl,44191,15528,19,2326,817,14425
Fall 2018,red,0,time_period_04,place-cntsq,49105,22284,19,2584,1173,11146
Fall 2018,red,0,time_period_04,place-davis,55746,1558,19,2934,82,5388
Fall 2018,red,0,time_period_04,place-dwnxg,59911,58785,19,3153,3094,8538
Fall 2018,red,0,time_period_04,place-fldcr,2685,10821,19,141,570,1135
Fall 2018,red,0,time_period_04,place-harsq,64578,18236,19,3399,960,9734
Fall 2018,red,0,time_period_04,place-jfk,11614,38907,19,611,2048,2135
Fall 2018,red,0,time_period_04,place-knncl,22397,49503,19,1179,2605,9719
Fall 2018,red,0,time_period_06,place-cntsq,43997,14873,19,2316,783,8446
Fall 2018,red,0,time_period_04,place-nqncy,2149,18056,19,113,950,1693
Fall 2018,red,0,time_period_06,place-davis,24016,5303,19,1264,279,3013
Fall 2018,red,0,time_period_06,place-dwnxg,105004,69086,19,5527,3636,18794
Fall 2018,red,0,time_period_04,place-pktrm,46827,65879,19,2465,3467,8479
Fall 2018,red,0,time_period_06,place-fldcr,3799,26448,19,200,1392,3906
Fall 2018,red,0,time_period_04,place-portr,39059,2834,19,2056,149,7295
Fall 2018,red,0,time_period_06,place-harsq,72092,9748,19,3794,513,6913
Fall 2018,red,0,time_period_04,place-qamnl,140,7428,19,7,391,350
Fall 2018,red,0,time_period_06,place-jfk,19410,30933,19,1022,1628,8538
Fall 2018,red,0,time_period_06,place-knncl,94375,9432,19,4967,496,12916
Fall 2018,red,0,time_period_06,place-nqncy,4160,71877,19,219,3783,7607
Fall 2018,red,0,time_period_06,place-pktrm,115239,68155,19,6065,3587,16903
Fall 2018,red,0,time_period_06,place-portr,15770,4012,19,830,211,3632
Fall 2018,red,0,time_period_06,place-qamnl,282,49280,19,15,2594,1937
Fall 2018,red,0,time_period_06,place-qnctr,1430,59259,19,75,3119,4516
Fall 2018,red,0,time_period_06,place-shmnl,1166,16496,19,61,868,5099
Fall 2018,red,0,time_period_06,place-smmnl,485,19687,19,26,1036,2896
Fall 2018,red,0,time_period_06,place-sstat,91272,81152,19,4804,4271,19326
Fall 2018,red,0,time_period_06,place-wlsta,0,911,19,0,48,7559
Fall 2018,red,0,time_period_07,place-alfcl,15281,0,19,804,0,804
Fall 2018,red,0,time_period_07,place-andrw,5338,18114,19,281,953,8788
Fall 2018,red,0,time_period_07,place-asmnl,0,28979,19,0,1525,0
Fall 2018,red,0,time_period_07,place-brdwy,7967,14681,19,419,773,9460
Fall 2018,red,0,time_period_07,place-brntn,0,11297,19,0,595,0
Fall 2018,red,0,time_period_07,place-chmnl,19693,8336,19,1036,439,6733
Fall 2018,red,0,time_period_07,place-cntsq,27274,12367,19,1435,651,4889
Fall 2018,red,0,time_period_07,place-davis,17509,2168,19,922,114,1612
Fall 2018,red,0,time_period_07,place-dwnxg,55361,37395,19,2914,1968,9048
Fall 2018,red,0,time_period_07,place-fldcr,1762,17620,19,93,927,2162
Fall 2018,red,0,time_period_07,place-harsq,43580,7489,19,2294,394,4104
Fall 2018,red,0,time_period_07,place-jfk,12194,22583,19,642,1189,4121
Fall 2018,red,0,time_period_07,place-knncl,31132,7451,19,1639,392,6135
Fall 2018,red,0,time_period_07,place-nqncy,1357,38545,19,71,2029,2708
Fall 2018,red,0,time_period_07,place-pktrm,65327,39293,19,3438,2068,8103
Fall 2018,red,0,time_period_07,place-portr,13285,2025,19,699,107,2204
Fall 2018,red,0,time_period_07,place-qamnl,316,17631,19,17,928,595
Fall 2018,red,0,time_period_07,place-qnctr,722,23054,19,38,1213,1506
Fall 2018,red,0,time_period_07,place-shmnl,471,11477,19,25,604,2997
Fall 2018,red,0,time_period_07,place-smmnl,195,12299,19,10,647,1525
Fall 2018,red,0,time_period_04,place-qnctr,1348,19327,19,71,1017,734
Fall 2018,red,0,time_period_04,place-shmnl,666,4015,19,35,211,1563
Fall 2018,red,0,time_period_04,place-smmnl,361,5726,19,19,301,852
Fall 2018,red,0,time_period_04,place-sstat,19814,60711,19,1043,3195,6386
Fall 2018,red,0,time_period_04,place-wlsta,0,249,19,0,13,1680
Fall 2018,red,0,time_period_05,place-alfcl,14458,0,19,761,0,761
Fall 2018,red,0,time_period_05,place-andrw,7722,15164,19,406,798,7329
Fall 2018,red,0,time_period_05,place-asmnl,0,30608,19,0,1611,0
Fall 2018,red,0,time_period_05,place-brdwy,6050,10615,19,318,559,7720
Fall 2018,red,0,time_period_05,place-brntn,0,17828,19,0,938,0
Fall 2018,red,0,time_period_05,place-chmnl,25216,8296,19,1327,437,7243
Fall 2018,red,0,time_period_05,place-cntsq,24764,8884,19,1303,468,5026
Fall 2018,red,0,time_period_05,place-davis,15327,1096,19,807,58,1510
Fall 2018,red,0,time_period_05,place-dwnxg,49794,38068,19,2621,2004,8403
Fall 2018,red,0,time_period_05,place-fldcr,4104,17305,19,216,911,2115
Fall 2018,red,0,time_period_05,place-harsq,47152,5755,19,2482,303,4191
Fall 2018,red,0,time_period_05,place-jfk,15080,17237,19,794,907,3608
Fall 2018,red,0,time_period_05,place-knncl,34671,9474,19,1825,499,6353
Fall 2018,red,0,time_period_05,place-nqncy,1758,24383,19,93,1283,2924
Fall 2018,red,0,time_period_07,place-sstat,40337,25796,19,2123,1358,9814
Fall 2018,red,0,time_period_10,place-brntn,0,1239,5,0,248,0
Fall 2018,red,0,time_period_07,place-wlsta,19,521,19,1,27,2681
Fall 2018,red,0,time_period_10,place-chmnl,10178,10631,5,2036,2126,27989
Fall 2018,red,0,time_period_10,place-cntsq,31922,16022,5,6384,3204,26930
Fall 2018,red,0,time_period_08,place-alfcl,3120,0,19,164,0,164
Fall 2018,red,0,time_period_10,place-davis,31788,1804,5,6358,361,11540
Fall 2018,red,0,time_period_08,place-andrw,1703,4855,19,90,256,2212
Fall 2018,red,0,time_period_10,place-dwnxg,39725,34394,5,7945,6879,25680
Fall 2018,red,0,time_period_08,place-asmnl,0,7576,19,0,399,0
Fall 2018,red,0,time_period_10,place-fldcr,2367,14380,5,473,2876,5609
Fall 2018,red,0,time_period_10,place-harsq,55705,12205,5,11141,2441,23750
Fall 2018,red,0,time_period_08,place-brdwy,1706,2928,19,90,154,2378
Fall 2018,red,0,time_period_10,place-jfk,5434,16905,5,1087,3381,9271
Fall 2018,red,0,time_period_10,place-knncl,17530,11780,5,3506,2356,28080
Fall 2018,red,0,time_period_10,place-nqncy,328,41145,5,66,8229,1244
Fall 2018,red,0,time_period_08,place-brntn,0,513,19,0,27,0
Fall 2018,red,0,time_period_10,place-pktrm,53299,70175,5,10660,14035,24614
Fall 2018,red,0,time_period_08,place-chmnl,5785,1543,19,304,81,2023
Fall 2018,red,0,time_period_10,place-portr,19901,2351,5,3980,470,15050
Fall 2018,red,0,time_period_10,place-qamnl,22,1488,5,4,298,248
Fall 2018,red,0,time_period_10,place-qnctr,137,3616,5,27,723,541
Fall 2018,red,0,time_period_10,place-shmnl,680,6300,5,136,1260,8011
Fall 2018,red,0,time_period_10,place-smmnl,207,7832,5,41,1566,4084
Fall 2018,red,0,time_period_10,place-sstat,19060,28107,5,3812,5621,23871
Fall 2018,red,0,time_period_10,place-wlsta,0,33,5,0,7,1237
Fall 2018,red,0,time_period_11,place-alfcl,20279,0,5,4056,0,4056
Fall 2018,red,0,time_period_11,place-andrw,3867,11042,5,773,2208,16481
Fall 2018,red,0,time_period_11,place-asmnl,0,15370,5,0,3074,0
Fall 2018,red,0,time_period_11,place-brdwy,4136,9058,5,827,1812,17916
Fall 2018,red,0,time_period_11,place-brntn,0,1306,5,0,261,0
Fall 2018,red,0,time_period_11,place-chmnl,8662,9514,5,1732,1903,21712
Fall 2018,red,0,time_period_11,place-cntsq,27035,13661,5,5407,2732,21054
Fall 2018,red,0,time_period_11,place-davis,24079,1305,5,4816,261,8611
Fall 2018,red,0,time_period_11,place-dwnxg,28680,28515,5,5736,5703,19526
Fall 2018,red,0,time_period_11,place-fldcr,1549,10956,5,310,2191,4289
Fall 2018,red,0,time_period_11,place-harsq,44185,8938,5,8837,1788,18380
Fall 2018,red,0,time_period_11,place-jfk,3079,13010,5,616,2602,7247
Fall 2018,red,0,time_period_11,place-knncl,14369,10229,5,2874,2046,21882
Fall 2018,red,0,time_period_11,place-nqncy,244,31836,5,49,6367,1102
Fall 2018,red,0,time_period_11,place-pktrm,39846,50941,5,7969,10188,19493
Fall 2018,red,0,time_period_11,place-portr,15455,1856,5,3091,371,11330
Fall 2018,red,0,time_period_11,place-qamnl,10,1377,5,2,275,261
Fall 2018,red,0,time_period_11,place-qnctr,126,2954,5,25,591,535
Fall 2018,red,0,time_period_11,place-shmnl,562,5086,5,112,1017,6170
Fall 2018,red,0,time_period_11,place-smmnl,142,6215,5,28,1243,3074
Fall 2018,red,0,time_period_11,place-sstat,17551,20676,5,3510,4135,18901
Fall 2018,red,0,time_period_11,place-wlsta,0,6,5,0,1,1101
Fall 2018,red,0,time_period_08,place-cntsq,8574,2372,19,451,125,1551
Fall 2018,red,0,time_period_08,place-davis,5137,392,19,270,21,414
Fall 2018,red,0,time_period_08,place-dwnxg,10885,11902,19,573,626,2341
Fall 2018,red,0,time_period_08,place-fldcr,358,8182,19,19,431,656
Fall 2018,red,0,time_period_08,place-harsq,13686,1277,19,720,67,1224
Fall 2018,red,0,time_period_08,place-jfk,1604,6776,19,84,357,970
Fall 2018,red,0,time_period_08,place-knncl,6142,1419,19,323,75,1799
Fall 2018,red,0,time_period_08,place-nqncy,80,11442,19,4,602,113
Fall 2018,red,0,time_period_08,place-pktrm,20962,13894,19,1103,731,2395
Fall 2018,red,0,time_period_08,place-portr,3348,361,19,176,19,571
Fall 2018,red,0,time_period_08,place-qamnl,2,635,19,0,33,27
Fall 2018,red,0,time_period_08,place-qnctr,20,972,19,1,51,60
Fall 2018,red,0,time_period_08,place-shmnl,97,3171,19,5,167,1067
Fall 2018,red,0,time_period_08,place-smmnl,41,4923,19,2,259,399
Fall 2018,red,0,time_period_08,place-sstat,8194,6272,19,431,330,2442
Fall 2018,red,0,time_period_08,place-wlsta,0,40,19,0,2,110
Fall 2018,red,0,time_period_09,place-alfcl,152,0,19,8,0,8
Fall 2018,red,0,time_period_09,place-andrw,255,968,19,13,51,333
Fall 2018,red,0,time_period_09,place-asmnl,0,74,19,0,4,0
Fall 2018,red,0,time_period_09,place-brdwy,353,509,19,19,27,371
Fall 2018,red,0,time_period_09,place-brntn,0,0,19,0,0,0
Fall 2018,red,0,time_period_09,place-chmnl,491,181,19,26,10,245
Fall 2018,red,0,time_period_09,place-cntsq,1275,242,19,67,13,191
Fall 2018,red,0,time_period_09,place-davis,652,18,19,34,1,41
Fall 2018,red,0,time_period_09,place-dwnxg,1851,1083,19,97,57,336
Fall 2018,red,0,time_period_09,place-fldcr,55,1753,19,3,92,114
Fall 2018,red,0,time_period_09,place-harsq,1685,124,19,89,7,137
Fall 2018,red,0,time_period_09,place-jfk,225,1175,19,12,62,142
Fall 2018,red,0,time_period_09,place-knncl,877,170,19,46,9,229
Fall 2018,red,0,time_period_09,place-nqncy,7,741,19,0,39,12
Fall 2018,red,0,time_period_09,place-pktrm,3129,2170,19,165,114,295
Fall 2018,red,0,time_period_09,place-portr,314,60,19,17,3,55
Fall 2018,red,0,time_period_09,place-qamnl,0,95,19,0,5,0
Fall 2018,red,0,time_period_09,place-qnctr,0,141,19,0,7,5
Fall 2018,red,0,time_period_09,place-shmnl,21,574,19,1,30,203
Fall 2018,red,0,time_period_09,place-smmnl,7,2094,19,0,110,4
Fall 2018,red,0,time_period_09,place-sstat,1511,688,19,80,36,379
Fall 2018,red,0,time_period_09,place-wlsta,0,0,19,0,0,12
Fall 2018,red,0,time_period_10,place-alfcl,27714,0,5,5543,0,5543
Fall 2018,red,0,time_period_10,place-andrw,5021,13989,5,1004,2798,20837
Fall 2018,red,0,time_period_10,place-asmnl,0,20418,5,0,4084,0
Fall 2018,red,0,time_period_10,place-brdwy,4273,10476,5,855,2095,22630
Fall 2018,red,1,time_period_01,place-harsq,165,2948,19,9,155,152
Fall 2018,red,1,time_period_01,place-jfk,1889,733,19,99,39,1328
Fall 2018,red,1,time_period_01,place-knncl,108,4304,19,6,227,399
Fall 2018,red,1,time_period_01,place-nqncy,6939,53,19,365,3,802
Fall 2018,red,1,time_period_01,place-pktrm,2890,6454,19,152,340,869
Fall 2018,red,1,time_period_01,place-portr,39,617,19,2,32,122
Fall 2018,red,1,time_period_01,place-qamnl,3226,307,19,170,16,210
Fall 2018,red,1,time_period_06,place-alfcl,0,98154,19,0,5166,0
Fall 2018,red,1,time_period_03,place-qamnl,46179,1256,19,2430,66,4111
Fall 2018,red,1,time_period_10,place-knncl,11401,18381,5,2280,3676,27316
Fall 2018,red,1,time_period_08,place-cntsq,4432,8274,19,233,435,1780
Fall 2018,red,1,time_period_01,place-qnctr,4381,14,19,231,1,440
Fall 2018,red,1,time_period_01,place-shmnl,1665,51,19,88,3,465
Fall 2018,red,1,time_period_01,place-smmnl,2647,0,19,139,0,153
Fall 2018,red,1,time_period_01,place-sstat,1052,4914,19,55,259,1244
Fall 2018,red,1,time_period_01,place-wlsta,0,3,19,0,0,440
Fall 2018,red,1,time_period_02,place-alfcl,0,6666,19,0,351,0
Fall 2018,red,1,time_period_02,place-andrw,7977,6291,19,420,331,6010
Fall 2018,red,1,time_period_02,place-asmnl,26837,0,19,1412,0,1412
Fall 2018,red,1,time_period_02,place-brdwy,4235,4287,19,223,226,6007
Fall 2018,red,1,time_period_02,place-brntn,24021,0,19,1264,0,1264
Fall 2018,red,1,time_period_02,place-chmnl,1248,26473,19,66,1393,2473
Fall 2018,red,1,time_period_02,place-cntsq,1024,8597,19,54,452,1054
Fall 2018,red,1,time_period_02,place-davis,811,2643,19,43,139,351
Fall 2018,red,1,time_period_02,place-dwnxg,13742,32805,19,723,1727,4779
Fall 2018,red,1,time_period_02,place-fldcr,9815,632,19,517,33,2192
Fall 2018,red,1,time_period_02,place-harsq,682,10598,19,36,558,532
Fall 2018,red,1,time_period_02,place-jfk,5854,5522,19,308,291,5921
Fall 2018,red,1,time_period_02,place-knncl,362,19747,19,19,1039,1453
Fall 2018,red,1,time_period_02,place-nqncy,16281,417,19,857,22,3534
Fall 2018,red,1,time_period_02,place-pktrm,9065,27660,19,477,1456,3801
Fall 2018,red,1,time_period_02,place-portr,456,2070,19,24,109,447
Fall 2018,red,1,time_period_02,place-qamnl,12686,1058,19,668,56,1876
Fall 2018,red,1,time_period_02,place-qnctr,15900,250,19,837,13,2700
Fall 2018,red,1,time_period_02,place-shmnl,3694,311,19,194,16,2370
Fall 2018,red,1,time_period_02,place-smmnl,6016,392,19,317,21,1708
Fall 2018,red,1,time_period_02,place-sstat,15406,19677,19,811,1036,5783
Fall 2018,red,1,time_period_02,place-wlsta,0,17,19,0,1,2699
Fall 2018,red,1,time_period_03,place-alfcl,0,23247,19,0,1224,0
Fall 2018,red,1,time_period_03,place-andrw,27012,8303,19,1422,437,17628
Fall 2018,red,1,time_period_03,place-asmnl,65346,0,19,3439,0,3439
Fall 2018,red,1,time_period_03,place-brdwy,27141,13454,19,1428,708,18348
Fall 2018,red,1,time_period_03,place-brntn,33191,0,19,1747,0,1747
Fall 2018,red,1,time_period_03,place-chmnl,13747,41343,19,724,2176,10245
Fall 2018,red,1,time_period_03,place-cntsq,7363,35223,19,388,1854,4377
Fall 2018,red,1,time_period_03,place-davis,3654,12492,19,192,657,1224
Fall 2018,red,1,time_period_03,place-dwnxg,50820,108989,19,2675,5736,14296
Fall 2018,red,1,time_period_03,place-fldcr,25842,4459,19,1360,235,5440
Fall 2018,red,1,time_period_03,place-harsq,4257,48885,19,224,2573,2028
Fall 2018,red,1,time_period_03,place-jfk,26881,23113,19,1415,1216,16643
Fall 2018,red,1,time_period_03,place-knncl,3707,87335,19,195,4597,5843
Fall 2018,red,1,time_period_03,place-nqncy,64500,3414,19,3395,180,10198
Fall 2018,red,1,time_period_03,place-pktrm,36574,85957,19,1925,4524,11697
Fall 2018,red,1,time_period_03,place-portr,2638,9090,19,139,478,1689
Fall 2018,red,1,time_period_08,place-davis,392,12770,19,21,672,544
Fall 2018,red,1,time_period_10,place-nqncy,47721,288,5,9544,58,10793
Fall 2018,red,1,time_period_06,place-andrw,11157,6040,19,587,318,5578
Fall 2018,red,1,time_period_03,place-qnctr,56102,1417,19,2953,75,6989
Fall 2018,red,1,time_period_08,place-dwnxg,8625,9046,19,454,476,1291
Fall 2018,red,1,time_period_03,place-shmnl,17122,1801,19,901,95,6246
Fall 2018,red,1,time_period_10,place-pktrm,61937,58147,5,12387,11629,28551
Fall 2018,red,1,time_period_06,place-asmnl,17817,0,19,938,0,938
Fall 2018,red,1,time_period_08,place-fldcr,1400,575,19,74,30,212
Fall 2018,red,1,time_period_03,place-smmnl,17437,809,19,918,43,4314
Fall 2018,red,1,time_period_10,place-portr,2143,21604,5,429,4321,11769
Fall 2018,red,1,time_period_06,place-brdwy,15796,4796,19,831,252,6157
Fall 2018,red,1,time_period_08,place-harsq,4371,8091,19,230,426,1584
Fall 2018,red,1,time_period_03,place-sstat,73074,91886,19,3846,4836,17358
Fall 2018,red,1,time_period_10,place-qamnl,1507,41,5,301,8,682
Fall 2018,red,1,time_period_06,place-brntn,8770,0,19,462,0,462
Fall 2018,red,1,time_period_08,place-jfk,1931,1158,19,102,61,577
Fall 2018,red,1,time_period_08,place-knncl,3864,3662,19,203,193,1982
Fall 2018,red,1,time_period_08,place-nqncy,5273,37,19,278,2,305
Fall 2018,red,1,time_period_08,place-pktrm,18981,7315,19,999,385,1905
Fall 2018,red,1,time_period_08,place-portr,469,7850,19,25,413,1195
Fall 2018,red,1,time_period_08,place-qamnl,101,4,19,5,0,12
Fall 2018,red,1,time_period_08,place-qnctr,361,24,19,19,1,30
Fall 2018,red,1,time_period_08,place-shmnl,453,100,19,24,5,231
Fall 2018,red,1,time_period_08,place-smmnl,480,148,19,25,8,169
Fall 2018,red,1,time_period_08,place-sstat,13056,1526,19,687,80,1313
Fall 2018,red,1,time_period_08,place-wlsta,0,0,19,0,0,30
Fall 2018,red,1,time_period_09,place-alfcl,0,598,19,0,31,0
Fall 2018,red,1,time_period_09,place-andrw,146,130,19,8,7,56
Fall 2018,red,1,time_period_09,place-asmnl,354,0,19,19,0,19
Fall 2018,red,1,time_period_09,place-brdwy,383,75,19,20,4,72
Fall 2018,red,1,time_period_09,place-brntn,19,0,19,1,0,1
Fall 2018,red,1,time_period_09,place-chmnl,539,202,19,28,11,248
Fall 2018,red,1,time_period_09,place-cntsq,855,1364,19,45,72,234
Fall 2018,red,1,time_period_09,place-davis,24,2461,19,1,130,31
Fall 2018,red,1,time_period_09,place-dwnxg,1167,1146,19,61,60,180
Fall 2018,red,1,time_period_09,place-fldcr,134,89,19,7,5,23
Fall 2018,red,1,time_period_09,place-harsq,951,1057,19,50,56,228
Fall 2018,red,1,time_period_09,place-jfk,196,172,19,10,9,55
Fall 2018,red,1,time_period_09,place-knncl,736,502,19,39,26,261
Fall 2018,red,1,time_period_09,place-nqncy,531,0,19,28,0,31
Fall 2018,red,1,time_period_09,place-pktrm,2231,1280,19,117,67,231
Fall 2018,red,1,time_period_09,place-portr,55,1356,19,3,71,160
Fall 2018,red,1,time_period_09,place-qamnl,10,0,19,1,0,2
Fall 2018,red,1,time_period_09,place-qnctr,41,8,19,2,0,3
Fall 2018,red,1,time_period_09,place-shmnl,35,34,19,2,2,23
Fall 2018,red,1,time_period_09,place-smmnl,46,12,19,2,1,20
Fall 2018,red,1,time_period_09,place-sstat,2130,97,19,112,5,179
Fall 2018,red,1,time_period_09,place-wlsta,0,0,19,0,0,3
Fall 2018,red,1,time_period_10,place-alfcl,0,27065,5,0,5413,0
Fall 2018,red,1,time_period_10,place-andrw,13433,5588,5,2687,1118,23783
Fall 2018,red,1,time_period_10,place-asmnl,24082,0,5,4816,0,4816
Fall 2018,red,1,time_period_10,place-brdwy,9839,4798,5,1968,960,24791
Fall 2018,red,1,time_period_10,place-brntn,1944,0,5,389,0,389
Fall 2018,red,1,time_period_10,place-chmnl,11314,10509,5,2263,2102,28712
Fall 2018,red,1,time_period_10,place-cntsq,15169,35272,5,3034,7054,23296
Fall 2018,red,1,time_period_10,place-davis,1689,33468,5,338,6694,5413
Fall 2018,red,1,time_period_10,place-dwnxg,43183,45118,5,8637,9024,27793
Fall 2018,red,1,time_period_10,place-fldcr,13503,2254,5,2701,451,8090
Fall 2018,red,1,time_period_10,place-harsq,13187,51360,5,2637,10272,15661
Fall 2018,red,1,time_period_10,place-jfk,17029,5540,5,3406,1108,22214
Fall 2018,red,1,time_period_06,place-chmnl,28256,11518,19,1487,606,15027
Fall 2018,red,1,time_period_03,place-wlsta,0,118,19,0,6,6983
Fall 2018,red,1,time_period_10,place-qnctr,3305,175,5,661,35,1308
Fall 2018,red,1,time_period_06,place-cntsq,34046,67695,19,1792,3563,15389
Fall 2018,red,1,time_period_10,place-shmnl,5911,748,5,1182,150,9123
Fall 2018,red,1,time_period_04,place-alfcl,0,21640,19,0,1139,0
Fall 2018,red,1,time_period_04,place-andrw,20075,7281,19,1057,383,11218
Fall 2018,red,1,time_period_04,place-asmnl,38462,0,19,2024,0,2024
Fall 2018,red,1,time_period_04,place-brdwy,14757,9001,19,777,474,11521
Fall 2018,red,1,time_period_10,place-smmnl,5776,655,5,1155,131,5841
Fall 2018,red,1,time_period_06,place-davis,1625,96803,19,86,5095,5166
Fall 2018,red,1,time_period_04,place-brntn,12545,0,19,660,0,660
Fall 2018,red,1,time_period_10,place-sstat,33870,16925,5,6774,3385,28180
Fall 2018,red,1,time_period_06,place-dwnxg,85269,70884,19,4488,3731,12379
Fall 2018,red,1,time_period_01,place-alfcl,0,1971,19,0,104,0
Fall 2018,red,1,time_period_01,place-andrw,3181,1024,19,167,54,1442
Fall 2018,red,1,time_period_01,place-asmnl,259,0,19,14,0,14
Fall 2018,red,1,time_period_01,place-brdwy,1048,950,19,55,50,1447
Fall 2018,red,1,time_period_01,place-brntn,1076,0,19,57,0,57
Fall 2018,red,1,time_period_01,place-chmnl,171,4900,19,9,258,620
Fall 2018,red,1,time_period_01,place-cntsq,365,2269,19,19,119,299
Fall 2018,red,1,time_period_01,place-davis,257,600,19,14,32,104
Fall 2018,red,1,time_period_01,place-dwnxg,3551,7111,19,187,374,1056
Fall 2018,red,1,time_period_01,place-fldcr,4334,20,19,228,1,380
Fall 2018,red,1,time_period_06,place-fldcr,10215,2705,19,538,142,1502
Fall 2018,red,1,time_period_06,place-harsq,27191,59920,19,1431,3154,13666
Fall 2018,red,1,time_period_10,place-wlsta,0,6,5,0,1,1307
Fall 2018,red,1,time_period_04,place-chmnl,16352,26149,19,861,1376,9050
Fall 2018,red,1,time_period_06,place-jfk,32229,7875,19,1696,414,5309
Fall 2018,red,1,time_period_04,place-cntsq,13003,37661,19,684,1982,5673
Fall 2018,red,1,time_period_06,place-knncl,64157,23644,19,3377,1244,17160
Fall 2018,red,1,time_period_04,place-davis,2350,22433,19,124,1181,1139
Fall 2018,red,1,time_period_06,place-nqncy,18719,1864,19,985,98,2372
Fall 2018,red,1,time_period_04,place-dwnxg,56453,85000,19,2971,4474,10641
Fall 2018,red,1,time_period_06,place-pktrm,86316,52743,19,4543,2776,14146
Fall 2018,red,1,time_period_04,place-fldcr,22122,2814,19,1164,148,3594
Fall 2018,red,1,time_period_06,place-portr,2635,68960,19,139,3629,10175
Fall 2018,red,1,time_period_04,place-harsq,9403,59900,19,495,3153,3015
Fall 2018,red,1,time_period_06,place-qamnl,9669,863,19,509,45,925
Fall 2018,red,1,time_period_04,place-jfk,34216,20843,19,1801,1097,10544
Fall 2018,red,1,time_period_06,place-qnctr,13071,2365,19,688,124,1488
Fall 2018,red,1,time_period_04,place-knncl,13462,52968,19,709,2788,6970
Fall 2018,red,1,time_period_06,place-shmnl,3866,959,19,203,50,1655
Fall 2018,red,1,time_period_04,place-nqncy,41863,2918,19,2203,154,5716
Fall 2018,red,1,time_period_06,place-smmnl,3883,668,19,204,35,1107
Fall 2018,red,1,time_period_04,place-pktrm,50541,70975,19,2660,3736,9565
Fall 2018,red,1,time_period_06,place-sstat,118666,14829,19,6246,780,11622
Fall 2018,red,1,time_period_04,place-portr,2122,17680,19,112,931,2196
Fall 2018,red,1,time_period_06,place-wlsta,100,170,19,5,9,1485
Fall 2018,red,1,time_period_04,place-qamnl,21960,781,19,1156,41,1775
Fall 2018,red,1,time_period_07,place-alfcl,0,43018,19,0,2264,0
Fall 2018,red,1,time_period_04,place-qnctr,37885,1875,19,1994,99,3670
Fall 2018,red,1,time_period_04,place-shmnl,10770,705,19,567,37,4124
Fall 2018,red,1,time_period_04,place-smmnl,11213,691,19,590,36,2578
Fall 2018,red,1,time_period_04,place-sstat,52554,40724,19,2766,2143,12143
Fall 2018,red,1,time_period_04,place-wlsta,10,79,19,1,4,3667
Fall 2018,red,1,time_period_05,place-alfcl,0,31160,19,0,1640,0
Fall 2018,red,1,time_period_05,place-andrw,11791,5488,19,621,289,5518
Fall 2018,red,1,time_period_05,place-asmnl,20691,0,19,1089,0,1089
Fall 2018,red,1,time_period_05,place-brdwy,7634,5177,19,402,272,5648
Fall 2018,red,1,time_period_05,place-brntn,6611,0,19,348,0,348
Fall 2018,red,1,time_period_05,place-chmnl,11393,12884,19,600,678,5693
Fall 2018,red,1,time_period_05,place-cntsq,11836,26941,19,623,1418,5084
Fall 2018,red,1,time_period_05,place-davis,783,25370,19,41,1335,1640
Fall 2018,red,1,time_period_05,place-dwnxg,36323,54611,19,1912,2874,5793
Fall 2018,red,1,time_period_05,place-fldcr,13413,2965,19,706,156,1830
Fall 2018,red,1,time_period_05,place-harsq,11518,34134,19,606,1797,3894
Fall 2018,red,1,time_period_05,place-jfk,32843,7211,19,1729,380,5187
Fall 2018,red,1,time_period_05,place-knncl,17614,14088,19,927,741,5879
Fall 2018,red,1,time_period_05,place-nqncy,11513,1238,19,606,65,1811
Fall 2018,red,1,time_period_05,place-pktrm,36716,37112,19,1932,1953,5772
Fall 2018,red,1,time_period_05,place-portr,1318,19551,19,69,1029,2934
Fall 2018,red,1,time_period_05,place-qamnl,5750,701,19,303,37,614
Fall 2018,red,1,time_period_05,place-qnctr,13500,986,19,711,52,1272
Fall 2018,red,1,time_period_05,place-shmnl,4736,1004,19,249,53,2026
Fall 2018,red,1,time_period_05,place-smmnl,4183,556,19,220,29,1280
Fall 2018,red,1,time_period_05,place-sstat,34954,13908,19,1840,732,6755
Fall 2018,red,1,time_period_05,place-wlsta,0,35,19,0,2,1271
Fall 2018,red,1,time_period_11,place-alfcl,0,19617,5,0,3923,0
Fall 2018,red,1,time_period_11,place-andrw,9776,4061,5,1955,812,17992
Fall 2018,red,1,time_period_07,place-andrw,5962,3560,19,314,187,2778
Fall 2018,red,1,time_period_07,place-asmnl,11068,0,19,583,0,583
Fall 2018,red,1,time_period_07,place-brdwy,9473,2593,19,499,136,3141
Fall 2018,red,1,time_period_07,place-brntn,3487,0,19,184,0,184
Fall 2018,red,1,time_period_07,place-chmnl,17056,6917,19,898,364,8465
Fall 2018,red,1,time_period_07,place-cntsq,21666,42792,19,1140,2252,8224
Fall 2018,red,1,time_period_07,place-davis,1633,59941,19,86,3155,2264
Fall 2018,red,1,time_period_07,place-dwnxg,44747,32609,19,2355,1716,6184
Fall 2018,red,1,time_period_07,place-fldcr,5229,1890,19,275,99,834
Fall 2018,red,1,time_period_07,place-harsq,18963,38610,19,998,2032,7190
Fall 2018,red,1,time_period_07,place-jfk,17690,4510,19,931,237,2652
Fall 2018,red,1,time_period_07,place-knncl,31526,14985,19,1659,789,9336
Fall 2018,red,1,time_period_07,place-nqncy,8872,1185,19,467,62,1051
Fall 2018,red,1,time_period_07,place-pktrm,60961,27770,19,3208,1462,7931
Fall 2018,red,1,time_period_11,place-asmnl,17517,0,5,3503,0,3503
Fall 2018,red,1,time_period_07,place-portr,2669,37946,19,140,1997,5333
Fall 2018,red,1,time_period_11,place-brdwy,8377,4534,5,1675,907,18760
Fall 2018,red,1,time_period_07,place-qamnl,2987,294,19,157,15,325
Fall 2018,red,1,time_period_11,place-brntn,1579,0,5,316,0,316
Fall 2018,red,1,time_period_07,place-qnctr,6720,616,19,354,32,647
Fall 2018,red,1,time_period_11,place-chmnl,9697,8954,5,1939,1791,22886
Fall 2018,red,1,time_period_11,place-cntsq,13274,30119,5,2655,6024,18498
Fall 2018,red,1,time_period_07,place-shmnl,1918,512,19,101,27,908
Fall 2018,red,1,time_period_11,place-davis,1112,26600,5,222,5320,3923
Fall 2018,red,1,time_period_07,place-smmnl,1867,434,19,98,23,658
Fall 2018,red,1,time_period_11,place-dwnxg,34222,34039,5,6844,6808,22322
Fall 2018,red,1,time_period_11,place-fldcr,10126,1457,5,2025,291,6042
Fall 2018,red,1,time_period_11,place-harsq,9851,41592,5,1970,8318,12150
Fall 2018,red,1,time_period_11,place-jfk,13788,4456,5,2758,891,16849
Fall 2018,red,1,time_period_11,place-knncl,9998,15097,5,2000,3019,21867
Fall 2018,red,1,time_period_11,place-nqncy,35468,204,5,7094,41,8123
Fall 2018,red,1,time_period_11,place-pktrm,45442,43364,5,9088,8673,22738
Fall 2018,red,1,time_period_11,place-portr,1651,17294,5,330,3459,9021
Fall 2018,red,1,time_period_11,place-qamnl,1302,24,5,260,5,571
Fall 2018,red,1,time_period_11,place-qnctr,2617,119,5,523,24,1071
Fall 2018,red,1,time_period_11,place-shmnl,4615,529,5,923,106,6859
Fall 2018,red,1,time_period_11,place-smmnl,4483,461,5,897,92,4308
Fall 2018,red,1,time_period_11,place-sstat,30614,12989,5,6123,2598,22285
Fall 2018,red,1,time_period_11,place-wlsta,0,2,5,0,0,1071
Fall 2018,red,1,time_period_07,place-sstat,52084,6388,19,2741,336,5546
Fall 2018,red,1,time_period_07,place-wlsta,0,9,19,0,0,646
Fall 2018,red,1,time_period_08,place-alfcl,0,10334,19,0,544,0
Fall 2018,red,1,time_period_08,place-andrw,1599,1044,19,84,55,606
Fall 2018,red,1,time_period_08,place-asmnl,2881,0,19,152,0,152
Fall 2018,red,1,time_period_08,place-brdwy,2637,733,19,139,39,706
Fall 2018,red,1,time_period_08,place-brntn,130,0,19,7,0,7
Fall 2018,red,1,time_period_08,place-chmnl,3013,1759,19,159,93,1971
Fall 2019,blue,0,time_period_01,place-aport,20984,5968,77,273,78,1715
Fall 2019,blue,0,time_period_01,place-aqucl,98,14693,77,1,191,1959
Fall 2019,blue,0,time_period_01,place-bmmnl,19322,200,77,251,3,1051
Fall 2019,blue,0,time_period_01,place-bomnl,0,14382,77,0,187,0
Fall 2019,blue,0,time_period_01,place-gover,5,58668,77,0,762,187
Fall 2019,blue,0,time_period_01,place-mvbcl,36962,3584,77,480,47,2149
Fall 2019,blue,0,time_period_01,place-orhte,23373,481,77,304,6,1402
Fall 2019,blue,0,time_period_01,place-rbmnl,19335,1025,77,251,13,803
Fall 2019,blue,0,time_period_01,place-sdmnl,4232,132,77,55,2,1105
Fall 2019,blue,0,time_period_01,place-state,125,77933,77,2,1012,949
Fall 2019,blue,0,time_period_01,place-wimnl,10064,966,77,131,13,1520
Fall 2019,blue,0,time_period_01,place-wondl,43532,0,77,565,0,565
Fall 2019,blue,0,time_period_02,place-aport,42753,8088,77,555,105,2849
Fall 2019,blue,0,time_period_02,place-aqucl,1384,25000,77,18,325,3474
Fall 2019,blue,0,time_period_02,place-bmmnl,30137,346,77,391,4,1582
Fall 2019,blue,0,time_period_02,place-bomnl,0,26459,77,0,344,0
Fall 2019,blue,0,time_period_02,place-gover,59,88254,77,1,1146,344
Fall 2019,blue,0,time_period_02,place-mvbcl,78558,6824,77,1020,89,3780
Fall 2019,blue,0,time_period_02,place-orhte,40698,1140,77,529,15,2219
Fall 2019,blue,0,time_period_02,place-rbmnl,28633,1619,77,372,21,1195
Fall 2019,blue,0,time_period_02,place-sdmnl,9713,220,77,126,3,1705
Fall 2019,blue,0,time_period_02,place-state,245,153072,77,3,1988,1489
Fall 2019,blue,0,time_period_02,place-wimnl,15772,1920,77,205,25,2399
Fall 2019,blue,0,time_period_02,place-wondl,64990,0,77,844,0,844
Fall 2019,blue,0,time_period_03,place-aport,132003,14894,77,1714,193,8548
Fall 2019,blue,0,time_period_03,place-aqucl,6562,123599,77,85,1605,10018
Fall 2019,blue,0,time_period_03,place-bmmnl,101209,1651,77,1314,21,4666
Fall 2019,blue,0,time_period_03,place-bomnl,0,68906,77,0,895,0
Fall 2019,blue,0,time_period_03,place-gover,307,272100,77,4,3534,895
Fall 2019,blue,0,time_period_03,place-mvbcl,248779,18527,77,3231,241,11538
Fall 2019,blue,0,time_period_03,place-orhte,127401,1905,77,1655,25,6517
Fall 2019,blue,0,time_period_03,place-rbmnl,67738,3431,77,880,45,3373
Fall 2019,blue,0,time_period_03,place-sdmnl,17574,549,77,228,7,4888
Fall 2019,blue,0,time_period_03,place-state,1222,431938,77,16,5610,4425
Fall 2019,blue,0,time_period_03,place-wimnl,43392,4135,77,564,54,7027
Fall 2019,blue,0,time_period_03,place-wondl,195448,0,77,2538,0,2538
Fall 2019,blue,0,time_period_04,place-aport,115809,24723,77,1504,321,5434
Fall 2019,blue,0,time_period_04,place-aqucl,12014,72747,77,156,945,6826
Fall 2019,blue,0,time_period_04,place-bmmnl,52650,3183,77,684,41,2783
Fall 2019,blue,0,time_period_04,place-bomnl,0,35970,77,0,467,0
Fall 2019,blue,0,time_period_04,place-gover,409,211476,77,5,2746,467
Fall 2019,blue,0,time_period_04,place-mvbcl,198941,31011,77,2584,403,7615
Fall 2019,blue,0,time_period_04,place-orhte,75206,3693,77,977,48,3882
Fall 2019,blue,0,time_period_04,place-rbmnl,60226,4192,77,782,54,2140
Fall 2019,blue,0,time_period_04,place-sdmnl,14051,901,77,182,12,2954
Fall 2019,blue,0,time_period_08,place-wimnl,2668,590,77,35,8,220
Fall 2019,blue,0,time_period_08,place-wondl,5465,0,77,71,0,71
Fall 2019,blue,0,time_period_09,place-aport,2453,317,77,32,4,57
Fall 2019,blue,0,time_period_04,place-state,2983,281531,77,39,3656,3208
Fall 2019,blue,0,time_period_09,place-aqucl,514,373,77,7,5,66
Fall 2019,blue,0,time_period_04,place-wimnl,31036,2674,77,403,35,4251
Fall 2019,blue,0,time_period_09,place-bmmnl,279,197,77,4,3,22
Fall 2019,blue,0,time_period_04,place-wondl,108776,0,77,1413,0,1413
Fall 2019,blue,0,time_period_09,place-bomnl,0,125,77,0,2,0
Fall 2019,blue,0,time_period_05,place-aport,78869,14038,77,1024,182,2940
Fall 2019,blue,0,time_period_09,place-gover,10,2577,77,0,33,2
Fall 2019,blue,0,time_period_05,place-aqucl,16687,39779,77,217,517,3685
Fall 2019,blue,0,time_period_09,place-mvbcl,1407,876,77,18,11,64
Fall 2019,blue,0,time_period_05,place-bmmnl,28080,2777,77,365,36,1353
Fall 2019,blue,0,time_period_09,place-orhte,604,211,77,8,3,28
Fall 2019,blue,0,time_period_05,place-bomnl,0,17495,77,0,227,0
Fall 2019,blue,0,time_period_09,place-rbmnl,343,228,77,4,3,21
Fall 2019,blue,0,time_period_05,place-gover,331,115548,77,4,1501,227
Fall 2019,blue,0,time_period_05,place-mvbcl,108956,28512,77,1415,370,3985
Fall 2019,blue,0,time_period_09,place-sdmnl,71,10,77,1,0,23
Fall 2019,blue,0,time_period_05,place-orhte,35895,2788,77,466,36,1849
Fall 2019,blue,0,time_period_09,place-state,214,2569,77,3,33,35
Fall 2019,blue,0,time_period_09,place-wimnl,168,102,77,2,1,29
Fall 2019,blue,0,time_period_09,place-wondl,1522,0,77,20,0,20
Fall 2019,blue,0,time_period_05,place-rbmnl,37489,2509,77,487,33,1025
Fall 2019,blue,0,time_period_10,place-aport,52428,11937,12,4369,995,13994
Fall 2019,blue,0,time_period_05,place-sdmnl,5712,672,77,74,9,1419
Fall 2019,blue,0,time_period_10,place-aqucl,12001,35193,12,1000,2933,17242
Fall 2019,blue,0,time_period_05,place-state,3327,154333,77,43,2004,1724
Fall 2019,blue,0,time_period_10,place-bmmnl,21525,1929,12,1794,161,6946
Fall 2019,blue,0,time_period_10,place-bomnl,0,10321,12,0,860,0
Fall 2019,blue,0,time_period_10,place-gover,202,100765,12,17,8397,860
Fall 2019,blue,0,time_period_10,place-mvbcl,79237,17074,12,6603,1423,19174
Fall 2019,blue,0,time_period_10,place-orhte,29857,2684,12,2488,224,9627
Fall 2019,blue,0,time_period_10,place-rbmnl,24978,2376,12,2082,198,5313
Fall 2019,blue,0,time_period_10,place-sdmnl,5544,539,12,462,45,7363
Fall 2019,blue,0,time_period_10,place-state,1987,98003,12,166,8167,9240
Fall 2019,blue,0,time_period_10,place-wimnl,13831,1921,12,1153,160,10620
Fall 2019,blue,0,time_period_10,place-wondl,41152,0,12,3429,0,3429
Fall 2019,blue,0,time_period_11,place-aport,31761,6990,8,3970,874,11340
Fall 2019,blue,0,time_period_11,place-aqucl,7609,18815,8,951,2352,13617
Fall 2019,blue,0,time_period_11,place-bmmnl,10900,1000,8,1363,125,5440
Fall 2019,blue,0,time_period_11,place-bomnl,0,5562,8,0,695,0
Fall 2019,blue,0,time_period_11,place-gover,92,53629,8,12,6704,695
Fall 2019,blue,0,time_period_11,place-mvbcl,39351,9927,8,4919,1241,15018
Fall 2019,blue,0,time_period_11,place-orhte,15215,1538,8,1902,192,7446
Fall 2019,blue,0,time_period_11,place-rbmnl,14086,1372,8,1761,172,4202
Fall 2019,blue,0,time_period_11,place-sdmnl,2742,370,8,343,46,5736
Fall 2019,blue,0,time_period_11,place-state,831,50667,8,104,6333,7387
Fall 2019,blue,0,time_period_11,place-wimnl,7272,893,8,909,112,8243
Fall 2019,blue,0,time_period_11,place-wondl,20902,0,8,2613,0,2613
Fall 2019,blue,0,time_period_05,place-wimnl,21767,2570,77,283,33,2098
Fall 2019,blue,0,time_period_05,place-wondl,43908,0,77,570,0,570
Fall 2019,blue,0,time_period_06,place-aport,65603,11094,77,852,144,2291
Fall 2019,blue,0,time_period_06,place-aqucl,27398,26656,77,356,346,3159
Fall 2019,blue,0,time_period_06,place-bmmnl,19297,3095,77,251,40,936
Fall 2019,blue,0,time_period_06,place-bomnl,0,10768,77,0,140,0
Fall 2019,blue,0,time_period_06,place-gover,517,93206,77,7,1210,140
Fall 2019,blue,0,time_period_06,place-mvbcl,89786,23656,77,1166,307,3150
Fall 2019,blue,0,time_period_06,place-orhte,29300,3202,77,381,42,1336
Fall 2019,blue,0,time_period_06,place-rbmnl,24612,2731,77,320,35,725
Fall 2019,blue,0,time_period_06,place-sdmnl,5578,838,77,72,11,997
Fall 2019,blue,0,time_period_06,place-state,6411,146211,77,83,1899,1344
Fall 2019,blue,0,time_period_06,place-wimnl,21276,2286,77,276,30,1583
Fall 2019,blue,0,time_period_06,place-wondl,33963,0,77,441,0,441
Fall 2019,blue,0,time_period_07,place-aport,37882,7480,77,492,97,1057
Fall 2019,blue,0,time_period_07,place-aqucl,10512,9791,77,137,127,1413
Fall 2019,blue,0,time_period_07,place-bmmnl,8586,2276,77,112,30,428
Fall 2019,blue,0,time_period_07,place-bomnl,0,4911,77,0,64,0
Fall 2019,blue,0,time_period_07,place-gover,196,47313,77,3,614,64
Fall 2019,blue,0,time_period_07,place-mvbcl,41072,14396,77,533,187,1404
Fall 2019,blue,0,time_period_07,place-orhte,14027,2644,77,182,34,599
Fall 2019,blue,0,time_period_07,place-rbmnl,10007,2188,77,130,28,346
Fall 2019,blue,0,time_period_07,place-sdmnl,2397,628,77,31,8,451
Fall 2019,blue,0,time_period_07,place-state,2990,59777,77,39,776,676
Fall 2019,blue,0,time_period_07,place-wimnl,6727,1842,77,87,24,663
Fall 2019,blue,0,time_period_07,place-wondl,18850,0,77,245,0,245
Fall 2019,blue,0,time_period_08,place-aport,19339,3224,77,251,42,429
Fall 2019,blue,0,time_period_08,place-aqucl,3243,2834,77,42,37,483
Fall 2019,blue,0,time_period_08,place-bmmnl,2581,686,77,34,9,127
Fall 2019,blue,0,time_period_08,place-bomnl,0,1611,77,0,21,0
Fall 2019,blue,0,time_period_08,place-gover,42,16822,77,1,218,21
Fall 2019,blue,0,time_period_08,place-mvbcl,10259,6467,77,133,84,478
Fall 2019,blue,0,time_period_08,place-orhte,5509,746,77,72,10,193
Fall 2019,blue,0,time_period_08,place-rbmnl,3043,654,77,40,8,102
Fall 2019,blue,0,time_period_08,place-sdmnl,459,139,77,6,2,131
Fall 2019,blue,0,time_period_08,place-state,901,19736,77,12,256,239
Fall 2019,blue,1,time_period_02,place-aport,2197,13372,77,29,174,262
Fall 2019,blue,1,time_period_10,place-gover,120286,635,12,10024,53,10690
Fall 2019,blue,1,time_period_06,place-bmmnl,2796,104215,77,36,1353,3740
Fall 2019,blue,1,time_period_02,place-aqucl,2709,1518,77,35,20,525
Fall 2019,blue,1,time_period_06,place-bomnl,81428,0,77,1058,0,1058
Fall 2019,blue,1,time_period_02,place-bmmnl,588,2130,77,8,28,117
Fall 2019,blue,1,time_period_10,place-mvbcl,16496,88070,12,1375,7339,13724
Fall 2019,blue,1,time_period_10,place-orhte,3490,25071,12,291,2089,8209
Fall 2019,blue,1,time_period_02,place-bomnl,1340,0,77,17,0,17
Fall 2019,blue,1,time_period_06,place-gover,331699,5060,77,4308,66,5300
Fall 2019,blue,1,time_period_10,place-rbmnl,626,28702,12,52,2392,3619
Fall 2019,blue,1,time_period_02,place-gover,14837,38,77,193,0,210
Fall 2019,blue,1,time_period_06,place-mvbcl,30186,270324,77,392,3511,8423
Fall 2019,blue,1,time_period_10,place-sdmnl,572,6125,12,48,510,7746
Fall 2019,blue,1,time_period_02,place-mvbcl,6192,15250,77,80,198,407
Fall 2019,blue,1,time_period_06,place-orhte,6184,95181,77,80,1236,5325
Fall 2019,blue,1,time_period_06,place-rbmnl,1217,73848,77,16,959,2796
Fall 2019,blue,1,time_period_06,place-sdmnl,704,21353,77,9,277,5057
Fall 2019,blue,1,time_period_06,place-state,396386,18276,77,5148,237,10210
Fall 2019,blue,1,time_period_06,place-wimnl,4318,42063,77,56,546,6481
Fall 2019,blue,1,time_period_06,place-wondl,0,215328,77,0,2796,0
Fall 2019,blue,1,time_period_07,place-aport,26725,86940,77,347,1129,3722
Fall 2019,blue,1,time_period_07,place-aqucl,65194,5522,77,847,72,6579
Fall 2019,blue,1,time_period_07,place-bmmnl,2135,51679,77,28,671,1946
Fall 2019,blue,1,time_period_07,place-bomnl,25576,0,77,332,0,332
Fall 2019,blue,1,time_period_07,place-gover,217970,1448,77,2831,19,3144
Fall 2019,blue,1,time_period_07,place-mvbcl,21858,181596,77,284,2358,4504
Fall 2019,blue,1,time_period_07,place-orhte,3712,55175,77,48,717,2726
Fall 2019,blue,1,time_period_07,place-rbmnl,635,53291,77,8,692,1262
Fall 2019,blue,1,time_period_07,place-sdmnl,373,10875,77,5,141,2589
Fall 2019,blue,1,time_period_07,place-state,208999,4216,77,2714,55,5804
Fall 2019,blue,1,time_period_07,place-wimnl,2391,27642,77,31,359,3394
Fall 2019,blue,1,time_period_07,place-wondl,0,97184,77,0,1262,0
Fall 2019,blue,1,time_period_08,place-aport,21548,53418,77,280,694,1991
Fall 2019,blue,1,time_period_08,place-aqucl,37626,1593,77,489,21,3639
Fall 2019,blue,1,time_period_08,place-bmmnl,567,27807,77,7,361,991
Fall 2019,blue,1,time_period_08,place-bomnl,12155,0,77,158,0,158
Fall 2019,blue,1,time_period_08,place-gover,146824,356,77,1907,5,2060
Fall 2019,blue,1,time_period_08,place-mvbcl,6733,101749,77,87,1321,2405
Fall 2019,blue,1,time_period_08,place-orhte,1443,28813,77,19,374,1413
Fall 2019,blue,1,time_period_08,place-rbmnl,264,38735,77,3,503,492
Fall 2019,blue,1,time_period_08,place-sdmnl,221,5452,77,3,71,1345
Fall 2019,blue,1,time_period_08,place-state,86619,1095,77,1125,14,3171
Fall 2019,blue,1,time_period_08,place-wimnl,1618,18747,77,21,243,1768
Fall 2019,blue,1,time_period_08,place-wondl,0,37852,77,0,492,0
Fall 2019,blue,1,time_period_09,place-aport,5118,12023,77,66,156,408
Fall 2019,blue,1,time_period_09,place-aqucl,7922,173,77,103,2,765
Fall 2019,blue,1,time_period_09,place-bmmnl,54,6378,77,1,83,180
Fall 2019,blue,1,time_period_09,place-bomnl,1217,0,77,16,0,16
Fall 2019,blue,1,time_period_09,place-gover,31395,38,77,408,0,423
Fall 2019,blue,1,time_period_09,place-mvbcl,1789,22351,77,23,290,498
Fall 2019,blue,1,time_period_09,place-orhte,277,6635,77,4,86,276
Fall 2019,blue,1,time_period_09,place-rbmnl,18,11831,77,0,154,26
Fall 2019,blue,1,time_period_09,place-sdmnl,107,1183,77,1,15,262
Fall 2019,blue,1,time_period_09,place-state,18818,228,77,244,3,664
Fall 2019,blue,1,time_period_09,place-wimnl,245,4111,77,3,53,358
Fall 2019,blue,1,time_period_09,place-wondl,0,2011,77,0,26,0
Fall 2019,blue,1,time_period_10,place-aport,15832,47949,12,1319,3996,11048
Fall 2019,blue,1,time_period_10,place-aqucl,34875,8035,12,2906,670,19688
Fall 2019,blue,1,time_period_10,place-bmmnl,2030,23484,12,169,1957,5958
Fall 2019,blue,1,time_period_10,place-bomnl,8630,0,12,719,0,719
Fall 2019,blue,1,time_period_10,place-state,83672,2533,12,6973,211,17452
Fall 2019,blue,1,time_period_02,place-orhte,1095,3953,77,14,51,145
Fall 2019,blue,1,time_period_02,place-rbmnl,186,3317,77,2,43,76
Fall 2019,blue,1,time_period_10,place-wimnl,2043,14525,12,170,1210,10007
Fall 2019,blue,1,time_period_02,place-sdmnl,71,673,77,1,9,137
Fall 2019,blue,1,time_period_10,place-wondl,0,43423,12,0,3619,0
Fall 2019,blue,1,time_period_02,place-state,23839,769,77,310,10,509
Fall 2019,blue,1,time_period_11,place-aport,11274,26089,8,1409,3261,8979
Fall 2019,blue,1,time_period_02,place-wimnl,482,6649,77,6,86,182
Fall 2019,blue,1,time_period_02,place-wondl,0,5865,77,0,76,0
Fall 2019,blue,1,time_period_03,place-aport,7292,23896,77,95,310,497
Fall 2019,blue,1,time_period_03,place-aqucl,5506,13750,77,72,179,959
Fall 2019,blue,1,time_period_03,place-bmmnl,1961,4905,77,25,64,287
Fall 2019,blue,1,time_period_03,place-bomnl,4767,0,77,62,0,62
Fall 2019,blue,1,time_period_03,place-gover,32901,515,77,427,7,483
Fall 2019,blue,1,time_period_03,place-mvbcl,12575,31545,77,163,410,712
Fall 2019,blue,1,time_period_03,place-orhte,2121,7891,77,28,102,338
Fall 2019,blue,1,time_period_03,place-rbmnl,770,8366,77,10,109,188
Fall 2019,blue,1,time_period_03,place-sdmnl,238,1242,77,3,16,325
Fall 2019,blue,1,time_period_03,place-state,47543,2638,77,617,34,1066
Fall 2019,blue,1,time_period_03,place-wimnl,1503,7924,77,20,103,413
Fall 2019,blue,1,time_period_03,place-wondl,0,14504,77,0,188,0
Fall 2019,blue,1,time_period_04,place-aport,14107,55763,77,183,724,1737
Fall 2019,blue,1,time_period_04,place-aqucl,21941,15000,77,285,195,3208
Fall 2019,blue,1,time_period_04,place-bmmnl,3221,22395,77,42,291,958
Fall 2019,blue,1,time_period_04,place-bomnl,21172,0,77,275,0,275
Fall 2019,blue,1,time_period_04,place-gover,100124,2597,77,1300,34,1542
Fall 2019,blue,1,time_period_04,place-mvbcl,22885,94536,77,297,1228,2278
Fall 2019,blue,1,time_period_04,place-orhte,4306,25794,77,56,335,1292
Fall 2019,blue,1,time_period_04,place-rbmnl,1164,29553,77,15,384,589
Fall 2019,blue,1,time_period_04,place-sdmnl,726,7242,77,9,94,1207
Fall 2019,blue,1,time_period_04,place-state,128093,6697,77,1664,87,3118
Fall 2019,blue,1,time_period_04,place-wimnl,2361,15138,77,31,197,1571
Fall 2019,blue,1,time_period_04,place-wondl,0,45385,77,0,589,0
Fall 2019,blue,1,time_period_05,place-aport,23529,83955,77,306,1090,3506
Fall 2019,blue,1,time_period_05,place-aqucl,50376,14118,77,654,183,6048
Fall 2019,blue,1,time_period_05,place-bmmnl,3021,49484,77,39,643,1818
Fall 2019,blue,1,time_period_05,place-bomnl,38648,0,77,502,0,502
Fall 2019,blue,1,time_period_05,place-gover,182565,3183,77,2371,41,2832
Fall 2019,blue,1,time_period_05,place-mvbcl,25529,160778,77,332,2088,4291
Fall 2019,blue,1,time_period_05,place-orhte,4462,51388,77,58,667,2595
Fall 2019,blue,1,time_period_05,place-rbmnl,1105,49332,77,14,641,1191
Fall 2019,blue,1,time_period_05,place-sdmnl,538,13944,77,7,181,2421
Fall 2019,blue,1,time_period_05,place-state,219971,8589,77,2857,112,5577
Fall 2019,blue,1,time_period_05,place-wimnl,4293,27535,77,56,358,3205
Fall 2019,blue,1,time_period_05,place-wondl,0,91731,77,0,1191,0
Fall 2019,blue,1,time_period_06,place-aport,23759,135525,77,309,1760,6971
Fall 2019,blue,1,time_period_06,place-aqucl,119552,17059,77,1553,222,11541
Fall 2019,blue,1,time_period_11,place-aqucl,18858,4435,8,2357,554,15323
Fall 2019,blue,1,time_period_11,place-bmmnl,1056,12219,8,132,1527,4951
Fall 2019,blue,1,time_period_11,place-bomnl,4378,0,8,547,0,547
Fall 2019,blue,1,time_period_11,place-gover,63248,348,8,7906,44,8410
Fall 2019,blue,1,time_period_11,place-mvbcl,9027,44967,8,1128,5621,10830
Fall 2019,blue,1,time_period_01,place-aport,1138,4408,77,15,57,97
Fall 2019,blue,1,time_period_01,place-aqucl,686,264,77,9,3,160
Fall 2019,blue,1,time_period_01,place-bmmnl,486,885,77,6,11,56
Fall 2019,blue,1,time_period_01,place-bomnl,380,0,77,5,0,5
Fall 2019,blue,1,time_period_01,place-gover,4524,12,77,59,0,64
Fall 2019,blue,1,time_period_01,place-mvbcl,2501,4054,77,32,53,140
Fall 2019,blue,1,time_period_01,place-orhte,363,1437,77,5,19,64
Fall 2019,blue,1,time_period_01,place-rbmnl,100,1496,77,1,19,38
Fall 2019,blue,1,time_period_01,place-sdmnl,65,288,77,1,4,61
Fall 2019,blue,1,time_period_01,place-state,7185,191,77,93,2,154
Fall 2019,blue,1,time_period_01,place-wimnl,310,1769,77,4,23,78
Fall 2019,blue,1,time_period_01,place-wondl,0,2931,77,0,38,0
Fall 2019,blue,1,time_period_11,place-orhte,1961,13663,8,245,1708,6690
Fall 2019,blue,1,time_period_11,place-rbmnl,316,16612,8,40,2077,2914
Fall 2019,blue,1,time_period_11,place-sdmnl,374,3122,8,47,390,6346
Fall 2019,blue,1,time_period_11,place-state,42495,1612,8,5312,202,13520
Fall 2019,blue,1,time_period_11,place-wimnl,978,7585,8,122,948,8153
Fall 2019,blue,1,time_period_11,place-wondl,0,23311,8,0,2914,0
Fall 2019,green,0,time_period_01,place-alsgr,0,17,77,0,0,4
Fall 2019,green,0,time_period_01,place-armnl,2675,8021,77,35,104,381
Fall 2019,green,0,time_period_01,place-babck,0,151,77,0,2,8
Fall 2019,green,0,time_period_01,place-bckhl,0,36,77,0,0,4
Fall 2019,green,0,time_period_01,place-bcnfd,12,67,77,0,1,44
Fall 2019,green,0,time_period_01,place-bcnwa,0,22,77,0,0,2
Fall 2019,green,0,time_period_01,place-bland,3,52,77,0,1,15
Fall 2019,green,0,time_period_01,place-bndhl,0,1,77,0,0,2
Fall 2019,green,0,time_period_01,place-boyls,1632,3604,77,21,47,450
Fall 2019,green,0,time_period_01,place-brico,0,64,77,0,1,8
Fall 2019,green,0,time_period_01,place-brkhl,13,80,77,0,1,44
Fall 2019,green,0,time_period_01,place-brmnl,1,1868,77,0,24,11
Fall 2019,green,0,time_period_01,place-bucen,4,138,77,0,2,12
Fall 2019,green,0,time_period_01,place-buest,0,72,77,0,1,14
Fall 2019,green,0,time_period_01,place-buwst,0,49,77,0,1,12
Fall 2019,green,0,time_period_01,place-bvmnl,269,149,77,3,2,45
Fall 2019,green,0,time_period_01,place-chhil,17,255,77,0,3,37
Fall 2019,green,0,time_period_01,place-chill,0,21,77,0,0,1
Fall 2019,green,0,time_period_01,place-chswk,0,84,77,0,1,1
Fall 2019,green,0,time_period_01,place-clmnl,0,31,77,0,0,0
Fall 2019,green,0,time_period_01,place-coecl,1414,8290,77,18,108,160
Fall 2019,green,0,time_period_01,place-cool,0,233,77,0,3,3
Fall 2019,green,0,time_period_01,place-denrd,0,1,77,0,0,2
Fall 2019,green,0,time_period_01,place-eliot,0,109,77,0,1,17
Fall 2019,green,0,time_period_01,place-engav,0,91,77,0,1,0
Fall 2019,green,0,time_period_01,place-fbkst,0,4,77,0,0,2
Fall 2019,green,0,time_period_01,place-fenwd,0,145,77,0,2,9
Fall 2019,green,0,time_period_01,place-fenwy,4,251,77,0,3,49
Fall 2019,green,0,time_period_01,place-gover,29800,3744,77,387,49,681
Fall 2019,green,0,time_period_01,place-grigg,0,13,77,0,0,5
Fall 2019,green,0,time_period_01,place-haecl,18429,560,77,239,7,343
Fall 2019,green,0,time_period_01,place-harvd,0,220,77,0,3,5
Fall 2019,green,0,time_period_01,place-hsmnl,0,290,77,0,4,0
Fall 2019,green,0,time_period_01,place-hwsst,0,67,77,0,1,6
Fall 2019,green,0,time_period_01,place-hymnl,526,2342,77,7,30,151
Fall 2019,green,0,time_period_01,place-kencl,164,5578,77,2,72,27
Fall 2019,green,0,time_period_01,place-kntst,0,41,77,0,1,6
Fall 2019,green,0,time_period_01,place-lake,0,39,77,0,1,0
Fall 2019,green,0,time_period_01,place-lech,6004,0,77,78,0,78
Fall 2019,green,0,time_period_01,place-lngmd,9,989,77,0,13,35
Fall 2019,green,0,time_period_01,place-longw,14,453,77,0,6,44
Fall 2019,green,0,time_period_01,place-mfa,51,333,77,1,4,48
Fall 2019,green,0,time_period_01,place-mispk,0,235,77,0,3,6
Fall 2019,green,0,time_period_01,place-newtn,11,895,77,0,12,19
Fall 2019,green,0,time_period_01,place-newto,0,499,77,0,6,30
Fall 2019,green,0,time_period_01,place-north,3795,894,77,49,12,111
Fall 2019,green,0,time_period_01,place-nuniv,14,984,77,0,13,51
Fall 2019,green,0,time_period_01,place-pktrm,9557,25379,77,124,330,476
Fall 2019,green,0,time_period_01,place-plsgr,0,40,77,0,1,10
Fall 2019,green,0,time_period_01,place-prmnl,93,3430,77,1,45,74
Fall 2019,green,0,time_period_05,place-kntst,523,1040,77,7,14,360
Fall 2019,green,0,time_period_05,place-lake,0,1571,77,0,20,0
Fall 2019,green,0,time_period_05,place-lech,60734,0,77,789,0,789
Fall 2019,green,0,time_period_05,place-lngmd,838,7853,77,11,102,298
Fall 2019,green,0,time_period_05,place-longw,5734,5023,77,74,65,675
Fall 2019,green,0,time_period_05,place-mfa,775,5122,77,10,67,390
Fall 2019,green,0,time_period_05,place-mispk,84,5006,77,1,65,105
Fall 2019,green,0,time_period_05,place-newtn,335,4846,77,4,63,294
Fall 2019,green,0,time_period_05,place-newto,596,4894,77,8,64,352
Fall 2019,green,0,time_period_04,place-rvrwy,91,3905,77,1,51,63
Fall 2019,green,0,time_period_05,place-north,49784,7061,77,647,92,1347
Fall 2019,green,0,time_period_05,place-nuniv,2397,10702,77,31,139,446
Fall 2019,green,0,time_period_05,place-pktrm,195121,114785,77,2534,1491,4422
Fall 2019,green,0,time_period_05,place-plsgr,1039,3295,77,13,43,669
Fall 2019,green,0,time_period_05,place-prmnl,4253,29944,77,55,389,748
Fall 2019,green,0,time_period_05,place-river,0,4054,77,0,53,0
Fall 2019,green,0,time_period_05,place-rsmnl,1768,8883,77,23,115,449
Fall 2019,green,0,time_period_05,place-rvrwy,58,3909,77,1,51,55
Fall 2019,green,0,time_period_05,place-smary,2818,5899,77,37,77,379
Fall 2019,green,0,time_period_05,place-sougr,0,1110,77,0,14,20
Fall 2019,green,0,time_period_05,place-spmnl,56391,56160,77,732,729,792
Fall 2019,green,0,time_period_05,place-sthld,109,2181,77,1,28,102
Fall 2019,green,0,time_period_05,place-stplb,1485,3680,77,19,48,698
Fall 2019,green,0,time_period_05,place-stpul,519,1900,77,7,25,342
Fall 2019,green,0,time_period_05,place-sumav,695,3691,77,9,48,201
Fall 2019,green,0,time_period_05,place-symcl,3428,18412,77,45,239,554
Fall 2019,green,0,time_period_05,place-tapst,229,2819,77,3,37,90
Fall 2019,green,0,time_period_05,place-waban,109,1641,77,1,21,250
Fall 2019,green,0,time_period_05,place-wascm,687,6057,77,9,79,129
Fall 2019,green,0,time_period_05,place-woodl,2,3006,77,0,39,211
Fall 2019,green,0,time_period_05,place-wrnst,904,5835,77,12,76,199
Fall 2019,green,0,time_period_06,place-alsgr,978,9838,77,13,128,532
Fall 2019,green,0,time_period_06,place-armnl,58915,63800,77,765,829,7881
Fall 2019,green,0,time_period_06,place-babck,1281,10913,77,17,142,1218
Fall 2019,green,0,time_period_06,place-bckhl,0,3031,77,0,39,73
Fall 2019,green,0,time_period_06,place-bcnfd,613,9776,77,8,127,1049
Fall 2019,green,0,time_period_06,place-bcnwa,451,7361,77,6,96,293
Fall 2019,green,0,time_period_06,place-bland,4158,4871,77,54,63,1448
Fall 2019,green,0,time_period_06,place-bndhl,129,3236,77,2,42,450
Fall 2019,green,0,time_period_06,place-boyls,85739,48170,77,1113,626,7944
Fall 2019,green,0,time_period_06,place-brico,3025,12287,77,39,160,1098
Fall 2019,green,0,time_period_06,place-brkhl,992,6954,77,13,90,1168
Fall 2019,green,0,time_period_06,place-brmnl,1209,10274,77,16,133,402
Fall 2019,green,0,time_period_06,place-bucen,4027,5121,77,52,67,1443
Fall 2019,green,0,time_period_06,place-buest,4015,3358,77,52,44,1457
Fall 2019,green,0,time_period_06,place-buwst,2162,3190,77,28,41,1429
Fall 2019,green,0,time_period_06,place-bvmnl,2700,15112,77,35,196,1245
Fall 2019,green,0,time_period_06,place-chhil,1036,5206,77,13,68,778
Fall 2019,green,0,time_period_06,place-chill,251,3432,77,3,45,62
Fall 2019,green,0,time_period_06,place-chswk,165,6445,77,2,84,104
Fall 2019,green,0,time_period_06,place-clmnl,0,3286,77,0,43,0
Fall 2019,green,0,time_period_04,place-smary,2191,9535,77,28,124,386
Fall 2019,green,0,time_period_04,place-sougr,0,1454,77,0,19,34
Fall 2019,green,0,time_period_04,place-spmnl,74909,76928,77,973,999,1056
Fall 2019,green,0,time_period_04,place-sthld,338,1478,77,4,19,125
Fall 2019,green,0,time_period_04,place-stplb,1228,5141,77,16,67,678
Fall 2019,green,0,time_period_04,place-stpul,423,1988,77,5,26,330
Fall 2019,green,0,time_period_04,place-sumav,599,3698,77,8,48,161
Fall 2019,green,0,time_period_04,place-symcl,4761,23771,77,62,309,842
Fall 2019,green,0,time_period_04,place-tapst,219,2197,77,3,29,75
Fall 2019,green,0,time_period_04,place-waban,186,1226,77,2,16,185
Fall 2019,green,0,time_period_04,place-wascm,1080,4977,77,14,65,139
Fall 2019,green,0,time_period_04,place-woodl,15,3617,77,0,47,139
Fall 2019,green,0,time_period_04,place-wrnst,932,4978,77,12,65,190
Fall 2019,green,0,time_period_05,place-alsgr,706,4528,77,9,59,263
Fall 2019,green,0,time_period_05,place-armnl,32255,49456,77,419,642,4451
Fall 2019,green,0,time_period_05,place-babck,1187,7062,77,15,92,592
Fall 2019,green,0,time_period_05,place-bckhl,0,1381,77,0,18,37
Fall 2019,green,0,time_period_05,place-bcnfd,587,4113,77,8,53,541
Fall 2019,green,0,time_period_05,place-bcnwa,290,3313,77,4,43,124
Fall 2019,green,0,time_period_05,place-bland,4361,2948,77,57,38,702
Fall 2019,green,0,time_period_05,place-bndhl,83,1116,77,1,14,188
Fall 2019,green,0,time_period_05,place-boyls,48796,29388,77,634,382,4674
Fall 2019,green,0,time_period_05,place-brico,2389,6592,77,31,86,538
Fall 2019,green,0,time_period_05,place-brkhl,1899,3583,77,25,47,587
Fall 2019,green,0,time_period_05,place-brmnl,714,7327,77,9,95,213
Fall 2019,green,0,time_period_05,place-bucen,4660,3822,77,61,50,738
Fall 2019,green,0,time_period_05,place-buest,4654,2655,77,60,34,728
Fall 2019,green,0,time_period_05,place-buwst,1580,2491,77,21,32,727
Fall 2019,green,0,time_period_05,place-bvmnl,3356,8454,77,44,110,609
Fall 2019,green,0,time_period_05,place-chhil,714,3865,77,9,50,408
Fall 2019,green,0,time_period_05,place-chill,82,2373,77,1,31,35
Fall 2019,green,0,time_period_05,place-chswk,61,2959,77,1,38,65
Fall 2019,green,0,time_period_05,place-clmnl,0,1466,77,0,19,0
Fall 2019,green,0,time_period_05,place-coecl,53376,91200,77,693,1184,2429
Fall 2019,green,0,time_period_05,place-cool,4041,11896,77,52,154,240
Fall 2019,green,0,time_period_05,place-denrd,21,1787,77,0,23,67
Fall 2019,green,0,time_period_05,place-eliot,112,1957,77,1,25,270
Fall 2019,green,0,time_period_05,place-engav,2,3715,77,0,48,19
Fall 2019,green,0,time_period_05,place-fbkst,134,2013,77,2,26,163
Fall 2019,green,0,time_period_05,place-fenwd,307,3685,77,4,48,169
Fall 2019,green,0,time_period_05,place-fenwy,4243,5959,77,55,77,666
Fall 2019,green,0,time_period_05,place-gover,139594,27389,77,1813,356,3379
Fall 2019,green,0,time_period_05,place-grigg,724,5659,77,9,73,313
Fall 2019,green,0,time_period_05,place-haecl,56319,12021,77,731,156,1922
Fall 2019,green,0,time_period_05,place-harvd,3585,15999,77,47,208,377
Fall 2019,green,0,time_period_05,place-hsmnl,0,2837,77,0,37,0
Fall 2019,green,0,time_period_05,place-hwsst,529,1518,77,7,20,367
Fall 2019,green,0,time_period_05,place-hymnl,29398,56794,77,382,738,2522
Fall 2019,green,0,time_period_05,place-kencl,20934,77237,77,272,1003,597
Fall 2019,green,0,time_period_02,place-hymnl,2070,9704,77,27,126,586
Fall 2019,green,0,time_period_02,place-kencl,3326,21735,77,43,282,116
Fall 2019,green,0,time_period_02,place-kntst,13,222,77,0,3,44
Fall 2019,green,0,time_period_02,place-lake,0,253,77,0,3,0
Fall 2019,green,0,time_period_02,place-lech,14874,0,77,193,0,193
Fall 2019,green,0,time_period_02,place-lngmd,56,4458,77,1,58,122
Fall 2019,green,0,time_period_02,place-longw,173,2555,77,2,33,136
Fall 2019,green,0,time_period_02,place-mfa,35,1048,77,0,14,180
Fall 2019,green,0,time_period_02,place-mispk,1,496,77,0,6,26
Fall 2019,green,0,time_period_02,place-newtn,37,2409,77,0,31,68
Fall 2019,green,0,time_period_02,place-newto,67,1229,77,1,16,99
Fall 2019,green,0,time_period_02,place-north,23886,1511,77,310,20,420
Fall 2019,green,0,time_period_02,place-nuniv,199,2094,77,3,27,193
Fall 2019,green,0,time_period_02,place-pktrm,51148,48966,77,664,636,1659
Fall 2019,green,0,time_period_02,place-plsgr,32,350,77,0,5,57
Fall 2019,green,0,time_period_02,place-prmnl,635,9204,77,8,120,239
Fall 2019,green,0,time_period_02,place-river,0,907,77,0,12,0
Fall 2019,green,0,time_period_02,place-rsmnl,837,801,77,11,10,127
Fall 2019,green,0,time_period_02,place-rvrwy,7,582,77,0,8,18
Fall 2019,green,0,time_period_02,place-smary,37,2462,77,0,32,54
Fall 2019,green,0,time_period_02,place-sougr,0,53,77,0,1,3
Fall 2019,green,0,time_period_02,place-spmnl,6290,11183,77,82,145,130
Fall 2019,green,0,time_period_02,place-sthld,6,38,77,0,0,12
Fall 2019,green,0,time_period_02,place-stplb,60,443,77,1,6,61
Fall 2019,green,0,time_period_02,place-stpul,37,177,77,0,2,43
Fall 2019,green,0,time_period_02,place-sumav,30,346,77,0,4,20
Fall 2019,green,0,time_period_02,place-symcl,698,2391,77,9,31,217
Fall 2019,green,0,time_period_02,place-tapst,2,276,77,0,4,10
Fall 2019,green,0,time_period_02,place-waban,0,178,77,0,2,61
Fall 2019,green,0,time_period_02,place-wascm,100,584,77,1,8,12
Fall 2019,green,0,time_period_02,place-woodl,6,1095,77,0,14,47
Fall 2019,green,0,time_period_02,place-wrnst,112,1207,77,1,16,18
Fall 2019,green,0,time_period_03,place-alsgr,1028,818,77,13,11,125
Fall 2019,green,0,time_period_03,place-armnl,21995,173385,77,286,2252,5568
Fall 2019,green,0,time_period_03,place-babck,291,6728,77,4,87,195
Fall 2019,green,0,time_period_03,place-bckhl,0,398,77,0,5,34
Fall 2019,green,0,time_period_03,place-bcnfd,1306,980,77,17,13,354
Fall 2019,green,0,time_period_03,place-bcnwa,275,1197,77,4,16,48
Fall 2019,green,0,time_period_03,place-bland,485,3674,77,6,48,496
Fall 2019,green,0,time_period_03,place-bndhl,141,215,77,2,3,65
Fall 2019,green,0,time_period_03,place-boyls,29669,47025,77,385,611,7534
Fall 2019,green,0,time_period_03,place-brico,386,1787,77,5,23,177
Fall 2019,green,0,time_period_03,place-brkhl,1189,2365,77,15,31,350
Fall 2019,green,0,time_period_03,place-brmnl,178,14986,77,2,195,105
Fall 2019,green,0,time_period_03,place-bucen,373,5072,77,5,66,404
Fall 2019,green,0,time_period_03,place-buest,344,2686,77,4,35,465
Fall 2019,green,0,time_period_03,place-buwst,130,2950,77,2,38,368
Fall 2019,green,0,time_period_03,place-bvmnl,3182,6568,77,41,85,365
Fall 2019,green,0,time_period_03,place-chhil,461,4176,77,6,54,311
Fall 2019,green,0,time_period_03,place-chill,78,2293,77,1,30,34
Fall 2019,green,0,time_period_06,place-coecl,110914,136994,77,1440,1779,4780
Fall 2019,green,0,time_period_06,place-cool,6180,22956,77,80,298,590
Fall 2019,green,0,time_period_06,place-denrd,82,4551,77,1,59,161
Fall 2019,green,0,time_period_06,place-eliot,122,4592,77,2,60,518
Fall 2019,green,0,time_period_06,place-engav,0,9132,77,0,119,43
Fall 2019,green,0,time_period_06,place-fbkst,195,5362,77,3,70,383
Fall 2019,green,0,time_period_06,place-fenwd,484,5444,77,6,71,338
Fall 2019,green,0,time_period_06,place-fenwy,4058,10898,77,53,142,1403
Fall 2019,green,0,time_period_06,place-gover,217400,40465,77,2823,526,5412
Fall 2019,green,0,time_period_06,place-grigg,964,11147,77,13,145,647
Fall 2019,green,0,time_period_06,place-haecl,68507,24342,77,890,316,3114
Fall 2019,green,0,time_period_06,place-harvd,4961,29522,77,64,383,779
Fall 2019,green,0,time_period_06,place-hsmnl,0,5638,77,0,73,0
Fall 2019,green,0,time_period_06,place-hwsst,739,2478,77,10,32,882
Fall 2019,green,0,time_period_06,place-hymnl,69189,100618,77,899,1307,5381
Fall 2019,green,0,time_period_06,place-kencl,37023,149123,77,481,1937,1308
Fall 2019,green,0,time_period_06,place-kntst,711,2142,77,9,28,864
Fall 2019,green,0,time_period_06,place-lake,0,2463,77,0,32,0
Fall 2019,green,0,time_period_06,place-lech,125015,0,77,1624,0,1624
Fall 2019,green,0,time_period_06,place-lngmd,1275,11172,77,17,145,520
Fall 2019,green,0,time_period_06,place-longw,7082,6802,77,92,88,1406
Fall 2019,green,0,time_period_06,place-mfa,1214,9202,77,16,120,648
Fall 2019,green,0,time_period_06,place-mispk,197,8996,77,3,117,223
Fall 2019,green,0,time_period_06,place-newtn,339,8459,77,4,110,576
Fall 2019,green,0,time_period_06,place-newto,663,8133,77,9,106,681
Fall 2019,green,0,time_period_06,place-north,94373,17351,77,1226,225,2541
Fall 2019,green,0,time_period_06,place-nuniv,3516,19278,77,46,250,752
Fall 2019,green,0,time_period_06,place-pktrm,344688,187271,77,4476,2432,7456
Fall 2019,green,0,time_period_06,place-plsgr,1293,4487,77,17,58,1344
Fall 2019,green,0,time_period_06,place-prmnl,8391,38814,77,109,504,1358
Fall 2019,green,0,time_period_06,place-river,0,8061,77,0,105,0
Fall 2019,green,0,time_period_06,place-rsmnl,1556,18190,77,20,236,833
Fall 2019,green,0,time_period_06,place-rvrwy,137,8669,77,2,113,113
Fall 2019,green,0,time_period_06,place-smary,3967,9465,77,52,123,905
Fall 2019,green,0,time_period_06,place-sougr,0,2329,77,0,30,32
Fall 2019,green,0,time_period_06,place-spmnl,111340,117743,77,1446,1529,1540
Fall 2019,green,0,time_period_06,place-sthld,181,5103,77,2,66,185
Fall 2019,green,0,time_period_06,place-stplb,1576,4985,77,20,65,1385
Fall 2019,green,0,time_period_06,place-stpul,638,4921,77,8,64,808
Fall 2019,green,0,time_period_06,place-sumav,992,8668,77,13,113,490
Fall 2019,green,0,time_period_06,place-symcl,5227,36120,77,68,469,957
Fall 2019,green,0,time_period_06,place-tapst,429,6119,77,6,79,219
Fall 2019,green,0,time_period_06,place-waban,171,3207,77,2,42,478
Fall 2019,green,0,time_period_06,place-wascm,1217,10887,77,16,141,249
Fall 2019,green,0,time_period_03,place-chswk,71,1156,77,1,15,63
Fall 2019,green,0,time_period_06,place-woodl,10,4603,77,0,60,419
Fall 2019,green,0,time_period_06,place-wrnst,770,12877,77,10,167,375
Fall 2019,green,0,time_period_07,place-alsgr,745,9213,77,10,120,467
Fall 2019,green,0,time_period_07,place-armnl,33369,27154,77,433,353,4756
Fall 2019,green,0,time_period_07,place-babck,1406,8919,77,18,116,1077
Fall 2019,green,0,time_period_07,place-bckhl,0,2104,77,0,27,47
Fall 2019,green,0,time_period_03,place-clmnl,0,731,77,0,9,0
Fall 2019,green,0,time_period_03,place-coecl,55481,156773,77,721,2036,2505
Fall 2019,green,0,time_period_03,place-cool,1009,5445,77,13,71,77
Fall 2019,green,0,time_period_03,place-denrd,18,563,77,0,7,31
Fall 2019,green,0,time_period_03,place-eliot,208,916,77,3,12,183
Fall 2019,green,0,time_period_03,place-engav,0,1676,77,0,22,9
Fall 2019,green,0,time_period_03,place-fbkst,168,601,77,2,8,59
Fall 2019,green,0,time_period_03,place-fenwd,41,2266,77,1,29,76
Fall 2019,green,0,time_period_03,place-fenwy,1786,8451,77,23,110,511
Fall 2019,green,0,time_period_03,place-gover,201505,35643,77,2617,463,5919
Fall 2019,green,0,time_period_03,place-grigg,939,1292,77,12,17,122
Fall 2019,green,0,time_period_03,place-haecl,73821,11682,77,959,152,3765
Fall 2019,green,0,time_period_03,place-harvd,1525,5393,77,20,70,127
Fall 2019,green,0,time_period_03,place-hsmnl,0,2626,77,0,34,0
Fall 2019,green,0,time_period_03,place-hwsst,102,1510,77,1,20,155
Fall 2019,green,0,time_period_03,place-hymnl,11841,50120,77,154,651,2386
Fall 2019,green,0,time_period_03,place-kencl,14351,90522,77,186,1176,466
Fall 2019,green,0,time_period_03,place-kntst,132,1019,77,2,13,143
Fall 2019,green,0,time_period_03,place-lake,0,2049,77,0,27,0
Fall 2019,green,0,time_period_03,place-lech,93905,0,77,1220,0,1220
Fall 2019,green,0,time_period_03,place-lngmd,451,14022,77,6,182,297
Fall 2019,green,0,time_period_03,place-longw,1686,9537,77,22,124,409
Fall 2019,green,0,time_period_03,place-mfa,388,5408,77,5,70,473
Fall 2019,green,0,time_period_04,place-babck,1003,8524,77,13,111,527
Fall 2019,green,0,time_period_03,place-mispk,59,1464,77,1,19,57
Fall 2019,green,0,time_period_03,place-newtn,435,6642,77,6,86,192
Fall 2019,green,0,time_period_03,place-newto,429,3362,77,6,44,272
Fall 2019,green,0,time_period_03,place-north,154310,4959,77,2004,64,2958
Fall 2019,green,0,time_period_03,place-nuniv,990,8848,77,13,115,538
Fall 2019,green,0,time_period_03,place-pktrm,290016,148280,77,3766,1926,7760
Fall 2019,green,0,time_period_03,place-plsgr,190,3342,77,2,43,279
Fall 2019,green,0,time_period_03,place-prmnl,3273,51145,77,43,664,748
Fall 2019,green,0,time_period_03,place-river,0,2810,77,0,36,0
Fall 2019,green,0,time_period_03,place-rsmnl,3783,3441,77,49,45,359
Fall 2019,green,0,time_period_03,place-rvrwy,47,1446,77,1,19,39
Fall 2019,green,0,time_period_03,place-smary,542,7392,77,7,96,173
Fall 2019,green,0,time_period_03,place-sougr,4,609,77,0,8,27
Fall 2019,green,0,time_period_03,place-spmnl,68846,84331,77,894,1095,1018
Fall 2019,green,0,time_period_03,place-sthld,178,442,77,2,6,77
Fall 2019,green,0,time_period_03,place-stplb,164,3857,77,2,50,320
Fall 2019,green,0,time_period_03,place-stpul,200,834,77,3,11,135
Fall 2019,green,0,time_period_03,place-sumav,479,1348,77,6,18,66
Fall 2019,green,0,time_period_03,place-symcl,2547,10814,77,33,140,640
Fall 2019,green,0,time_period_03,place-tapst,71,777,77,1,10,38
Fall 2019,green,0,time_period_03,place-waban,166,713,77,2,9,176
Fall 2019,green,0,time_period_03,place-wascm,936,1834,77,12,24,81
Fall 2019,green,0,time_period_03,place-woodl,0,2281,77,0,30,146
Fall 2019,green,0,time_period_03,place-wrnst,874,3367,77,11,44,92
Fall 2019,green,0,time_period_04,place-alsgr,1055,3560,77,14,46,243
Fall 2019,green,0,time_period_04,place-armnl,37432,126438,77,486,1642,6702
Fall 2019,green,0,time_period_01,place-river,0,184,77,0,2,0
Fall 2019,green,0,time_period_04,place-bckhl,0,1134,77,0,15,49
Fall 2019,green,0,time_period_01,place-rsmnl,63,358,77,1,5,40
Fall 2019,green,0,time_period_04,place-bcnfd,1093,3052,77,14,40,439
Fall 2019,green,0,time_period_01,place-rvrwy,8,125,77,0,2,4
Fall 2019,green,0,time_period_04,place-bcnwa,239,2893,77,3,38,101
Fall 2019,green,0,time_period_04,place-bland,4078,6473,77,53,84,823
Fall 2019,green,0,time_period_04,place-bndhl,204,789,77,3,10,154
Fall 2019,green,0,time_period_04,place-boyls,60660,56487,77,788,734,7858
Fall 2019,green,0,time_period_04,place-brico,2201,6702,77,29,87,468
Fall 2019,green,0,time_period_04,place-brkhl,1083,3445,77,14,45,465
Fall 2019,green,0,time_period_04,place-brmnl,558,13858,77,7,180,213
Fall 2019,green,0,time_period_04,place-bucen,4301,7608,77,56,99,769
Fall 2019,green,0,time_period_04,place-buest,4418,5283,77,57,69,812
Fall 2019,green,0,time_period_04,place-buwst,1144,4195,77,15,54,729
Fall 2019,green,0,time_period_04,place-bvmnl,3763,10633,77,49,138,496
Fall 2019,green,0,time_period_04,place-chhil,520,4137,77,7,54,348
Fall 2019,green,0,time_period_04,place-chill,178,2415,77,2,31,53
Fall 2019,green,0,time_period_04,place-chswk,124,3386,77,2,44,82
Fall 2019,green,0,time_period_04,place-clmnl,0,1624,77,0,21,0
Fall 2019,green,0,time_period_04,place-coecl,69808,165066,77,907,2144,3282
Fall 2019,green,0,time_period_04,place-cool,3439,13320,77,45,173,202
Fall 2019,green,0,time_period_04,place-denrd,43,1354,77,1,18,58
Fall 2019,green,0,time_period_04,place-eliot,87,1627,77,1,21,199
Fall 2019,green,0,time_period_04,place-engav,1,2860,77,0,37,21
Fall 2019,green,0,time_period_04,place-fbkst,199,1624,77,3,21,135
Fall 2019,green,0,time_period_04,place-fenwd,185,3831,77,2,50,165
Fall 2019,green,0,time_period_04,place-fenwy,3402,10781,77,44,140,654
Fall 2019,green,0,time_period_04,place-gover,205316,36182,77,2666,470,5447
Fall 2019,green,0,time_period_04,place-grigg,1116,4190,77,14,54,275
Fall 2019,green,0,time_period_04,place-haecl,85967,14887,77,1116,193,3251
Fall 2019,green,0,time_period_04,place-harvd,3496,15304,77,45,199,315
Fall 2019,green,0,time_period_04,place-hsmnl,0,3744,77,0,49,0
Fall 2019,green,0,time_period_04,place-hwsst,408,2158,77,5,28,363
Fall 2019,green,0,time_period_04,place-hymnl,28757,82657,77,373,1073,3132
Fall 2019,green,0,time_period_04,place-kencl,26587,107167,77,345,1392,695
Fall 2019,green,0,time_period_04,place-kntst,495,1478,77,6,19,350
Fall 2019,green,0,time_period_04,place-lake,0,2647,77,0,34,0
Fall 2019,green,0,time_period_04,place-lech,83305,0,77,1082,0,1082
Fall 2019,green,0,time_period_04,place-lngmd,1041,14497,77,14,188,385
Fall 2019,green,0,time_period_04,place-longw,3093,8449,77,40,110,585
Fall 2019,green,0,time_period_04,place-mfa,850,8969,77,11,116,560
Fall 2019,green,0,time_period_04,place-mispk,121,4160,77,2,54,113
Fall 2019,green,0,time_period_04,place-newtn,379,6288,77,5,82,219
Fall 2019,green,0,time_period_04,place-newto,607,4633,77,8,60,296
Fall 2019,green,0,time_period_04,place-north,103735,5787,77,1347,75,2328
Fall 2019,green,0,time_period_04,place-nuniv,2402,15992,77,31,208,666
Fall 2019,green,0,time_period_04,place-pktrm,336965,155514,77,4376,2020,7804
Fall 2019,green,0,time_period_04,place-plsgr,865,4988,77,11,65,625
Fall 2019,green,0,time_period_04,place-prmnl,6030,47940,77,78,623,1089
Fall 2019,green,0,time_period_04,place-river,0,2667,77,0,35,0
Fall 2019,green,0,time_period_04,place-rsmnl,3096,6529,77,40,85,395
Fall 2019,green,0,time_period_01,place-smary,0,364,77,0,5,7
Fall 2019,green,0,time_period_01,place-sougr,0,14,77,0,0,1
Fall 2019,green,0,time_period_01,place-spmnl,322,708,77,4,9,73
Fall 2019,green,0,time_period_01,place-sthld,0,11,77,0,0,2
Fall 2019,green,0,time_period_01,place-stplb,0,58,77,0,1,11
Fall 2019,green,0,time_period_01,place-stpul,0,4,77,0,0,6
Fall 2019,green,0,time_period_01,place-sumav,0,42,77,0,1,2
Fall 2019,green,0,time_period_01,place-symcl,235,984,77,3,13,64
Fall 2019,green,0,time_period_01,place-tapst,0,30,77,0,0,2
Fall 2019,green,0,time_period_01,place-waban,0,27,77,0,0,17
Fall 2019,green,0,time_period_01,place-wascm,0,94,77,0,1,2
Fall 2019,green,0,time_period_01,place-woodl,0,582,77,0,8,10
Fall 2019,green,0,time_period_01,place-wrnst,0,75,77,0,1,3
Fall 2019,green,0,time_period_02,place-alsgr,126,229,77,2,3,33
Fall 2019,green,0,time_period_02,place-armnl,4241,25824,77,55,335,1304
Fall 2019,green,0,time_period_02,place-babck,14,735,77,0,10,47
Fall 2019,green,0,time_period_02,place-bckhl,0,122,77,0,2,17
Fall 2019,green,0,time_period_02,place-bcnfd,133,267,77,2,3,127
Fall 2019,green,0,time_period_02,place-bcnwa,2,331,77,0,4,14
Fall 2019,green,0,time_period_02,place-bland,54,319,77,1,4,78
Fall 2019,green,0,time_period_02,place-bndhl,13,43,77,0,1,19
Fall 2019,green,0,time_period_02,place-boyls,5077,10801,77,66,140,1585
Fall 2019,green,0,time_period_02,place-brico,41,285,77,1,4,44
Fall 2019,green,0,time_period_02,place-brkhl,76,523,77,1,7,128
Fall 2019,green,0,time_period_02,place-brmnl,16,6333,77,0,82,40
Fall 2019,green,0,time_period_02,place-bucen,46,420,77,1,5,70
Fall 2019,green,0,time_period_02,place-buest,34,292,77,0,4,75
Fall 2019,green,0,time_period_02,place-buwst,16,338,77,0,4,66
Fall 2019,green,0,time_period_02,place-bvmnl,1113,1245,77,14,16,134
Fall 2019,green,0,time_period_02,place-chhil,73,1088,77,1,14,114
Fall 2019,green,0,time_period_02,place-chill,22,468,77,0,6,4
Fall 2019,green,0,time_period_02,place-chswk,7,159,77,0,2,10
Fall 2019,green,0,time_period_02,place-clmnl,0,263,77,0,3,0
Fall 2019,green,0,time_period_02,place-coecl,6807,27513,77,88,357,601
Fall 2019,green,0,time_period_02,place-cool,101,1548,77,1,20,24
Fall 2019,green,0,time_period_02,place-denrd,0,106,77,0,1,9
Fall 2019,green,0,time_period_02,place-eliot,14,356,77,0,5,64
Fall 2019,green,0,time_period_02,place-engav,0,400,77,0,5,3
Fall 2019,green,0,time_period_02,place-fbkst,15,123,77,0,2,18
Fall 2019,green,0,time_period_02,place-fenwd,10,638,77,0,8,32
Fall 2019,green,0,time_period_02,place-fenwy,186,1162,77,2,15,167
Fall 2019,green,0,time_period_02,place-gover,73436,5582,77,954,72,1631
Fall 2019,green,0,time_period_02,place-grigg,106,371,77,1,5,34
Fall 2019,green,0,time_period_02,place-haecl,27995,2636,77,364,34,750
Fall 2019,green,0,time_period_02,place-harvd,471,997,77,6,13,37
Fall 2019,green,0,time_period_02,place-hsmnl,0,1292,77,0,17,0
Fall 2019,green,0,time_period_02,place-hwsst,4,537,77,0,7,47
Fall 2019,green,0,time_period_07,place-bcnfd,233,5949,77,3,77,513
Fall 2019,green,0,time_period_07,place-bcnwa,372,5726,77,5,74,251
Fall 2019,green,0,time_period_10,place-bland,785,2073,12,65,173,3472
Fall 2019,green,0,time_period_07,place-bland,3628,3918,77,47,51,1187
Fall 2019,green,0,time_period_07,place-bndhl,84,2862,77,1,37,373
Fall 2019,green,0,time_period_10,place-bndhl,8,463,12,1,39,685
Fall 2019,green,0,time_period_07,place-boyls,71502,26920,77,929,350,4675
Fall 2019,green,0,time_period_10,place-boyls,47713,24834,12,3976,2070,24640
Fall 2019,green,0,time_period_10,place-brico,1490,4312,12,124,359,2417
Fall 2019,green,0,time_period_10,place-brkhl,99,859,12,8,72,811
Fall 2019,green,0,time_period_07,place-brico,3348,10766,77,43,140,981
Fall 2019,green,0,time_period_10,place-brmnl,247,5184,12,21,432,1152
Fall 2019,green,0,time_period_08,place-lech,13499,0,77,175,0,175
Fall 2019,green,0,time_period_10,place-bucen,1620,2225,12,135,185,3344
Fall 2019,green,0,time_period_10,place-buest,845,1776,12,70,148,3394
Fall 2019,green,0,time_period_07,place-brkhl,471,4182,77,6,54,587
Fall 2019,green,0,time_period_10,place-buwst,517,1230,12,43,103,3284
Fall 2019,green,0,time_period_10,place-bvmnl,568,2945,12,47,245,875
Fall 2019,green,0,time_period_08,place-lngmd,143,2938,77,2,38,135
Fall 2019,green,0,time_period_07,place-brmnl,762,7483,77,10,97,328
Fall 2019,green,0,time_period_10,place-chhil,155,754,12,13,63,519
Fall 2019,green,0,time_period_08,place-longw,83,366,77,1,5,75
Fall 2019,green,0,time_period_07,place-bucen,5422,4085,77,70,53,1225
Fall 2019,green,0,time_period_10,place-chill,16,1406,12,1,117,130
Fall 2019,green,0,time_period_08,place-mfa,204,1130,77,3,15,171
Fall 2019,green,0,time_period_07,place-buest,4504,2986,77,58,39,1207
Fall 2019,green,0,time_period_11,place-longw,310,1269,8,39,159,1541
Fall 2019,green,0,time_period_10,place-chswk,23,2261,12,2,188,246
Fall 2019,green,0,time_period_08,place-mispk,7,2742,77,0,36,55
Fall 2019,green,0,time_period_07,place-buwst,2164,2382,77,28,31,1222
Fall 2019,green,0,time_period_11,place-mfa,283,2603,8,35,325,1782
Fall 2019,green,0,time_period_10,place-clmnl,0,1517,12,0,126,0
Fall 2019,green,0,time_period_10,place-coecl,38172,64888,12,3181,5407,12933
Fall 2019,green,0,time_period_10,place-cool,1510,6573,12,126,548,833
Fall 2019,green,0,time_period_10,place-denrd,8,1036,12,1,86,293
Fall 2019,green,0,time_period_10,place-eliot,26,356,12,2,30,368
Fall 2019,green,0,time_period_10,place-engav,0,1993,12,0,166,126
Fall 2019,green,0,time_period_10,place-fbkst,19,760,12,2,63,623
Fall 2019,green,0,time_period_10,place-fenwd,62,2208,12,5,184,974
Fall 2019,green,0,time_period_10,place-fenwy,683,2514,12,57,210,1178
Fall 2019,green,0,time_period_10,place-gover,111244,20412,12,9270,1701,17612
Fall 2019,green,0,time_period_10,place-grigg,468,3653,12,39,304,1300
Fall 2019,green,0,time_period_10,place-haecl,45789,9434,12,3816,786,10043
Fall 2019,green,0,time_period_10,place-harvd,2186,12400,12,182,1033,1566
Fall 2019,green,0,time_period_10,place-hsmnl,0,2225,12,0,185,0
Fall 2019,green,0,time_period_10,place-hwsst,63,528,12,5,44,1396
Fall 2019,green,0,time_period_10,place-hymnl,25974,50530,12,2165,4211,13082
Fall 2019,green,0,time_period_10,place-kencl,14076,92215,12,1173,7685,2190
Fall 2019,green,0,time_period_10,place-kntst,26,605,12,2,50,1347
Fall 2019,green,0,time_period_10,place-lake,0,811,12,0,68,0
Fall 2019,green,0,time_period_10,place-lech,46120,0,12,3843,0,3843
Fall 2019,green,0,time_period_10,place-lngmd,266,6016,12,22,501,1564
Fall 2019,green,0,time_period_10,place-longw,260,1526,12,22,127,1073
Fall 2019,green,0,time_period_10,place-mfa,341,4533,12,28,378,2043
Fall 2019,green,0,time_period_10,place-mispk,27,3893,12,2,324,651
Fall 2019,green,0,time_period_10,place-newtn,14,786,12,1,66,396
Fall 2019,green,0,time_period_10,place-newto,68,774,12,6,65,460
Fall 2019,green,0,time_period_10,place-north,42277,3330,12,3523,277,7013
Fall 2019,green,0,time_period_10,place-nuniv,1194,11845,12,100,987,2392
Fall 2019,green,0,time_period_10,place-pktrm,133739,72286,12,11145,6024,22733
Fall 2019,green,0,time_period_10,place-plsgr,443,2537,12,37,211,2996
Fall 2019,green,0,time_period_10,place-prmnl,4351,25818,12,363,2152,4556
Fall 2019,green,0,time_period_10,place-river,0,880,12,0,73,0
Fall 2019,green,0,time_period_10,place-rsmnl,334,1878,12,28,157,569
Fall 2019,green,0,time_period_10,place-rvrwy,41,4419,12,3,368,287
Fall 2019,green,0,time_period_10,place-smary,946,3660,12,79,305,1434
Fall 2019,green,0,time_period_10,place-sougr,4,750,12,0,63,68
Fall 2019,green,0,time_period_10,place-spmnl,33849,34758,12,2821,2897,3768
Fall 2019,green,0,time_period_08,place-newtn,5,237,77,0,3,43
Fall 2019,green,0,time_period_07,place-bvmnl,1704,8665,77,22,113,635
Fall 2019,green,0,time_period_11,place-mispk,18,2398,8,2,300,539
Fall 2019,green,0,time_period_08,place-newto,14,233,77,0,3,46
Fall 2019,green,0,time_period_07,place-chhil,272,3018,77,4,39,355
Fall 2019,green,0,time_period_11,place-newtn,26,815,8,3,102,563
Fall 2019,green,0,time_period_08,place-north,49616,1008,77,644,13,815
Fall 2019,green,0,time_period_07,place-chill,250,3020,77,3,39,46
Fall 2019,green,0,time_period_11,place-newto,45,963,8,6,120,662
Fall 2019,green,0,time_period_08,place-nuniv,998,5461,77,13,71,183
Fall 2019,green,0,time_period_07,place-chswk,122,5229,77,2,68,82
Fall 2019,green,0,time_period_11,place-north,21242,1828,8,2655,229,4954
Fall 2019,green,0,time_period_08,place-pktrm,39960,42220,77,519,548,1011
Fall 2019,green,0,time_period_07,place-clmnl,0,3640,77,0,47,0
Fall 2019,green,0,time_period_11,place-nuniv,847,9460,8,106,1183,2072
Fall 2019,green,0,time_period_08,place-plsgr,599,793,77,8,10,344
Fall 2019,green,0,time_period_07,place-coecl,75332,65560,77,978,851,3056
Fall 2019,green,0,time_period_11,place-pktrm,81593,43557,8,10199,5445,17969
Fall 2019,green,0,time_period_08,place-prmnl,1305,5472,77,17,71,309
Fall 2019,green,0,time_period_07,place-cool,5531,15065,77,72,196,473
Fall 2019,green,0,time_period_11,place-plsgr,383,1587,8,48,198,2843
Fall 2019,green,0,time_period_08,place-river,0,676,77,0,9,0
Fall 2019,green,0,time_period_07,place-denrd,29,4225,77,0,55,140
Fall 2019,green,0,time_period_11,place-prmnl,2468,10318,8,309,1290,3927
Fall 2019,green,0,time_period_08,place-rsmnl,43,587,77,1,8,52
Fall 2019,green,0,time_period_07,place-eliot,22,2376,77,0,31,241
Fall 2019,green,0,time_period_11,place-river,0,816,8,0,102,0
Fall 2019,green,0,time_period_08,place-rvrwy,19,2572,77,0,33,22
Fall 2019,green,0,time_period_08,place-smary,677,2383,77,9,31,161
Fall 2019,green,0,time_period_08,place-sougr,0,449,77,0,6,7
Fall 2019,green,0,time_period_08,place-spmnl,13061,12445,77,170,162,183
Fall 2019,green,0,time_period_08,place-sthld,22,1460,77,0,19,43
Fall 2019,green,0,time_period_08,place-stplb,393,589,77,5,8,346
Fall 2019,green,0,time_period_08,place-stpul,83,707,77,1,9,142
Fall 2019,green,0,time_period_08,place-sumav,93,996,77,1,13,100
Fall 2019,green,0,time_period_08,place-symcl,1390,6578,77,18,85,241
Fall 2019,green,0,time_period_08,place-tapst,38,945,77,0,12,54
Fall 2019,green,0,time_period_08,place-waban,0,108,77,0,1,39
Fall 2019,green,0,time_period_08,place-wascm,101,2704,77,1,35,62
Fall 2019,green,0,time_period_08,place-woodl,0,308,77,0,4,35
Fall 2019,green,0,time_period_08,place-wrnst,108,2486,77,1,32,96
Fall 2019,green,0,time_period_09,place-alsgr,13,443,77,0,6,23
Fall 2019,green,0,time_period_09,place-armnl,925,704,77,12,9,176
Fall 2019,green,0,time_period_09,place-babck,69,473,77,1,6,59
Fall 2019,green,0,time_period_09,place-bckhl,0,67,77,0,1,1
Fall 2019,green,0,time_period_09,place-bcnfd,0,43,77,0,1,6
Fall 2019,green,0,time_period_09,place-bcnwa,7,278,77,0,4,12
Fall 2019,green,0,time_period_09,place-bland,89,228,77,1,3,64
Fall 2019,green,0,time_period_09,place-bndhl,0,125,77,0,2,17
Fall 2019,green,0,time_period_09,place-boyls,3445,709,77,45,9,173
Fall 2019,green,0,time_period_09,place-brico,44,627,77,1,8,52
Fall 2019,green,0,time_period_09,place-brkhl,0,65,77,0,1,7
Fall 2019,green,0,time_period_09,place-brmnl,16,224,77,0,3,13
Fall 2019,green,0,time_period_09,place-bucen,330,122,77,4,2,67
Fall 2019,green,0,time_period_09,place-buest,151,136,77,2,2,64
Fall 2019,green,0,time_period_09,place-buwst,49,103,77,1,1,66
Fall 2019,green,0,time_period_09,place-bvmnl,0,55,77,0,1,8
Fall 2019,green,0,time_period_09,place-chhil,0,22,77,0,0,5
Fall 2019,green,0,time_period_09,place-chill,0,152,77,0,2,1
Fall 2019,green,0,time_period_09,place-chswk,1,301,77,0,4,3
Fall 2019,green,0,time_period_09,place-clmnl,0,367,77,0,5,0
Fall 2019,green,0,time_period_09,place-coecl,1511,2203,77,20,29,105
Fall 2019,green,0,time_period_09,place-cool,101,383,77,1,5,21
Fall 2019,green,0,time_period_07,place-sougr,0,1824,77,0,24,22
Fall 2019,green,0,time_period_07,place-engav,4,7156,77,0,93,47
Fall 2019,green,0,time_period_07,place-fbkst,115,4182,77,1,54,320
Fall 2019,green,0,time_period_07,place-fenwd,245,4479,77,3,58,273
Fall 2019,green,0,time_period_07,place-fenwy,3160,6269,77,41,81,727
Fall 2019,green,0,time_period_07,place-gover,90845,28187,77,1180,366,2844
Fall 2019,green,0,time_period_07,place-grigg,1089,9706,77,14,126,577
Fall 2019,green,0,time_period_07,place-haecl,49892,12393,77,648,161,2031
Fall 2019,green,0,time_period_07,place-harvd,4626,27109,77,60,352,689
Fall 2019,green,0,time_period_07,place-hsmnl,0,3657,77,0,47,0
Fall 2019,green,0,time_period_07,place-spmnl,59114,57600,77,768,748,820
Fall 2019,green,0,time_period_07,place-hwsst,349,2327,77,5,30,651
Fall 2019,green,0,time_period_07,place-sthld,192,4977,77,2,65,148
Fall 2019,green,0,time_period_07,place-hymnl,58027,60598,77,754,787,3637
Fall 2019,green,0,time_period_07,place-stplb,1767,3447,77,23,45,1200
Fall 2019,green,0,time_period_07,place-stpul,405,3536,77,5,46,597
Fall 2019,green,0,time_period_07,place-kencl,30166,102863,77,392,1336,898
Fall 2019,green,0,time_period_07,place-sumav,786,5671,77,10,74,409
Fall 2019,green,0,time_period_07,place-symcl,4446,27117,77,58,352,709
Fall 2019,green,0,time_period_07,place-kntst,445,1502,77,6,20,637
Fall 2019,green,0,time_period_07,place-tapst,338,4667,77,4,61,195
Fall 2019,green,0,time_period_07,place-lake,0,1704,77,0,22,0
Fall 2019,green,0,time_period_07,place-waban,61,1173,77,1,15,226
Fall 2019,green,0,time_period_07,place-wascm,726,10354,77,9,134,210
Fall 2019,green,0,time_period_07,place-lech,61608,0,77,800,0,800
Fall 2019,green,0,time_period_07,place-woodl,0,2298,77,0,30,196
Fall 2019,green,0,time_period_07,place-lngmd,750,9623,77,10,125,415
Fall 2019,green,0,time_period_11,place-rsmnl,408,1723,8,51,215,877
Fall 2019,green,0,time_period_07,place-wrnst,465,10606,77,6,138,335
Fall 2019,green,0,time_period_08,place-alsgr,97,2735,77,1,36,127
Fall 2019,green,0,time_period_08,place-armnl,7460,8617,77,97,112,1206
Fall 2019,green,0,time_period_08,place-babck,391,2388,77,5,31,318
Fall 2019,green,0,time_period_08,place-bckhl,0,531,77,0,7,15
Fall 2019,green,0,time_period_08,place-bcnfd,5,459,77,0,6,59
Fall 2019,green,0,time_period_08,place-bcnwa,39,1254,77,1,16,66
Fall 2019,green,0,time_period_08,place-bland,776,1069,77,10,14,343
Fall 2019,green,0,time_period_08,place-bndhl,4,828,77,0,11,90
Fall 2019,green,0,time_period_08,place-boyls,22534,6407,77,293,83,1221
Fall 2019,green,0,time_period_08,place-brico,638,2843,77,8,37,289
Fall 2019,green,0,time_period_08,place-brkhl,10,381,77,0,5,65
Fall 2019,green,0,time_period_08,place-brmnl,126,2268,77,2,29,107
Fall 2019,green,0,time_period_08,place-bucen,1676,1082,77,22,14,349
Fall 2019,green,0,time_period_08,place-buest,800,924,77,10,12,341
Fall 2019,green,0,time_period_08,place-buwst,580,597,77,8,8,349
Fall 2019,green,0,time_period_08,place-bvmnl,61,460,77,1,6,70
Fall 2019,green,0,time_period_08,place-chhil,4,240,77,0,3,49
Fall 2019,green,0,time_period_08,place-chill,20,1059,77,0,14,12
Fall 2019,green,0,time_period_08,place-chswk,4,1355,77,0,18,26
Fall 2019,green,0,time_period_08,place-clmnl,0,942,77,0,12,0
Fall 2019,green,0,time_period_08,place-coecl,11379,15300,77,148,199,685
Fall 2019,green,0,time_period_08,place-cool,575,2874,77,7,37,112
Fall 2019,green,0,time_period_08,place-denrd,5,1370,77,0,18,36
Fall 2019,green,0,time_period_08,place-eliot,1,220,77,0,3,41
Fall 2019,green,0,time_period_08,place-engav,0,1836,77,0,24,12
Fall 2019,green,0,time_period_08,place-fbkst,6,654,77,0,8,81
Fall 2019,green,0,time_period_08,place-fenwd,38,1319,77,0,17,90
Fall 2019,green,0,time_period_08,place-fenwy,82,392,77,1,5,79
Fall 2019,green,0,time_period_08,place-gover,22532,17409,77,293,226,1041
Fall 2019,green,0,time_period_08,place-grigg,150,3010,77,2,39,161
Fall 2019,green,0,time_period_08,place-haecl,16160,3886,77,210,50,974
Fall 2019,green,0,time_period_08,place-harvd,1307,8311,77,17,108,198
Fall 2019,green,0,time_period_08,place-hsmnl,0,1142,77,0,15,0
Fall 2019,green,0,time_period_08,place-hwsst,43,621,77,1,8,153
Fall 2019,green,0,time_period_08,place-hymnl,14716,12348,77,191,160,823
Fall 2019,green,0,time_period_08,place-kencl,8223,24422,77,107,317,204
Fall 2019,green,0,time_period_08,place-kntst,76,295,77,1,4,150
Fall 2019,green,0,time_period_08,place-lake,0,507,77,0,7,0
Fall 2019,green,0,time_period_09,place-denrd,0,207,77,0,3,7
Fall 2019,green,0,time_period_07,place-longw,4398,4514,77,57,59,726
Fall 2019,green,0,time_period_09,place-eliot,0,23,77,0,0,4
Fall 2019,green,0,time_period_07,place-mfa,895,4742,77,12,62,530
Fall 2019,green,0,time_period_09,place-engav,0,150,77,0,2,5
Fall 2019,green,0,time_period_07,place-mispk,93,7456,77,1,97,177
Fall 2019,green,0,time_period_09,place-fbkst,0,137,77,0,2,15
Fall 2019,green,0,time_period_07,place-newtn,147,3550,77,2,46,271
Fall 2019,green,0,time_period_09,place-fenwd,2,128,77,0,2,11
Fall 2019,green,0,time_period_07,place-newto,342,3359,77,4,44,315
Fall 2019,green,0,time_period_09,place-fenwy,2,66,77,0,1,9
Fall 2019,green,0,time_period_07,place-north,62662,6923,77,814,90,1544
Fall 2019,green,0,time_period_09,place-gover,4213,2230,77,55,29,113
Fall 2019,green,0,time_period_07,place-nuniv,4186,14127,77,54,183,580
Fall 2019,green,0,time_period_09,place-grigg,28,522,77,0,7,29
Fall 2019,green,0,time_period_09,place-haecl,1592,410,77,21,5,87
Fall 2019,green,0,time_period_07,place-pktrm,197820,101444,77,2569,1317,4096
Fall 2019,green,0,time_period_09,place-harvd,209,1455,77,3,19,35
Fall 2019,green,0,time_period_07,place-plsgr,1759,3693,77,23,48,1175
Fall 2019,green,0,time_period_09,place-hsmnl,0,113,77,0,1,0
Fall 2019,green,0,time_period_07,place-prmnl,6738,22788,77,88,296,1004
Fall 2019,green,0,time_period_09,place-hwsst,1,99,77,0,1,26
Fall 2019,green,0,time_period_07,place-river,0,3780,77,0,49,0
Fall 2019,green,0,time_period_09,place-hymnl,2678,2078,77,35,27,134
Fall 2019,green,0,time_period_09,place-kencl,1471,3521,77,19,46,36
Fall 2019,green,0,time_period_09,place-kntst,16,33,77,0,0,26
Fall 2019,green,0,time_period_09,place-lake,0,22,77,0,0,0
Fall 2019,green,0,time_period_09,place-lech,1006,0,77,13,0,13
Fall 2019,green,0,time_period_09,place-lngmd,24,441,77,0,6,15
Fall 2019,green,0,time_period_09,place-longw,1,24,77,0,0,8
Fall 2019,green,0,time_period_09,place-mfa,46,150,77,1,2,21
Fall 2019,green,0,time_period_09,place-mispk,2,336,77,0,4,7
Fall 2019,green,0,time_period_09,place-newtn,0,40,77,0,1,4
Fall 2019,green,0,time_period_09,place-newto,0,21,77,0,0,5
Fall 2019,green,0,time_period_09,place-north,4274,98,77,56,1,72
Fall 2019,green,0,time_period_09,place-nuniv,181,727,77,2,9,22
Fall 2019,green,0,time_period_09,place-pktrm,5901,3993,77,77,52,138
Fall 2019,green,0,time_period_09,place-plsgr,46,141,77,1,2,64
Fall 2019,green,0,time_period_09,place-prmnl,129,548,77,2,7,36
Fall 2019,green,0,time_period_09,place-river,0,60,77,0,1,0
Fall 2019,green,0,time_period_09,place-rsmnl,0,84,77,0,1,5
Fall 2019,green,0,time_period_09,place-rvrwy,0,346,77,0,4,2
Fall 2019,green,0,time_period_09,place-smary,77,410,77,1,5,27
Fall 2019,green,0,time_period_09,place-sougr,0,62,77,0,1,0
Fall 2019,green,0,time_period_09,place-spmnl,1097,759,77,14,10,17
Fall 2019,green,0,time_period_09,place-sthld,0,300,77,0,4,7
Fall 2019,green,0,time_period_09,place-stplb,37,98,77,0,1,66
Fall 2019,green,0,time_period_09,place-stpul,17,128,77,0,2,24
Fall 2019,green,0,time_period_09,place-sumav,0,130,77,0,2,19
Fall 2019,green,0,time_period_09,place-symcl,224,720,77,3,9,29
Fall 2019,green,0,time_period_09,place-tapst,1,193,77,0,3,9
Fall 2019,green,0,time_period_09,place-waban,0,5,77,0,0,4
Fall 2019,green,0,time_period_09,place-wascm,6,523,77,0,7,11
Fall 2019,green,0,time_period_09,place-woodl,0,50,77,0,1,3
Fall 2019,green,0,time_period_09,place-wrnst,6,451,77,0,6,18
Fall 2019,green,0,time_period_10,place-alsgr,246,2605,12,21,217,1104
Fall 2019,green,0,time_period_10,place-armnl,22700,33979,12,1892,2832,23700
Fall 2019,green,0,time_period_10,place-babck,615,4738,12,51,395,2652
Fall 2019,green,0,time_period_10,place-bckhl,0,1213,12,0,101,185
Fall 2019,green,0,time_period_10,place-bcnfd,38,1404,12,3,117,698
Fall 2019,green,0,time_period_10,place-bcnwa,55,1502,12,5,125,502
Fall 2019,green,0,time_period_11,place-rvrwy,22,2300,8,3,288,254
Fall 2019,green,0,time_period_07,place-rsmnl,830,10271,77,11,133,390
Fall 2019,green,0,time_period_07,place-rvrwy,90,7967,77,1,103,75
Fall 2019,green,0,time_period_11,place-smary,750,2249,8,94,281,1310
Fall 2019,green,0,time_period_07,place-smary,3606,8029,77,47,104,677
Fall 2019,green,0,time_period_11,place-sougr,1,690,8,0,86,83
Fall 2019,green,0,time_period_11,place-spmnl,16323,16538,8,2040,2067,2528
Fall 2019,green,0,time_period_11,place-sthld,38,1227,8,5,153,455
Fall 2019,green,0,time_period_11,place-stplb,340,1258,8,43,157,2994
Fall 2019,green,0,time_period_11,place-stpul,94,862,8,12,108,1126
Fall 2019,green,0,time_period_11,place-sumav,134,992,8,17,124,687
Fall 2019,green,0,time_period_11,place-symcl,1706,7933,8,213,992,3148
Fall 2019,green,0,time_period_11,place-tapst,70,1061,8,9,133,363
Fall 2019,green,0,time_period_11,place-waban,8,224,8,1,28,485
Fall 2019,green,0,time_period_11,place-wascm,347,2552,8,43,319,604
Fall 2019,green,0,time_period_11,place-woodl,0,617,8,0,77,408
Fall 2019,green,0,time_period_11,place-wrnst,153,2170,8,19,271,879
Fall 2019,green,0,time_period_10,place-sthld,48,1534,12,4,128,432
Fall 2019,green,0,time_period_10,place-stplb,476,1848,12,40,154,3170
Fall 2019,green,0,time_period_10,place-stpul,49,1156,12,4,96,1255
Fall 2019,green,0,time_period_10,place-sumav,189,1518,12,16,127,723
Fall 2019,green,0,time_period_10,place-symcl,2932,18249,12,244,1521,3280
Fall 2019,green,0,time_period_10,place-tapst,54,1542,12,5,129,378
Fall 2019,green,0,time_period_10,place-waban,13,243,12,1,20,349
Fall 2019,green,0,time_period_10,place-wascm,366,3563,12,31,297,556
Fall 2019,green,0,time_period_10,place-woodl,0,670,12,0,56,293
Fall 2019,green,0,time_period_10,place-wrnst,278,3653,12,23,304,822
Fall 2019,green,0,time_period_11,place-alsgr,218,2143,8,27,268,1132
Fall 2019,green,0,time_period_11,place-armnl,13252,16516,8,1656,2065,19226
Fall 2019,green,0,time_period_11,place-babck,611,2839,8,76,355,2565
Fall 2019,green,0,time_period_11,place-bckhl,0,730,8,0,91,163
Fall 2019,green,0,time_period_11,place-bcnfd,74,1127,8,9,141,1041
Fall 2019,green,0,time_period_11,place-bcnwa,53,909,8,7,114,487
Fall 2019,green,0,time_period_11,place-bland,691,1045,8,86,131,3176
Fall 2019,green,0,time_period_11,place-bndhl,19,294,8,2,37,653
Fall 2019,green,0,time_period_11,place-boyls,24579,11261,8,3072,1408,19634
Fall 2019,green,0,time_period_11,place-brico,1441,3147,8,180,393,2351
Fall 2019,green,0,time_period_11,place-brkhl,111,871,8,14,109,1173
Fall 2019,green,0,time_period_11,place-brmnl,204,3241,8,26,405,984
Fall 2019,green,0,time_period_11,place-bucen,1262,1131,8,158,141,3142
Fall 2019,green,0,time_period_11,place-buest,591,996,8,74,125,3126
Fall 2019,green,0,time_period_11,place-buwst,581,851,8,73,106,3108
Fall 2019,green,0,time_period_11,place-bvmnl,568,2750,8,71,344,1268
Fall 2019,green,0,time_period_11,place-chhil,43,849,8,5,106,776
Fall 2019,green,0,time_period_11,place-chill,20,977,8,3,122,169
Fall 2019,green,0,time_period_11,place-chswk,36,1367,8,5,171,289
Fall 2019,green,0,time_period_11,place-clmnl,0,740,8,0,93,0
Fall 2019,green,0,time_period_11,place-coecl,20381,31956,8,2548,3994,10880
Fall 2019,green,0,time_period_11,place-cool,1281,3939,8,160,492,794
Fall 2019,green,0,time_period_11,place-denrd,11,800,8,1,100,265
Fall 2019,green,0,time_period_11,place-eliot,14,421,8,2,53,512
Fall 2019,green,0,time_period_11,place-engav,0,1375,8,0,172,93
Fall 2019,green,0,time_period_11,place-fbkst,24,492,8,3,62,594
Fall 2019,green,0,time_period_11,place-fenwd,41,1225,8,5,153,836
Fall 2019,green,0,time_period_11,place-fenwy,889,2009,8,111,251,1661
Fall 2019,green,0,time_period_11,place-gover,57534,8802,8,7192,1100,13214
Fall 2019,green,0,time_period_11,place-grigg,325,2573,8,41,322,1372
Fall 2019,green,0,time_period_11,place-haecl,21016,3665,8,2627,458,7123
Fall 2019,green,0,time_period_11,place-harvd,1942,7527,8,243,941,1653
Fall 2019,green,0,time_period_11,place-hsmnl,0,1301,8,0,163,0
Fall 2019,green,0,time_period_11,place-hwsst,40,370,8,5,46,1269
Fall 2019,green,0,time_period_11,place-hymnl,14726,25085,8,1841,3136,11576
Fall 2019,green,0,time_period_11,place-kencl,8908,49363,8,1113,6170,2173
Fall 2019,green,0,time_period_11,place-kntst,53,426,8,7,53,1222
Fall 2019,green,0,time_period_11,place-lake,0,664,8,0,83,0
Fall 2019,green,0,time_period_11,place-lech,20435,0,8,2554,0,2554
Fall 2019,green,0,time_period_11,place-lngmd,177,3520,8,22,440,1364
Fall 2019,green,1,time_period_01,place-alsgr,462,4,77,6,0,46
Fall 2019,green,1,time_period_01,place-armnl,1108,1635,77,14,21,250
Fall 2019,green,1,time_period_01,place-babck,210,17,77,3,0,66
Fall 2019,green,1,time_period_01,place-bckhl,40,0,77,1,0,4
Fall 2019,green,1,time_period_01,place-bcnfd,428,22,77,6,0,98
Fall 2019,green,1,time_period_01,place-bcnwa,347,0,77,5,0,18
Fall 2019,green,1,time_period_01,place-bland,4,23,77,0,0,66
Fall 2019,green,1,time_period_01,place-bndhl,151,5,77,2,0,24
Fall 2019,green,1,time_period_01,place-boyls,891,2616,77,12,34,227
Fall 2019,green,1,time_period_01,place-brico,476,58,77,6,1,64
Fall 2019,green,1,time_period_01,place-brkhl,264,15,77,3,0,101
Fall 2019,green,1,time_period_01,place-brmnl,215,0,77,3,0,10
Fall 2019,green,1,time_period_01,place-bucen,45,56,77,1,1,66
Fall 2019,green,1,time_period_01,place-buest,14,20,77,0,0,66
Fall 2019,green,1,time_period_01,place-buwst,28,41,77,0,1,67
Fall 2019,green,1,time_period_01,place-bvmnl,433,165,77,6,2,105
Fall 2019,green,1,time_period_01,place-chhil,557,34,77,7,0,87
Fall 2019,green,1,time_period_01,place-chill,329,0,77,4,0,7
Fall 2019,green,1,time_period_01,place-chswk,516,12,77,7,0,14
Fall 2019,green,1,time_period_01,place-clmnl,237,0,77,3,0,3
Fall 2019,green,1,time_period_01,place-coecl,2676,2850,77,35,37,257
Fall 2019,green,1,time_period_01,place-cool,612,48,77,8,1,34
Fall 2019,green,1,time_period_01,place-denrd,177,5,77,2,0,9
Fall 2019,green,1,time_period_01,place-eliot,601,0,77,8,0,65
Fall 2019,green,1,time_period_01,place-engav,323,2,77,4,0,7
Fall 2019,green,1,time_period_01,place-fbkst,269,4,77,3,0,22
Fall 2019,green,1,time_period_01,place-fenwd,40,21,77,1,0,7
Fall 2019,green,1,time_period_01,place-fenwy,201,239,77,3,3,97
Fall 2019,green,1,time_period_01,place-gover,1807,6558,77,23,85,82
Fall 2019,green,1,time_period_01,place-grigg,575,27,77,7,0,53
Fall 2019,green,1,time_period_01,place-haecl,1271,2269,77,17,29,69
Fall 2019,green,1,time_period_01,place-harvd,632,241,77,8,3,58
Fall 2019,green,1,time_period_01,place-hsmnl,256,0,77,3,0,3
Fall 2019,green,1,time_period_01,place-hwsst,28,5,77,0,0,37
Fall 2019,green,1,time_period_01,place-hymnl,2090,1720,77,27,22,238
Fall 2019,green,1,time_period_01,place-kencl,3253,924,77,42,12,233
Fall 2019,green,1,time_period_01,place-kntst,87,6,77,1,0,37
Fall 2019,green,1,time_period_01,place-lake,56,0,77,1,0,1
Fall 2019,green,1,time_period_01,place-lech,0,2181,77,0,28,0
Fall 2019,green,1,time_period_01,place-lngmd,181,9,77,2,0,12
Fall 2019,green,1,time_period_01,place-longw,93,669,77,1,9,97
Fall 2019,green,1,time_period_01,place-mfa,92,1,77,1,0,13
Fall 2019,green,1,time_period_01,place-mispk,161,0,77,2,0,7
Fall 2019,green,1,time_period_01,place-newtn,469,2,77,6,0,71
Fall 2019,green,1,time_period_01,place-newto,723,2,77,9,0,80
Fall 2019,green,1,time_period_01,place-north,131,2908,77,2,38,33
Fall 2019,green,1,time_period_01,place-nuniv,149,19,77,2,0,15
Fall 2019,green,1,time_period_01,place-pktrm,3694,10130,77,48,132,144
Fall 2019,green,1,time_period_01,place-plsgr,46,40,77,1,1,67
Fall 2019,green,1,time_period_01,place-prmnl,181,51,77,2,1,21
Fall 2019,green,1,time_period_01,place-river,920,0,77,12,0,12
Fall 2019,green,1,time_period_01,place-rsmnl,627,179,77,8,2,93
Fall 2019,green,1,time_period_01,place-rvrwy,83,1,77,1,0,5
Fall 2019,green,1,time_period_01,place-smary,226,44,77,3,1,40
Fall 2019,green,1,time_period_01,place-sougr,163,0,77,2,0,3
Fall 2019,green,1,time_period_01,place-spmnl,18,377,77,0,5,28
Fall 2019,green,1,time_period_01,place-sthld,511,9,77,7,0,20
Fall 2019,green,1,time_period_01,place-stplb,45,25,77,1,0,67
Fall 2019,green,1,time_period_01,place-stpul,227,25,77,3,0,36
Fall 2019,green,1,time_period_01,place-sumav,211,6,77,3,0,26
Fall 2019,green,1,time_period_01,place-symcl,349,33,77,5,0,19
Fall 2019,green,1,time_period_01,place-tapst,324,0,77,4,0,14
Fall 2019,green,1,time_period_01,place-waban,159,0,77,2,0,57
Fall 2019,green,1,time_period_01,place-wascm,927,8,77,12,0,32
Fall 2019,green,1,time_period_01,place-woodl,552,2,77,7,0,55
Fall 2019,green,1,time_period_01,place-wrnst,639,4,77,8,0,40
Fall 2019,green,1,time_period_02,place-alsgr,1733,71,77,23,1,126
Fall 2019,green,1,time_period_02,place-armnl,3617,6147,77,47,80,810
Fall 2019,green,1,time_period_02,place-babck,738,75,77,10,1,195
Fall 2019,green,1,time_period_02,place-bckhl,158,7,77,2,0,14
Fall 2019,green,1,time_period_02,place-bcnfd,1715,140,77,22,2,264
Fall 2019,green,1,time_period_02,place-bcnwa,1398,18,77,18,0,61
Fall 2019,green,1,time_period_02,place-bland,52,122,77,1,2,198
Fall 2019,green,1,time_period_02,place-bndhl,537,12,77,7,0,78
Fall 2019,green,1,time_period_05,place-brkhl,3729,253,77,48,3,486
Fall 2019,green,1,time_period_05,place-brmnl,14792,153,77,192,2,366
Fall 2019,green,1,time_period_05,place-bucen,4436,2195,77,58,29,626
Fall 2019,green,1,time_period_05,place-buest,3242,1674,77,42,22,647
Fall 2019,green,1,time_period_02,place-boyls,2505,7460,77,33,97,745
Fall 2019,green,1,time_period_05,place-buwst,3186,678,77,41,9,597
Fall 2019,green,1,time_period_05,place-bvmnl,7085,2041,77,92,27,551
Fall 2019,green,1,time_period_05,place-chhil,4794,162,77,62,2,390
Fall 2019,green,1,time_period_05,place-chill,1481,26,77,19,0,27
Fall 2019,green,1,time_period_05,place-chswk,1990,162,77,26,2,51
Fall 2019,green,1,time_period_05,place-clmnl,1963,0,77,25,0,25
Fall 2019,green,1,time_period_05,place-coecl,117636,55806,77,1528,725,5018
Fall 2019,green,1,time_period_05,place-cool,7283,1158,77,95,15,204
Fall 2019,green,1,time_period_05,place-denrd,1006,34,77,13,0,34
Fall 2019,green,1,time_period_05,place-eliot,1426,79,77,19,1,234
Fall 2019,green,1,time_period_06,place-newto,5673,477,77,74,6,568
Fall 2019,green,1,time_period_05,place-engav,1162,1515,77,15,20,21
Fall 2019,green,1,time_period_05,place-fbkst,1147,93,77,15,1,99
Fall 2019,green,1,time_period_03,place-mispk,6019,194,77,78,3,236
Fall 2019,green,1,time_period_05,place-fenwd,1890,459,77,25,6,176
Fall 2019,green,1,time_period_05,place-fenwy,6608,1435,77,86,19,666
Fall 2019,green,1,time_period_05,place-gover,21075,179877,77,274,2336,2282
Fall 2019,green,1,time_period_05,place-grigg,3973,280,77,52,4,282
Fall 2019,green,1,time_period_05,place-haecl,9207,66566,77,120,864,1537
Fall 2019,green,1,time_period_05,place-harvd,7247,2023,77,94,26,350
Fall 2019,green,1,time_period_05,place-hsmnl,5271,0,77,68,0,68
Fall 2019,green,1,time_period_05,place-hwsst,843,185,77,11,2,241
Fall 2019,green,1,time_period_05,place-hymnl,60006,23433,77,779,304,2909
Fall 2019,green,1,time_period_05,place-kencl,79247,15017,77,1029,195,2434
Fall 2019,green,1,time_period_05,place-kntst,1092,173,77,14,2,232
Fall 2019,green,1,time_period_05,place-lake,2717,0,77,35,0,35
Fall 2019,green,1,time_period_05,place-lech,0,38910,77,0,505,0
Fall 2019,green,1,time_period_05,place-lngmd,11356,522,77,147,7,507
Fall 2019,green,1,time_period_05,place-longw,4615,990,77,60,13,598
Fall 2019,green,1,time_period_05,place-mfa,8631,811,77,112,11,608
Fall 2019,green,1,time_period_05,place-mispk,3937,206,77,51,3,157
Fall 2019,green,1,time_period_05,place-newtn,3412,274,77,44,4,274
Fall 2019,green,1,time_period_05,place-newto,4487,234,77,58,3,330
Fall 2019,green,1,time_period_05,place-north,4638,77673,77,60,1009,588
Fall 2019,green,1,time_period_05,place-nuniv,8265,1615,77,107,21,695
Fall 2019,green,1,time_period_05,place-pktrm,115410,222458,77,1499,2889,4344
Fall 2019,green,1,time_period_05,place-plsgr,3699,430,77,48,6,527
Fall 2019,green,1,time_period_05,place-prmnl,36359,4172,77,472,54,1306
Fall 2019,green,1,time_period_05,place-river,3296,0,77,43,0,43
Fall 2019,green,1,time_period_05,place-rsmnl,4518,1846,77,59,24,424
Fall 2019,green,1,time_period_05,place-rvrwy,2348,112,77,30,1,109
Fall 2019,green,1,time_period_05,place-smary,3113,727,77,40,9,272
Fall 2019,green,1,time_period_05,place-sougr,567,2628,77,7,34,9
Fall 2019,green,1,time_period_05,place-spmnl,958,7351,77,12,95,505
Fall 2019,green,1,time_period_05,place-sthld,1699,70,77,22,1,72
Fall 2019,green,1,time_period_05,place-stplb,3591,659,77,47,9,565
Fall 2019,green,1,time_period_05,place-stpul,1431,214,77,19,3,220
Fall 2019,green,1,time_period_05,place-sumav,1879,207,77,24,3,125
Fall 2019,green,1,time_period_04,place-fenwd,2399,826,77,31,11,251
Fall 2019,green,1,time_period_02,place-stpul,864,28,77,11,0,127
Fall 2019,green,1,time_period_06,place-north,11210,194252,77,146,2523,1235
Fall 2019,green,1,time_period_04,place-fenwy,9078,3362,77,118,44,1314
Fall 2019,green,1,time_period_02,place-sumav,1245,28,77,16,0,94
Fall 2019,green,1,time_period_02,place-brico,1166,51,77,15,1,186
Fall 2019,green,1,time_period_02,place-symcl,3490,253,77,45,3,114
Fall 2019,green,1,time_period_03,place-newtn,7110,277,77,92,4,690
Fall 2019,green,1,time_period_02,place-tapst,927,11,77,12,0,43
Fall 2019,green,1,time_period_03,place-newto,8084,199,77,105,3,792
Fall 2019,green,1,time_period_02,place-brkhl,1328,48,77,17,1,281
Fall 2019,green,1,time_period_02,place-waban,844,5,77,11,0,140
Fall 2019,green,1,time_period_04,place-gover,30558,151974,77,397,1974,2519
Fall 2019,green,1,time_period_06,place-nuniv,12127,1975,77,157,26,979
Fall 2019,green,1,time_period_03,place-north,16731,59739,77,217,776,893
Fall 2019,green,1,time_period_02,place-brmnl,880,29,77,11,0,50
Fall 2019,green,1,time_period_02,place-wascm,2562,72,77,33,1,82
Fall 2019,green,1,time_period_04,place-grigg,13507,558,77,175,7,787
Fall 2019,green,1,time_period_06,place-pktrm,181642,438280,77,2359,5692,7722
Fall 2019,green,1,time_period_06,place-plsgr,5096,493,77,66,6,524
Fall 2019,green,1,time_period_06,place-prmnl,73169,5570,77,950,72,2110
Fall 2019,green,1,time_period_06,place-river,6466,0,77,84,0,84
Fall 2019,green,1,time_period_06,place-rsmnl,4956,3795,77,64,49,665
Fall 2019,green,1,time_period_06,place-rvrwy,3336,136,77,43,2,135
Fall 2019,green,1,time_period_06,place-smary,4270,870,77,55,11,377
Fall 2019,green,1,time_period_06,place-sougr,869,3865,77,11,50,13
Fall 2019,green,1,time_period_06,place-spmnl,2196,10695,77,29,139,1124
Fall 2019,green,1,time_period_06,place-sthld,1946,132,77,25,2,88
Fall 2019,green,1,time_period_06,place-stplb,5931,631,77,77,8,593
Fall 2019,green,1,time_period_06,place-stpul,2354,220,77,31,3,297
Fall 2019,green,1,time_period_06,place-sumav,2809,249,77,36,3,167
Fall 2019,green,1,time_period_06,place-symcl,23219,3721,77,302,48,1233
Fall 2019,green,1,time_period_06,place-tapst,1969,75,77,26,1,69
Fall 2019,green,1,time_period_06,place-waban,1672,70,77,22,1,399
Fall 2019,green,1,time_period_06,place-wascm,4283,352,77,56,5,139
Fall 2019,green,1,time_period_06,place-woodl,3558,312,77,46,4,378
Fall 2019,green,1,time_period_06,place-wrnst,3521,457,77,46,6,179
Fall 2019,green,1,time_period_07,place-alsgr,1677,333,77,22,4,126
Fall 2019,green,1,time_period_07,place-armnl,84371,20849,77,1096,271,6747
Fall 2019,green,1,time_period_07,place-babck,4427,568,77,57,7,292
Fall 2019,green,1,time_period_07,place-bckhl,414,38,77,5,0,17
Fall 2019,green,1,time_period_07,place-bcnfd,1104,562,77,14,7,342
Fall 2019,green,1,time_period_07,place-bcnwa,2016,99,77,26,1,67
Fall 2019,green,1,time_period_07,place-bland,3369,781,77,44,10,517
Fall 2019,green,1,time_period_07,place-bndhl,392,70,77,5,1,82
Fall 2019,green,1,time_period_07,place-boyls,55358,41521,77,719,539,6926
Fall 2019,green,1,time_period_07,place-brico,3520,817,77,46,11,242
Fall 2019,green,1,time_period_07,place-brkhl,1525,408,77,20,5,356
Fall 2019,green,1,time_period_07,place-brmnl,8985,103,77,117,1,170
Fall 2019,green,1,time_period_07,place-bucen,4755,1031,77,62,13,448
Fall 2019,green,1,time_period_07,place-buest,3510,819,77,46,11,483
Fall 2019,green,1,time_period_07,place-buwst,2667,399,77,35,5,400
Fall 2019,green,1,time_period_07,place-bvmnl,4303,1848,77,56,24,388
Fall 2019,green,1,time_period_07,place-chhil,2324,133,77,30,2,327
Fall 2019,green,1,time_period_07,place-chill,1654,85,77,21,1,30
Fall 2019,green,1,time_period_07,place-chswk,1299,274,77,17,4,43
Fall 2019,green,1,time_period_07,place-clmnl,1634,0,77,21,0,21
Fall 2019,green,1,time_period_07,place-coecl,154978,45373,77,2013,589,5922
Fall 2019,green,1,time_period_07,place-cool,7378,917,77,96,12,184
Fall 2019,green,1,time_period_07,place-denrd,857,55,77,11,1,26
Fall 2019,green,1,time_period_07,place-eliot,706,76,77,9,1,234
Fall 2019,green,1,time_period_07,place-engav,972,1415,77,13,18,15
Fall 2019,green,1,time_period_07,place-fbkst,894,90,77,12,1,78
Fall 2019,green,1,time_period_07,place-fenwd,954,273,77,12,4,55
Fall 2019,green,1,time_period_07,place-fenwy,4869,857,77,63,11,469
Fall 2019,green,1,time_period_07,place-gover,21133,187459,77,274,2435,2667
Fall 2019,green,1,time_period_02,place-bucen,119,128,77,2,2,199
Fall 2019,green,1,time_period_07,place-grigg,2304,431,77,30,6,150
Fall 2019,green,1,time_period_04,place-haecl,14284,69085,77,186,897,1808
Fall 2019,green,1,time_period_02,place-woodl,1552,39,77,20,1,129
Fall 2019,green,1,time_period_02,place-wrnst,1837,78,77,24,1,105
Fall 2019,green,1,time_period_03,place-alsgr,11397,260,77,148,3,751
Fall 2019,green,1,time_period_03,place-armnl,21333,38325,77,277,498,4769
Fall 2019,green,1,time_period_07,place-haecl,8126,75181,77,106,976,1796
Fall 2019,green,1,time_period_02,place-buest,46,83,77,1,1,199
Fall 2019,green,1,time_period_04,place-harvd,18974,4197,77,246,55,978
Fall 2019,green,1,time_period_03,place-nuniv,4594,1208,77,60,16,447
Fall 2019,green,1,time_period_07,place-harvd,5936,1521,77,77,20,207
Fall 2019,green,1,time_period_04,place-hsmnl,5536,0,77,72,0,72
Fall 2019,green,1,time_period_03,place-babck,5686,640,77,74,8,1216
Fall 2019,green,1,time_period_03,place-pktrm,89933,204877,77,1168,2661,2928
Fall 2019,green,1,time_period_02,place-buwst,81,108,77,1,1,199
Fall 2019,green,1,time_period_07,place-hsmnl,925,0,77,12,0,12
Fall 2019,green,1,time_period_04,place-hwsst,2244,383,77,29,5,721
Fall 2019,green,1,time_period_05,place-symcl,17547,2664,77,228,35,888
Fall 2019,green,1,time_period_03,place-bckhl,1540,34,77,20,0,80
Fall 2019,green,1,time_period_03,place-bcnfd,7155,598,77,93,8,1021
Fall 2019,green,1,time_period_03,place-bcnwa,9367,247,77,122,3,462
Fall 2019,green,1,time_period_03,place-bland,550,2456,77,7,32,1154
Fall 2019,green,1,time_period_03,place-bndhl,4949,65,77,64,1,622
Fall 2019,green,1,time_period_03,place-boyls,15496,42344,77,201,550,4421
Fall 2019,green,1,time_period_03,place-brico,7992,993,77,104,13,1150
Fall 2019,green,1,time_period_03,place-brkhl,6638,417,77,86,5,1102
Fall 2019,green,1,time_period_03,place-brmnl,5915,246,77,77,3,329
Fall 2019,green,1,time_period_03,place-bucen,718,3227,77,9,42,1201
Fall 2019,green,1,time_period_03,place-buest,393,2108,77,5,27,1179
Fall 2019,green,1,time_period_03,place-buwst,755,1391,77,10,18,1234
Fall 2019,green,1,time_period_03,place-bvmnl,5976,1962,77,78,25,1154
Fall 2019,green,1,time_period_03,place-chhil,5845,565,77,76,7,861
Fall 2019,green,1,time_period_03,place-chill,4476,42,77,58,1,110
Fall 2019,green,1,time_period_03,place-chswk,7111,121,77,92,2,201
Fall 2019,green,1,time_period_03,place-clmnl,8609,0,77,112,0,112
Fall 2019,green,1,time_period_03,place-coecl,61584,59769,77,800,776,4990
Fall 2019,green,1,time_period_03,place-cool,14188,1224,77,184,16,919
Fall 2019,green,1,time_period_03,place-denrd,6456,49,77,84,1,248
Fall 2019,green,1,time_period_03,place-eliot,6896,32,77,90,0,601
Fall 2019,green,1,time_period_03,place-engav,9983,5867,77,130,76,165
Fall 2019,green,1,time_period_03,place-fbkst,7533,98,77,98,1,558
Fall 2019,green,1,time_period_03,place-fenwd,2056,589,77,27,8,255
Fall 2019,green,1,time_period_03,place-fenwy,3701,2813,77,48,37,1137
Fall 2019,green,1,time_period_03,place-gover,23441,112909,77,304,1466,1766
Fall 2019,green,1,time_period_03,place-grigg,12254,326,77,159,4,906
Fall 2019,green,1,time_period_03,place-haecl,12846,37026,77,167,481,1452
Fall 2019,green,1,time_period_03,place-harvd,14211,2354,77,185,31,1060
Fall 2019,green,1,time_period_03,place-hsmnl,4621,0,77,60,0,60
Fall 2019,green,1,time_period_03,place-hwsst,1805,298,77,23,4,1042
Fall 2019,green,1,time_period_03,place-hymnl,48390,36123,77,628,469,4029
Fall 2019,green,1,time_period_03,place-kencl,61483,22107,77,798,287,3870
Fall 2019,green,1,time_period_03,place-kntst,2074,215,77,27,3,1023
Fall 2019,green,1,time_period_03,place-lake,3212,0,77,42,0,42
Fall 2019,green,1,time_period_03,place-lech,0,58807,77,0,764,0
Fall 2019,green,1,time_period_03,place-lngmd,4261,564,77,55,7,377
Fall 2019,green,1,time_period_03,place-longw,2222,4456,77,29,58,1125
Fall 2019,green,1,time_period_03,place-mfa,2467,436,77,32,6,403
Fall 2019,green,1,time_period_02,place-bvmnl,1590,567,77,21,7,294
Fall 2019,green,1,time_period_05,place-tapst,1668,71,77,22,1,54
Fall 2019,green,1,time_period_07,place-hwsst,708,127,77,9,2,219
Fall 2019,green,1,time_period_02,place-chhil,1754,93,77,23,1,224
Fall 2019,green,1,time_period_03,place-plsgr,2057,668,77,27,9,1234
Fall 2019,green,1,time_period_04,place-hymnl,65758,50382,77,854,654,4447
Fall 2019,green,1,time_period_05,place-waban,1138,62,77,15,1,216
Fall 2019,green,1,time_period_07,place-hymnl,91871,19244,77,1193,250,3197
Fall 2019,green,1,time_period_03,place-prmnl,20857,2744,77,271,36,937
Fall 2019,green,1,time_period_05,place-wascm,4636,349,77,60,5,128
Fall 2019,green,1,time_period_04,place-kencl,99254,31743,77,1289,412,4247
Fall 2019,green,1,time_period_03,place-river,7249,0,77,94,0,94
Fall 2019,green,1,time_period_07,place-kencl,92500,14548,77,1201,189,2253
Fall 2019,green,1,time_period_02,place-chill,665,7,77,9,0,17
Fall 2019,green,1,time_period_05,place-woodl,2564,185,77,33,2,202
Fall 2019,green,1,time_period_04,place-kntst,2657,286,77,35,4,697
Fall 2019,green,1,time_period_03,place-rsmnl,6802,1009,77,88,13,936
Fall 2019,green,1,time_period_07,place-kntst,791,107,77,10,1,211
Fall 2019,green,1,time_period_02,place-chswk,952,33,77,12,0,29
Fall 2019,green,1,time_period_05,place-wrnst,5118,171,77,66,2,192
Fall 2019,green,1,time_period_04,place-lake,2978,0,77,39,0,39
Fall 2019,green,1,time_period_03,place-rvrwy,6259,50,77,81,1,160
Fall 2019,green,1,time_period_07,place-lake,3168,0,77,41,0,41
Fall 2019,green,1,time_period_02,place-clmnl,1096,0,77,14,0,14
Fall 2019,green,1,time_period_06,place-alsgr,3068,478,77,40,6,213
Fall 2019,green,1,time_period_04,place-lech,0,61884,77,0,804,0
Fall 2019,green,1,time_period_03,place-smary,3593,1671,77,47,22,1067
Fall 2019,green,1,time_period_07,place-lech,0,48519,77,0,630,0
Fall 2019,green,1,time_period_07,place-lngmd,10032,211,77,130,3,298
Fall 2019,green,1,time_period_07,place-longw,2628,423,77,34,5,417
Fall 2019,green,1,time_period_07,place-mfa,6767,372,77,88,5,381
Fall 2019,green,1,time_period_07,place-mispk,1248,121,77,16,2,46
Fall 2019,green,1,time_period_07,place-newtn,2526,102,77,33,1,265
Fall 2019,green,1,time_period_07,place-newto,2764,165,77,36,2,299
Fall 2019,green,1,time_period_07,place-north,7228,89511,77,94,1162,727
Fall 2019,green,1,time_period_07,place-nuniv,9742,965,77,127,13,495
Fall 2019,green,1,time_period_07,place-pktrm,120869,282551,77,1570,3669,4827
Fall 2019,green,1,time_period_07,place-plsgr,3369,404,77,44,5,331
Fall 2019,green,1,time_period_07,place-prmnl,47343,3227,77,615,42,1302
Fall 2019,green,1,time_period_07,place-river,3968,0,77,52,0,52
Fall 2019,green,1,time_period_07,place-rsmnl,2214,1622,77,29,21,335
Fall 2019,green,1,time_period_07,place-rvrwy,1189,70,77,15,1,31
Fall 2019,green,1,time_period_07,place-smary,3361,556,77,44,7,255
Fall 2019,green,1,time_period_07,place-sougr,599,3029,77,8,39,10
Fall 2019,green,1,time_period_07,place-spmnl,988,8455,77,13,110,630
Fall 2019,green,1,time_period_07,place-sthld,1385,182,77,18,2,59
Fall 2019,green,1,time_period_07,place-stplb,3556,514,77,46,7,371
Fall 2019,green,1,time_period_07,place-stpul,1528,148,77,20,2,202
Fall 2019,green,1,time_period_07,place-sumav,1599,194,77,21,3,100
Fall 2019,green,1,time_period_07,place-symcl,20171,2156,77,262,28,729
Fall 2019,green,1,time_period_07,place-tapst,1369,84,77,18,1,43
Fall 2019,green,1,time_period_07,place-waban,496,24,77,6,0,225
Fall 2019,green,1,time_period_07,place-wascm,2838,356,77,37,5,91
Fall 2019,green,1,time_period_07,place-woodl,1209,198,77,16,3,219
Fall 2019,green,1,time_period_07,place-wrnst,1710,400,77,22,5,108
Fall 2019,green,1,time_period_08,place-alsgr,238,159,77,3,2,25
Fall 2019,green,1,time_period_08,place-armnl,20534,4853,77,267,63,2234
Fall 2019,green,1,time_period_08,place-babck,1257,84,77,16,1,69
Fall 2019,green,1,time_period_08,place-bckhl,74,5,77,1,0,5
Fall 2019,green,1,time_period_08,place-bcnfd,7,39,77,0,1,21
Fall 2019,green,1,time_period_08,place-bcnwa,641,17,77,8,0,17
Fall 2019,green,1,time_period_08,place-bland,407,144,77,5,2,123
Fall 2019,green,1,time_period_08,place-bndhl,62,4,77,1,0,20
Fall 2019,green,1,time_period_08,place-boyls,25862,10282,77,336,134,2436
Fall 2019,green,1,time_period_08,place-brico,799,128,77,10,2,54
Fall 2019,green,1,time_period_08,place-brkhl,19,3,77,0,0,21
Fall 2019,green,1,time_period_08,place-brmnl,2457,18,77,32,0,47
Fall 2019,green,1,time_period_02,place-coecl,8541,8623,77,111,112,842
Fall 2019,green,1,time_period_03,place-sougr,3600,2751,77,47,36,53
Fall 2019,green,1,time_period_04,place-lngmd,12626,736,77,164,10,548
Fall 2019,green,1,time_period_06,place-armnl,199669,31245,77,2593,406,10914
Fall 2019,green,1,time_period_02,place-cool,1811,130,77,24,2,116
Fall 2019,green,1,time_period_04,place-longw,5418,4263,77,70,55,1240
Fall 2019,green,1,time_period_02,place-denrd,573,4,77,7,0,31
Fall 2019,green,1,time_period_06,place-babck,7365,677,77,96,9,464
Fall 2019,green,1,time_period_03,place-spmnl,430,10403,77,6,135,764
Fall 2019,green,1,time_period_04,place-mfa,6083,914,77,79,12,615
Fall 2019,green,1,time_period_02,place-eliot,1565,56,77,20,1,160
Fall 2019,green,1,time_period_06,place-bckhl,1112,60,77,14,1,93
Fall 2019,green,1,time_period_03,place-sthld,10509,96,77,136,1,336
Fall 2019,green,1,time_period_04,place-mispk,5929,304,77,77,4,231
Fall 2019,green,1,time_period_02,place-engav,1098,377,77,14,5,24
Fall 2019,green,1,time_period_06,place-bcnfd,2050,1166,77,27,15,676
Fall 2019,green,1,time_period_03,place-stplb,1628,1009,77,21,13,1242
Fall 2019,green,1,time_period_04,place-newtn,7066,344,77,92,4,601
Fall 2019,green,1,time_period_06,place-bcnwa,3248,149,77,42,2,109
Fall 2019,green,1,time_period_02,place-fbkst,830,3,77,11,0,72
Fall 2019,green,1,time_period_03,place-stpul,6372,225,77,83,3,999
Fall 2019,green,1,time_period_04,place-newto,8066,299,77,105,4,702
Fall 2019,green,1,time_period_06,place-bland,5041,1689,77,65,22,799
Fall 2019,green,1,time_period_02,place-fenwd,326,88,77,4,1,39
Fall 2019,green,1,time_period_03,place-sumav,10113,194,77,131,3,750
Fall 2019,green,1,time_period_04,place-north,12585,77710,77,163,1009,962
Fall 2019,green,1,time_period_04,place-nuniv,7701,2609,77,100,34,681
Fall 2019,green,1,time_period_04,place-pktrm,124058,264717,77,1611,3438,4096
Fall 2019,green,1,time_period_04,place-plsgr,6205,1207,77,81,16,1338
Fall 2019,green,1,time_period_04,place-prmnl,36666,5108,77,476,66,1373
Fall 2019,green,1,time_period_04,place-river,7292,0,77,95,0,95
Fall 2019,green,1,time_period_04,place-rsmnl,10654,1213,77,138,16,900
Fall 2019,green,1,time_period_04,place-rvrwy,5284,87,77,69,1,158
Fall 2019,green,1,time_period_04,place-smary,5838,1960,77,76,25,771
Fall 2019,green,1,time_period_04,place-sougr,1519,2807,77,20,36,22
Fall 2019,green,1,time_period_04,place-spmnl,948,13125,77,12,170,804
Fall 2019,green,1,time_period_04,place-sthld,6481,160,77,84,2,215
Fall 2019,green,1,time_period_04,place-stplb,5536,2017,77,72,26,1384
Fall 2019,green,1,time_period_04,place-stpul,6126,393,77,80,5,666
Fall 2019,green,1,time_period_04,place-sumav,6409,381,77,83,5,417
Fall 2019,green,1,time_period_04,place-symcl,25110,3382,77,326,44,963
Fall 2019,green,1,time_period_04,place-tapst,4825,56,77,63,1,171
Fall 2019,green,1,time_period_04,place-waban,2723,58,77,35,1,465
Fall 2019,green,1,time_period_04,place-wascm,11808,527,77,153,7,361
Fall 2019,green,1,time_period_04,place-woodl,4140,172,77,54,2,430
Fall 2019,green,1,time_period_04,place-wrnst,9530,363,77,124,5,480
Fall 2019,green,1,time_period_05,place-alsgr,3493,257,77,45,3,234
Fall 2019,green,1,time_period_05,place-armnl,75268,21936,77,978,285,5710
Fall 2019,green,1,time_period_05,place-babck,6342,579,77,82,8,484
Fall 2019,green,1,time_period_05,place-bckhl,934,56,77,12,1,80
Fall 2019,green,1,time_period_05,place-bcnfd,1713,457,77,22,6,441
Fall 2019,green,1,time_period_05,place-bcnwa,2441,62,77,32,1,85
Fall 2019,green,1,time_period_05,place-bland,2875,1673,77,37,22,662
Fall 2019,green,1,time_period_05,place-bndhl,398,76,77,5,1,103
Fall 2019,green,1,time_period_05,place-boyls,40435,38590,77,525,501,5734
Fall 2019,green,1,time_period_05,place-brico,5610,1039,77,73,13,409
Fall 2019,green,1,time_period_02,place-fenwy,688,687,77,9,9,272
Fall 2019,green,1,time_period_02,place-gover,7823,24093,77,102,313,411
Fall 2019,green,1,time_period_02,place-grigg,2021,50,77,26,1,152
Fall 2019,green,1,time_period_06,place-bndhl,672,92,77,9,1,134
Fall 2019,green,1,time_period_02,place-haecl,4554,8791,77,59,114,356
Fall 2019,green,1,time_period_06,place-boyls,67520,56686,77,877,736,11055
Fall 2019,green,1,time_period_03,place-symcl,21219,1563,77,276,20,702
Fall 2019,green,1,time_period_02,place-harvd,2030,502,77,26,7,172
Fall 2019,green,1,time_period_06,place-brico,5589,1095,77,73,14,378
Fall 2019,green,1,time_period_03,place-tapst,7346,48,77,95,1,343
Fall 2019,green,1,time_period_02,place-hsmnl,900,0,77,12,0,12
Fall 2019,green,1,time_period_06,place-brkhl,3785,672,77,49,9,717
Fall 2019,green,1,time_period_03,place-waban,5273,62,77,68,1,512
Fall 2019,green,1,time_period_02,place-hwsst,185,57,77,2,1,132
Fall 2019,green,1,time_period_06,place-brmnl,21855,252,77,284,3,506
Fall 2019,green,1,time_period_03,place-wascm,10242,483,77,133,6,463
Fall 2019,green,1,time_period_02,place-hymnl,7133,5766,77,93,75,704
Fall 2019,green,1,time_period_06,place-bucen,7471,1868,77,97,24,715
Fall 2019,green,1,time_period_03,place-woodl,5440,222,77,71,3,444
Fall 2019,green,1,time_period_02,place-kencl,9495,3582,77,123,47,686
Fall 2019,green,1,time_period_06,place-buest,4847,1689,77,63,22,756
Fall 2019,green,1,time_period_03,place-wrnst,11334,328,77,147,4,606
Fall 2019,green,1,time_period_02,place-kntst,311,6,77,4,0,131
Fall 2019,green,1,time_period_06,place-buwst,4360,588,77,57,8,642
Fall 2019,green,1,time_period_04,place-alsgr,11069,447,77,144,6,618
Fall 2019,green,1,time_period_02,place-lake,283,0,77,4,0,4
Fall 2019,green,1,time_period_06,place-bvmnl,9300,3540,77,121,46,791
Fall 2019,green,1,time_period_04,place-armnl,60527,41100,77,786,534,6417
Fall 2019,green,1,time_period_02,place-lech,0,11872,77,0,154,0
Fall 2019,green,1,time_period_06,place-chhil,6550,292,77,85,4,650
Fall 2019,green,1,time_period_04,place-babck,11265,1470,77,146,19,1273
Fall 2019,green,1,time_period_02,place-lngmd,829,59,77,11,1,60
Fall 2019,green,1,time_period_04,place-bckhl,1499,68,77,19,1,90
Fall 2019,green,1,time_period_04,place-bcnfd,7260,682,77,94,9,986
Fall 2019,green,1,time_period_04,place-bcnwa,6711,101,77,87,1,257
Fall 2019,green,1,time_period_04,place-bland,2825,5144,77,37,67,1285
Fall 2019,green,1,time_period_04,place-bndhl,2166,110,77,28,1,339
Fall 2019,green,1,time_period_04,place-boyls,35154,73187,77,457,950,5923
Fall 2019,green,1,time_period_04,place-brico,15158,2247,77,197,29,1146
Fall 2019,green,1,time_period_04,place-brkhl,7803,404,77,101,5,1082
Fall 2019,green,1,time_period_04,place-brmnl,11304,359,77,147,5,394
Fall 2019,green,1,time_period_04,place-bucen,3514,7656,77,46,99,1350
Fall 2019,green,1,time_period_04,place-buest,2686,5336,77,35,69,1315
Fall 2019,green,1,time_period_04,place-buwst,3488,1975,77,45,26,1404
Fall 2019,green,1,time_period_04,place-bvmnl,13517,2536,77,176,33,1225
Fall 2019,green,1,time_period_04,place-chhil,6142,328,77,80,4,778
Fall 2019,green,1,time_period_04,place-chill,2836,56,77,37,1,58
Fall 2019,green,1,time_period_04,place-chswk,5906,154,77,77,2,133
Fall 2019,green,1,time_period_04,place-clmnl,3900,0,77,51,0,51
Fall 2019,green,1,time_period_04,place-coecl,106099,79572,77,1378,1033,6165
Fall 2019,green,1,time_period_04,place-cool,15504,2068,77,201,27,591
Fall 2019,green,1,time_period_04,place-denrd,2995,60,77,39,1,109
Fall 2019,green,1,time_period_04,place-eliot,3839,47,77,50,1,514
Fall 2019,green,1,time_period_04,place-engav,4502,2961,77,58,38,71
Fall 2019,green,1,time_period_04,place-fbkst,4421,159,77,57,2,312
Fall 2019,green,1,time_period_06,place-chill,2289,27,77,30,0,42
Fall 2019,green,1,time_period_06,place-chswk,2021,287,77,26,4,65
Fall 2019,green,1,time_period_02,place-longw,453,2160,77,6,28,272
Fall 2019,green,1,time_period_06,place-clmnl,2515,0,77,33,0,33
Fall 2019,green,1,time_period_02,place-mfa,366,31,77,5,0,64
Fall 2019,green,1,time_period_06,place-coecl,242507,85821,77,3149,1115,8727
Fall 2019,green,1,time_period_02,place-mispk,1030,21,77,13,0,36
Fall 2019,green,1,time_period_06,place-cool,9041,1208,77,117,16,269
Fall 2019,green,1,time_period_06,place-denrd,1176,59,77,15,1,44
Fall 2019,green,1,time_period_06,place-eliot,1872,90,77,24,1,422
Fall 2019,green,1,time_period_06,place-engav,1893,2102,77,25,27,30
Fall 2019,green,1,time_period_06,place-fbkst,1453,121,77,19,2,127
Fall 2019,green,1,time_period_06,place-fenwd,3099,612,77,40,8,226
Fall 2019,green,1,time_period_06,place-fenwy,9033,1772,77,117,23,951
Fall 2019,green,1,time_period_06,place-gover,50875,262518,77,661,3409,4974
Fall 2019,green,1,time_period_06,place-grigg,3955,486,77,51,6,258
Fall 2019,green,1,time_period_06,place-haecl,14423,119264,77,187,1549,3612
Fall 2019,green,1,time_period_06,place-harvd,7013,2272,77,91,30,319
Fall 2019,green,1,time_period_06,place-hsmnl,6130,0,77,80,0,80
Fall 2019,green,1,time_period_06,place-hwsst,1401,204,77,18,3,333
Fall 2019,green,1,time_period_06,place-hymnl,107680,28306,77,1398,368,4582
Fall 2019,green,1,time_period_06,place-kencl,133539,23932,77,1734,311,3551
Fall 2019,green,1,time_period_06,place-kntst,1776,183,77,23,2,318
Fall 2019,green,1,time_period_06,place-lake,3973,0,77,52,0,52
Fall 2019,green,1,time_period_06,place-lech,0,86579,77,0,1124,0
Fall 2019,green,1,time_period_06,place-lngmd,16224,534,77,211,7,710
Fall 2019,green,1,time_period_06,place-longw,5948,929,77,77,12,857
Fall 2019,green,1,time_period_06,place-mfa,11448,877,77,149,11,847
Fall 2019,green,1,time_period_06,place-mispk,4781,257,77,62,3,194
Fall 2019,green,1,time_period_06,place-newtn,6548,482,77,85,6,501
Fall 2019,green,1,time_period_02,place-newtn,1680,68,77,22,1,180
Fall 2019,green,1,time_period_02,place-newto,1778,53,77,23,1,203
Fall 2019,green,1,time_period_02,place-north,2317,15661,77,30,203,183
Fall 2019,green,1,time_period_02,place-nuniv,761,145,77,10,2,72
Fall 2019,green,1,time_period_02,place-pktrm,22861,32337,77,297,420,622
Fall 2019,green,1,time_period_02,place-plsgr,274,68,77,4,1,198
Fall 2019,green,1,time_period_02,place-prmnl,2237,270,77,29,4,140
Fall 2019,green,1,time_period_02,place-river,2106,0,77,27,0,27
Fall 2019,green,1,time_period_02,place-rsmnl,1787,298,77,23,4,244
Fall 2019,green,1,time_period_02,place-rvrwy,707,27,77,9,0,22
Fall 2019,green,1,time_period_02,place-smary,625,95,77,8,1,139
Fall 2019,green,1,time_period_02,place-sougr,465,77,77,6,1,9
Fall 2019,green,1,time_period_02,place-spmnl,71,2254,77,1,29,154
Fall 2019,green,1,time_period_02,place-sthld,1586,16,77,21,0,50
Fall 2019,green,1,time_period_02,place-stplb,251,80,77,3,1,200
Fall 2019,green,1,time_period_08,place-waban,10,4,77,0,0,16
Fall 2019,green,1,time_period_09,place-nuniv,252,23,77,3,0,11
Fall 2019,green,1,time_period_08,place-wascm,560,59,77,7,1,20
Fall 2019,green,1,time_period_08,place-bucen,854,131,77,11,2,115
Fall 2019,green,1,time_period_09,place-pktrm,11152,6847,77,145,89,374
Fall 2019,green,1,time_period_08,place-woodl,209,21,77,3,0,16
Fall 2019,green,1,time_period_08,place-buest,532,138,77,7,2,120
Fall 2019,green,1,time_period_09,place-plsgr,100,2,77,1,0,7
Fall 2019,green,1,time_period_08,place-wrnst,368,101,77,5,1,24
Fall 2019,green,1,time_period_11,place-buwst,748,399,8,94,50,2766
Fall 2019,green,1,time_period_08,place-buwst,579,72,77,8,1,105
Fall 2019,green,1,time_period_09,place-alsgr,6,5,77,0,0,1
Fall 2019,green,1,time_period_11,place-bvmnl,1882,611,8,235,76,1931
Fall 2019,green,1,time_period_09,place-prmnl,1872,86,77,24,1,46
Fall 2019,green,1,time_period_08,place-bvmnl,139,212,77,2,3,20
Fall 2019,green,1,time_period_10,place-haecl,7079,48261,12,590,4022,6601
Fall 2019,green,1,time_period_09,place-armnl,3513,518,77,46,7,279
Fall 2019,green,1,time_period_11,place-woodl,860,1,8,108,0,949
Fall 2019,green,1,time_period_09,place-river,6,0,77,0,0,0
Fall 2019,green,1,time_period_11,place-chhil,975,51,8,122,6,1418
Fall 2019,green,1,time_period_08,place-chhil,124,0,77,2,0,21
Fall 2019,green,1,time_period_10,place-harvd,5401,1506,12,450,126,1667
Fall 2019,green,1,time_period_09,place-babck,132,7,77,2,0,5
Fall 2019,green,1,time_period_11,place-wrnst,1606,100,8,201,13,1083
Fall 2019,green,1,time_period_09,place-rsmnl,1,1,77,0,0,0
Fall 2019,green,1,time_period_11,place-chill,980,34,8,123,4,242
Fall 2019,green,1,time_period_11,place-chswk,1369,84,8,171,11,402
Fall 2019,green,1,time_period_11,place-clmnl,621,0,8,78,0,78
Fall 2019,green,1,time_period_11,place-coecl,35512,19181,8,4439,2398,19216
Fall 2019,green,1,time_period_11,place-cool,3076,499,8,385,62,935
Fall 2019,green,1,time_period_11,place-denrd,706,10,8,88,1,198
Fall 2019,green,1,time_period_11,place-eliot,615,30,8,77,4,1074
Fall 2019,green,1,time_period_11,place-engav,625,356,8,78,45,111
Fall 2019,green,1,time_period_11,place-fbkst,526,27,8,66,3,494
Fall 2019,green,1,time_period_11,place-fenwd,444,162,8,56,20,558
Fall 2019,green,1,time_period_11,place-fenwy,1902,976,8,238,122,2112
Fall 2019,green,1,time_period_11,place-gover,7403,67964,8,925,8495,6457
Fall 2019,green,1,time_period_11,place-grigg,2084,225,8,261,28,1539
Fall 2019,green,1,time_period_11,place-haecl,2832,19687,8,354,2461,4350
Fall 2019,green,1,time_period_11,place-harvd,4279,1233,8,535,154,1920
Fall 2019,green,1,time_period_11,place-hsmnl,1170,0,8,146,0,146
Fall 2019,green,1,time_period_11,place-hwsst,250,44,8,31,6,1114
Fall 2019,green,1,time_period_11,place-hymnl,27361,12767,8,3420,1596,12985
Fall 2019,green,1,time_period_11,place-kencl,47752,8329,8,5969,1041,11160
Fall 2019,green,1,time_period_11,place-kntst,386,73,8,48,9,1088
Fall 2019,green,1,time_period_11,place-lake,697,0,8,87,0,87
Fall 2019,green,1,time_period_11,place-lech,0,13087,8,0,1636,0
Fall 2019,green,1,time_period_11,place-lngmd,2856,96,8,357,12,1233
Fall 2019,green,1,time_period_11,place-longw,788,262,8,99,33,1996
Fall 2019,green,1,time_period_11,place-mfa,2606,190,8,326,24,1535
Fall 2019,green,1,time_period_11,place-mispk,1359,50,8,170,6,523
Fall 2019,green,1,time_period_11,place-newtn,825,49,8,103,6,1171
Fall 2019,green,1,time_period_11,place-newto,1150,100,8,144,13,1302
Fall 2019,green,1,time_period_11,place-north,1953,20430,8,244,2554,2041
Fall 2019,green,1,time_period_11,place-nuniv,2760,543,8,345,68,1812
Fall 2019,green,1,time_period_11,place-pktrm,38903,77741,8,4863,9718,14027
Fall 2019,green,1,time_period_11,place-plsgr,1796,228,8,225,29,2596
Fall 2019,green,1,time_period_11,place-prmnl,13564,1668,8,1696,209,4190
Fall 2019,green,1,time_period_11,place-river,1683,0,8,210,0,210
Fall 2019,green,1,time_period_11,place-rsmnl,1579,265,8,197,33,1582
Fall 2019,green,1,time_period_11,place-rvrwy,1324,35,8,166,4,359
Fall 2019,green,1,time_period_11,place-smary,1506,390,8,188,49,1254
Fall 2019,green,1,time_period_11,place-sougr,675,386,8,84,48,123
Fall 2019,green,1,time_period_11,place-spmnl,182,3420,8,23,428,1636
Fall 2019,green,1,time_period_11,place-sthld,1460,60,8,183,8,577
Fall 2019,green,1,time_period_11,place-stplb,1312,304,8,164,38,2722
Fall 2019,green,1,time_period_11,place-stpul,974,62,8,122,8,1049
Fall 2019,green,1,time_period_11,place-sumav,803,75,8,100,9,613
Fall 2019,green,1,time_period_11,place-symcl,8124,993,8,1016,124,2703
Fall 2019,green,1,time_period_11,place-tapst,894,31,8,112,4,306
Fall 2019,green,1,time_period_11,place-waban,425,7,8,53,1,1001
Fall 2019,green,1,time_period_11,place-wascm,2719,175,8,340,22,895
Fall 2019,green,1,time_period_09,place-bckhl,7,0,77,0,0,0
Fall 2019,green,1,time_period_10,place-hsmnl,1490,0,12,124,0,124
Fall 2019,green,1,time_period_09,place-rvrwy,39,0,77,1,0,1
Fall 2019,green,1,time_period_08,place-chill,471,2,77,6,0,8
Fall 2019,green,1,time_period_10,place-hwsst,440,78,12,37,7,1138
Fall 2019,green,1,time_period_09,place-bcnfd,0,0,77,0,0,0
Fall 2019,green,1,time_period_09,place-smary,189,0,77,2,0,6
Fall 2019,green,1,time_period_08,place-chswk,241,66,77,3,1,10
Fall 2019,green,1,time_period_09,place-bcnwa,20,0,77,0,0,1
Fall 2019,green,1,time_period_09,place-sougr,10,0,77,0,0,0
Fall 2019,green,1,time_period_10,place-hymnl,55300,20193,12,4608,1683,15242
Fall 2019,green,1,time_period_08,place-clmnl,342,0,77,4,0,4
Fall 2019,green,1,time_period_09,place-bland,57,18,77,1,0,10
Fall 2019,green,1,time_period_09,place-spmnl,24,183,77,0,2,28
Fall 2019,green,1,time_period_10,place-kencl,90739,11019,12,7562,918,12317
Fall 2019,green,1,time_period_10,place-kntst,545,48,12,45,4,1108
Fall 2019,green,1,time_period_10,place-lake,545,0,12,45,0,45
Fall 2019,green,1,time_period_10,place-lech,0,33008,12,0,2751,0
Fall 2019,green,1,time_period_10,place-lngmd,4594,194,12,383,16,1284
Fall 2019,green,1,time_period_10,place-longw,659,279,12,55,23,1726
Fall 2019,green,1,time_period_10,place-mfa,4181,289,12,348,24,1608
Fall 2019,green,1,time_period_10,place-mispk,2051,87,12,171,7,535
Fall 2019,green,1,time_period_10,place-newtn,863,51,12,72,4,1308
Fall 2019,green,1,time_period_10,place-newto,1130,111,12,94,9,1393
Fall 2019,green,1,time_period_10,place-north,4716,44591,12,393,3716,3278
Fall 2019,green,1,time_period_10,place-nuniv,4545,685,12,379,57,1930
Fall 2019,green,1,time_period_10,place-pktrm,75852,128846,12,6321,10737,19290
Fall 2019,green,1,time_period_10,place-plsgr,2550,244,12,213,20,2286
Fall 2019,green,1,time_period_10,place-prmnl,29559,2922,12,2463,244,5498
Fall 2019,green,1,time_period_10,place-river,3083,0,12,257,0,257
Fall 2019,green,1,time_period_10,place-rsmnl,1245,428,12,104,36,1511
Fall 2019,green,1,time_period_10,place-rvrwy,2335,33,12,195,3,371
Fall 2019,green,1,time_period_10,place-smary,2265,454,12,189,38,1289
Fall 2019,green,1,time_period_10,place-sougr,694,433,12,58,36,67
Fall 2019,green,1,time_period_10,place-spmnl,335,6664,12,28,555,2751
Fall 2019,green,1,time_period_10,place-sthld,2052,76,12,171,6,470
Fall 2019,green,1,time_period_10,place-stplb,1550,322,12,129,27,2389
Fall 2019,green,1,time_period_10,place-stpul,1267,108,12,106,9,1066
Fall 2019,green,1,time_period_10,place-sumav,1225,101,12,102,8,655
Fall 2019,green,1,time_period_10,place-symcl,17642,1461,12,1470,122,3278
Fall 2019,green,1,time_period_10,place-tapst,1306,24,12,109,2,321
Fall 2019,green,1,time_period_10,place-waban,559,31,12,47,3,1187
Fall 2019,green,1,time_period_10,place-wascm,3745,187,12,312,16,767
Fall 2019,green,1,time_period_10,place-woodl,1414,35,12,118,3,1143
Fall 2019,green,1,time_period_10,place-wrnst,2332,160,12,194,13,948
Fall 2019,green,1,time_period_11,place-alsgr,1941,153,8,243,19,1307
Fall 2019,green,1,time_period_11,place-armnl,16337,10409,8,2042,1301,19957
Fall 2019,green,1,time_period_11,place-babck,2360,426,8,295,53,2400
Fall 2019,green,1,time_period_11,place-bckhl,431,15,8,54,2,198
Fall 2019,green,1,time_period_11,place-bcnfd,858,95,8,107,12,1677
Fall 2019,green,1,time_period_11,place-bcnwa,1033,30,8,129,4,432
Fall 2019,green,1,time_period_11,place-bland,555,408,8,69,51,2867
Fall 2019,green,1,time_period_11,place-bndhl,258,32,8,32,4,522
Fall 2019,green,1,time_period_11,place-boyls,12872,21473,8,1609,2684,18882
Fall 2019,green,1,time_period_11,place-brico,2720,815,8,340,102,2158
Fall 2019,green,1,time_period_11,place-brkhl,830,74,8,104,9,1772
Fall 2019,green,1,time_period_11,place-brmnl,2683,48,8,335,6,888
Fall 2019,green,1,time_period_11,place-bucen,970,781,8,121,98,2789
Fall 2019,green,1,time_period_11,place-buest,817,343,8,102,43,2848
Fall 2019,green,1,time_period_09,place-sthld,12,2,77,0,0,1
Fall 2019,green,1,time_period_08,place-coecl,36032,11369,77,468,148,2030
Fall 2019,green,1,time_period_09,place-bndhl,1,0,77,0,0,1
Fall 2019,green,1,time_period_08,place-cool,2099,225,77,27,3,47
Fall 2019,green,1,time_period_09,place-stplb,65,4,77,1,0,7
Fall 2019,green,1,time_period_08,place-denrd,162,3,77,2,0,4
Fall 2019,green,1,time_period_09,place-stpul,12,0,77,0,0,3
Fall 2019,green,1,time_period_09,place-boyls,4564,1607,77,59,21,318
Fall 2019,green,1,time_period_08,place-eliot,47,41,77,1,1,16
Fall 2019,green,1,time_period_09,place-sumav,37,0,77,0,0,1
Fall 2019,green,1,time_period_09,place-brico,55,11,77,1,0,4
Fall 2019,green,1,time_period_09,place-brkhl,2,0,77,0,0,0
Fall 2019,green,1,time_period_09,place-brmnl,176,0,77,2,0,4
Fall 2019,green,1,time_period_09,place-bucen,67,7,77,1,0,9
Fall 2019,green,1,time_period_09,place-buest,52,14,77,1,0,10
Fall 2019,green,1,time_period_09,place-buwst,84,3,77,1,0,8
Fall 2019,green,1,time_period_09,place-bvmnl,5,2,77,0,0,0
Fall 2019,green,1,time_period_09,place-chhil,2,0,77,0,0,0
Fall 2019,green,1,time_period_09,place-chill,21,0,77,0,0,0
Fall 2019,green,1,time_period_09,place-chswk,10,0,77,0,0,1
Fall 2019,green,1,time_period_09,place-clmnl,0,0,77,0,0,0
Fall 2019,green,1,time_period_09,place-coecl,4948,1326,77,64,17,240
Fall 2019,green,1,time_period_09,place-cool,164,7,77,2,0,3
Fall 2019,green,1,time_period_09,place-denrd,9,0,77,0,0,0
Fall 2019,green,1,time_period_09,place-eliot,0,1,77,0,0,0
Fall 2019,green,1,time_period_09,place-engav,4,0,77,0,0,0
Fall 2019,green,1,time_period_09,place-fbkst,5,0,77,0,0,1
Fall 2019,green,1,time_period_09,place-fenwd,25,4,77,0,0,1
Fall 2019,green,1,time_period_09,place-fenwy,4,1,77,0,0,1
Fall 2019,green,1,time_period_09,place-gover,982,21243,77,13,276,110
Fall 2019,green,1,time_period_09,place-grigg,27,2,77,0,0,2
Fall 2019,green,1,time_period_09,place-haecl,233,4465,77,3,58,56
Fall 2019,green,1,time_period_09,place-harvd,139,19,77,2,0,3
Fall 2019,green,1,time_period_09,place-hsmnl,23,0,77,0,0,0
Fall 2019,green,1,time_period_09,place-hwsst,17,2,77,0,0,4
Fall 2019,green,1,time_period_09,place-hymnl,4597,419,77,60,5,147
Fall 2019,green,1,time_period_09,place-kencl,6022,154,77,78,2,93
Fall 2019,green,1,time_period_09,place-kntst,10,2,77,0,0,3
Fall 2019,green,1,time_period_09,place-lake,0,0,77,0,0,0
Fall 2019,green,1,time_period_09,place-lech,0,2120,77,0,28,0
Fall 2019,green,1,time_period_09,place-lngmd,175,5,77,2,0,6
Fall 2019,green,1,time_period_09,place-longw,6,1,77,0,0,0
Fall 2019,green,1,time_period_09,place-mfa,190,9,77,2,0,8
Fall 2019,green,1,time_period_09,place-mispk,25,3,77,0,0,1
Fall 2019,green,1,time_period_09,place-newtn,0,0,77,0,0,0
Fall 2019,green,1,time_period_09,place-newto,4,0,77,0,0,0
Fall 2019,green,1,time_period_09,place-north,420,2415,77,5,31,30
Fall 2019,green,1,time_period_09,place-symcl,975,89,77,13,1,23
Fall 2019,green,1,time_period_08,place-engav,102,295,77,1,4,2
Fall 2019,green,1,time_period_08,place-fbkst,125,4,77,2,0,19
Fall 2019,green,1,time_period_09,place-tapst,15,0,77,0,0,0
Fall 2019,green,1,time_period_08,place-fenwd,297,30,77,4,0,15
Fall 2019,green,1,time_period_09,place-waban,1,0,77,0,0,0
Fall 2019,green,1,time_period_08,place-fenwy,92,16,77,1,0,22
Fall 2019,green,1,time_period_09,place-wascm,24,2,77,0,0,1
Fall 2019,green,1,time_period_08,place-gover,4612,118929,77,60,1545,733
Fall 2019,green,1,time_period_09,place-woodl,0,0,77,0,0,0
Fall 2019,green,1,time_period_08,place-grigg,479,79,77,6,1,30
Fall 2019,green,1,time_period_09,place-wrnst,25,2,77,0,0,1
Fall 2019,green,1,time_period_08,place-haecl,1643,27462,77,21,357,398
Fall 2019,green,1,time_period_08,place-harvd,1647,467,77,21,6,45
Fall 2019,green,1,time_period_08,place-hsmnl,279,0,77,4,0,4
Fall 2019,green,1,time_period_08,place-hwsst,59,23,77,1,0,52
Fall 2019,green,1,time_period_08,place-hymnl,28249,3461,77,367,45,1303
Fall 2019,green,1,time_period_08,place-kencl,61025,1681,77,793,22,982
Fall 2019,green,1,time_period_08,place-kntst,124,23,77,2,0,52
Fall 2019,green,1,time_period_08,place-lake,262,0,77,3,0,3
Fall 2019,green,1,time_period_08,place-lech,0,11406,77,0,148,0
Fall 2019,green,1,time_period_08,place-lngmd,1839,42,77,24,1,70
Fall 2019,green,1,time_period_08,place-longw,75,7,77,1,0,21
Fall 2019,green,1,time_period_08,place-mfa,1148,58,77,15,1,84
Fall 2019,green,1,time_period_08,place-mispk,256,30,77,3,0,12
Fall 2019,green,1,time_period_08,place-newtn,125,15,77,2,0,17
Fall 2019,green,1,time_period_08,place-newto,167,0,77,2,0,20
Fall 2019,green,1,time_period_08,place-north,3542,20719,77,46,269,175
Fall 2019,green,1,time_period_08,place-nuniv,1650,176,77,21,2,104
Fall 2019,green,1,time_period_08,place-pktrm,58389,75202,77,758,977,2218
Fall 2019,green,1,time_period_08,place-plsgr,1506,44,77,20,1,88
Fall 2019,green,1,time_period_08,place-prmnl,13645,544,77,177,7,406
Fall 2019,green,1,time_period_08,place-river,258,0,77,3,0,3
Fall 2019,green,1,time_period_08,place-rsmnl,47,52,77,1,1,21
Fall 2019,green,1,time_period_08,place-rvrwy,349,14,77,5,0,9
Fall 2019,green,1,time_period_08,place-smary,1120,78,77,15,1,66
Fall 2019,green,1,time_period_08,place-sougr,123,250,77,2,3,2
Fall 2019,green,1,time_period_08,place-spmnl,212,2243,77,3,29,148
Fall 2019,green,1,time_period_08,place-sthld,304,25,77,4,0,14
Fall 2019,green,1,time_period_08,place-stplb,876,69,77,11,1,99
Fall 2019,green,1,time_period_08,place-stpul,272,17,77,4,0,50
Fall 2019,green,1,time_period_08,place-sumav,281,29,77,4,0,23
Fall 2019,green,1,time_period_08,place-symcl,10603,409,77,138,5,236
Fall 2019,green,1,time_period_08,place-tapst,397,5,77,5,0,9
Fall 2019,green,1,time_period_10,place-alsgr,2189,205,12,182,17,1113
Fall 2019,green,1,time_period_10,place-armnl,32993,18445,12,2749,1537,24708
Fall 2019,green,1,time_period_10,place-babck,3116,396,12,260,33,2094
Fall 2019,green,1,time_period_10,place-bckhl,681,21,12,57,2,179
Fall 2019,green,1,time_period_10,place-bcnfd,733,62,12,61,5,1567
Fall 2019,green,1,time_period_10,place-bcnwa,1756,38,12,146,3,464
Fall 2019,green,1,time_period_10,place-bland,845,410,12,70,34,2629
Fall 2019,green,1,time_period_10,place-bndhl,420,18,12,35,2,561
Fall 2019,green,1,time_period_10,place-boyls,28971,41004,12,2414,3417,23706
Fall 2019,green,1,time_period_10,place-brico,3195,792,12,266,66,1868
Fall 2019,green,1,time_period_10,place-brkhl,740,109,12,62,9,1620
Fall 2019,green,1,time_period_10,place-brmnl,4020,59,12,335,5,917
Fall 2019,green,1,time_period_10,place-bucen,1519,827,12,127,69,2517
Fall 2019,green,1,time_period_10,place-buest,1289,380,12,107,32,2592
Fall 2019,green,1,time_period_10,place-buwst,1174,331,12,98,28,2459
Fall 2019,green,1,time_period_10,place-bvmnl,1629,737,12,136,61,1694
Fall 2019,green,1,time_period_10,place-chhil,915,318,12,76,27,1443
Fall 2019,green,1,time_period_10,place-chill,1175,8,12,98,1,164
Fall 2019,green,1,time_period_10,place-chswk,1778,82,12,148,7,306
Fall 2019,green,1,time_period_10,place-clmnl,880,0,12,73,0,73
Fall 2019,green,1,time_period_10,place-coecl,66618,33542,12,5551,2795,23496
Fall 2019,green,1,time_period_10,place-cool,4470,691,12,373,58,970
Fall 2019,green,1,time_period_10,place-denrd,1066,50,12,89,4,214
Fall 2019,green,1,time_period_10,place-eliot,748,96,12,62,8,1241
Fall 2019,green,1,time_period_10,place-engav,1117,444,12,93,37,130
Fall 2019,green,1,time_period_10,place-fbkst,791,35,12,66,3,527
Fall 2019,green,1,time_period_10,place-fenwd,839,213,12,70,18,587
Fall 2019,green,1,time_period_10,place-fenwy,1488,1122,12,124,94,1756
Fall 2019,green,1,time_period_10,place-gover,16528,127608,12,1377,10634,10033
Fall 2019,green,1,time_period_10,place-grigg,3042,291,12,254,24,1343
Fall 2019,orange,0,time_period_02,place-mlmnl,77651,556,77,1008,7,2007
Fall 2019,orange,0,time_period_02,place-north,34469,31391,77,448,408,3213
Fall 2019,orange,0,time_period_02,place-ogmnl,77406,0,77,1005,0,1005
Fall 2019,orange,0,time_period_02,place-rcmnl,2416,17910,77,31,233,497
Fall 2019,orange,0,time_period_02,place-rugg,4109,49202,77,53,639,698
Fall 2019,orange,0,time_period_02,place-sbmnl,625,2714,77,8,35,443
Fall 2019,orange,0,time_period_02,place-state,74268,35993,77,965,467,3733
Fall 2019,orange,0,time_period_02,place-sull,43555,7026,77,566,91,3183
Fall 2019,orange,0,time_period_02,place-tumnl,2838,36291,77,37,471,2073
Fall 2019,orange,0,time_period_02,place-welln,51516,2484,77,669,32,2643
Fall 2019,orange,0,time_period_03,place-astao,50131,11300,77,651,147,10753
Fall 2019,orange,0,time_period_03,place-bbsta,28524,321387,77,370,4174,3630
Fall 2019,orange,0,time_period_03,place-ccmnl,39408,42263,77,512,549,12376
Fall 2019,orange,0,time_period_05,place-astao,44953,6741,77,584,88,2608
Fall 2019,orange,0,time_period_07,place-mlmnl,28392,2679,77,369,35,512
Fall 2019,orange,0,time_period_03,place-chncl,8350,77128,77,108,1002,8632
Fall 2019,orange,0,time_period_03,place-dwnxg,137536,407654,77,1786,5294,9525
Fall 2019,orange,0,time_period_03,place-forhl,0,67217,77,0,873,0
Fall 2019,orange,0,time_period_03,place-grnst,1838,15346,77,24,199,873
Fall 2019,orange,0,time_period_03,place-haecl,44711,70020,77,581,909,13062
Fall 2019,orange,0,time_period_03,place-jaksn,12013,22365,77,156,290,1157
Fall 2019,orange,0,time_period_03,place-masta,10788,54843,77,140,712,3058
Fall 2019,orange,0,time_period_03,place-mlmnl,350889,5757,77,4557,75,7671
Fall 2019,orange,0,time_period_03,place-north,177412,99323,77,2304,1290,13390
Fall 2019,orange,0,time_period_03,place-ogmnl,245542,0,77,3189,0,3189
Fall 2019,orange,0,time_period_03,place-rcmnl,7160,38759,77,93,503,1292
Fall 2019,orange,0,time_period_03,place-rugg,10854,115261,77,141,1497,1702
Fall 2019,orange,0,time_period_03,place-sbmnl,3153,11529,77,41,150,1048
Fall 2019,orange,0,time_period_03,place-state,175249,177453,77,2276,2305,13033
Fall 2019,orange,0,time_period_03,place-sull,146989,19164,77,1909,249,12413
Fall 2019,orange,0,time_period_03,place-tumnl,13662,105939,77,177,1376,7433
Fall 2019,orange,0,time_period_03,place-welln,203678,5178,77,2645,67,10249
Fall 2019,orange,0,time_period_04,place-astao,50152,12497,77,651,162,6912
Fall 2019,orange,0,time_period_04,place-bbsta,44882,196316,77,583,2550,5224
Fall 2019,orange,0,time_period_04,place-ccmnl,79164,42423,77,1028,551,8966
Fall 2019,orange,0,time_period_04,place-chncl,26403,89754,77,343,1166,7843
Fall 2019,orange,0,time_period_04,place-dwnxg,187550,311011,77,2436,4039,8666
Fall 2019,orange,0,time_period_04,place-forhl,0,115722,77,0,1503,0
Fall 2019,orange,0,time_period_04,place-grnst,2836,27458,77,37,357,1503
Fall 2019,orange,0,time_period_04,place-haecl,74170,65158,77,963,846,9707
Fall 2019,orange,0,time_period_04,place-jaksn,10240,48238,77,133,626,2172
Fall 2019,orange,0,time_period_04,place-masta,20876,74331,77,271,965,4530
Fall 2019,orange,0,time_period_04,place-mlmnl,269284,13985,77,3497,182,4711
Fall 2019,orange,0,time_period_04,place-north,111916,63924,77,1453,830,9590
Fall 2019,orange,0,time_period_04,place-ogmnl,107467,0,77,1396,0,1396
Fall 2019,orange,0,time_period_04,place-rcmnl,15668,43639,77,203,567,2666
Fall 2019,orange,0,time_period_04,place-rugg,21737,137311,77,282,1783,3029
Fall 2019,orange,0,time_period_04,place-sbmnl,2579,29513,77,33,383,1823
Fall 2019,orange,0,time_period_04,place-state,158125,114829,77,2054,1491,10269
Fall 2019,orange,0,time_period_04,place-sull,137129,15708,77,1781,204,8489
Fall 2019,orange,0,time_period_04,place-tumnl,29941,80133,77,389,1041,7191
Fall 2019,orange,0,time_period_04,place-welln,138695,6866,77,1801,89,6423
Fall 2019,orange,0,time_period_07,place-north,63661,23148,77,827,301,2834
Fall 2019,orange,0,time_period_05,place-bbsta,62499,100421,77,812,1304,5252
Fall 2019,orange,0,time_period_05,place-ccmnl,63835,15822,77,829,205,4060
Fall 2019,orange,0,time_period_07,place-ogmnl,13715,0,77,178,0,178
Fall 2019,orange,0,time_period_05,place-chncl,23066,30159,77,300,392,5866
Fall 2019,orange,0,time_period_07,place-rcmnl,14133,41070,77,184,533,4383
Fall 2019,orange,0,time_period_05,place-dwnxg,170509,163089,77,2214,2118,5959
Fall 2019,orange,0,time_period_07,place-rugg,38026,71213,77,494,925,4733
Fall 2019,orange,0,time_period_07,place-sbmnl,2092,67875,77,27,881,2655
Fall 2019,orange,0,time_period_05,place-forhl,0,194626,77,0,2528,0
Fall 2019,orange,0,time_period_05,place-grnst,3521,34545,77,46,449,2528
Fall 2019,orange,0,time_period_07,place-state,78390,33011,77,1018,429,3741
Fall 2019,orange,0,time_period_05,place-haecl,61750,32261,77,802,419,5012
Fall 2019,orange,0,time_period_07,place-sull,43235,6872,77,561,89,1898
Fall 2019,orange,0,time_period_05,place-jaksn,8698,67349,77,113,875,3442
Fall 2019,orange,0,time_period_07,place-tumnl,26979,18236,77,350,237,4962
Fall 2019,orange,0,time_period_05,place-masta,24745,49188,77,321,639,4935
Fall 2019,orange,0,time_period_07,place-welln,38382,1577,77,498,20,990
Fall 2019,orange,0,time_period_08,place-astao,8946,286,77,116,4,342
Fall 2019,orange,0,time_period_05,place-mlmnl,87108,3098,77,1131,40,1464
Fall 2019,orange,0,time_period_05,place-north,68624,24808,77,891,322,4629
Fall 2019,orange,0,time_period_05,place-ogmnl,28693,0,77,373,0,373
Fall 2019,orange,0,time_period_08,place-bbsta,18543,12365,77,241,161,1298
Fall 2019,orange,0,time_period_05,place-rcmnl,37761,39607,77,490,514,4204
Fall 2019,orange,0,time_period_08,place-ccmnl,5094,1266,77,66,16,521
Fall 2019,orange,0,time_period_05,place-rugg,40444,94895,77,525,1232,4228
Fall 2019,orange,0,time_period_08,place-chncl,9421,3100,77,122,40,1170
Fall 2019,orange,0,time_period_08,place-dwnxg,28865,26711,77,375,347,1087
Fall 2019,orange,0,time_period_08,place-forhl,0,20802,77,0,270,0
Fall 2019,orange,0,time_period_08,place-grnst,146,10640,77,2,138,270
Fall 2019,orange,0,time_period_05,place-sbmnl,2598,41974,77,34,545,2931
Fall 2019,orange,0,time_period_05,place-state,122803,57348,77,1595,745,5862
Fall 2019,orange,0,time_period_05,place-sull,74064,10294,77,962,134,3437
Fall 2019,orange,0,time_period_08,place-haecl,11117,6376,77,144,83,1022
Fall 2019,orange,0,time_period_05,place-tumnl,32392,41769,77,421,542,5745
Fall 2019,orange,0,time_period_08,place-jaksn,681,24195,77,9,314,600
Fall 2019,orange,0,time_period_05,place-welln,53518,3588,77,695,47,2112
Fall 2019,orange,0,time_period_08,place-masta,10347,9164,77,134,119,1313
Fall 2019,orange,0,time_period_06,place-astao,78738,6487,77,1023,84,3177
Fall 2019,orange,0,time_period_08,place-mlmnl,2849,84,77,37,1,47
Fall 2019,orange,0,time_period_01,place-astao,2159,1019,77,28,13,771
Fall 2019,orange,0,time_period_06,place-bbsta,128549,163232,77,1669,2120,10260
Fall 2019,orange,0,time_period_08,place-north,35800,1977,77,465,26,961
Fall 2019,orange,0,time_period_01,place-bbsta,578,14051,77,8,182,354
Fall 2019,orange,0,time_period_06,place-ccmnl,59693,12689,77,775,165,4845
Fall 2019,orange,0,time_period_08,place-ogmnl,831,0,77,11,0,11
Fall 2019,orange,0,time_period_08,place-rcmnl,1796,9591,77,23,125,906
Fall 2019,orange,0,time_period_08,place-rugg,5783,29357,77,75,381,1007
Fall 2019,orange,0,time_period_08,place-sbmnl,153,15090,77,2,196,406
Fall 2019,orange,0,time_period_08,place-state,17178,14302,77,223,186,1059
Fall 2019,orange,0,time_period_08,place-sull,12142,2154,77,158,28,472
Fall 2019,orange,0,time_period_08,place-tumnl,8389,4689,77,109,61,1218
Fall 2019,orange,0,time_period_08,place-welln,14221,153,77,185,2,229
Fall 2019,orange,0,time_period_09,place-astao,1073,30,77,14,0,48
Fall 2019,orange,0,time_period_09,place-bbsta,2817,1103,77,37,14,202
Fall 2019,orange,0,time_period_09,place-ccmnl,352,126,77,5,2,70
Fall 2019,orange,0,time_period_09,place-chncl,1220,272,77,16,4,171
Fall 2019,orange,0,time_period_09,place-dwnxg,4983,2465,77,65,32,158
Fall 2019,orange,0,time_period_09,place-forhl,0,2201,77,0,29,0
Fall 2019,orange,0,time_period_09,place-grnst,9,1474,77,0,19,29
Fall 2019,orange,0,time_period_09,place-haecl,1276,911,77,17,12,114
Fall 2019,orange,0,time_period_09,place-jaksn,69,4433,77,1,58,80
Fall 2019,orange,0,time_period_09,place-masta,1921,1440,77,25,19,208
Fall 2019,orange,0,time_period_09,place-mlmnl,360,8,77,5,0,6
Fall 2019,orange,0,time_period_09,place-north,3267,239,77,42,3,109
Fall 2019,orange,0,time_period_09,place-ogmnl,96,0,77,1,0,1
Fall 2019,orange,0,time_period_09,place-rcmnl,372,1734,77,5,23,137
Fall 2019,orange,0,time_period_09,place-rugg,1225,5335,77,16,69,154
Fall 2019,orange,0,time_period_09,place-sbmnl,20,2514,77,0,33,48
Fall 2019,orange,0,time_period_09,place-state,3238,2339,77,42,30,126
Fall 2019,orange,0,time_period_09,place-sull,1774,319,77,23,4,67
Fall 2019,orange,0,time_period_09,place-tumnl,1217,549,77,16,7,179
Fall 2019,orange,0,time_period_09,place-welln,2208,7,77,29,0,34
Fall 2019,orange,0,time_period_01,place-ccmnl,2489,2105,77,32,27,1098
Fall 2019,orange,0,time_period_01,place-chncl,415,4729,77,5,61,617
Fall 2019,orange,0,time_period_06,place-chncl,43560,32344,77,566,420,10438
Fall 2019,orange,0,time_period_06,place-dwnxg,303434,213767,77,3941,2776,10292
Fall 2019,orange,0,time_period_06,place-forhl,0,345342,77,0,4485,0
Fall 2019,orange,0,time_period_06,place-grnst,4026,98475,77,52,1279,4485
Fall 2019,orange,0,time_period_06,place-haecl,93178,34630,77,1210,450,6991
Fall 2019,orange,0,time_period_06,place-jaksn,11801,116007,77,153,1507,7090
Fall 2019,orange,0,time_period_06,place-masta,50188,85932,77,652,1116,9796
Fall 2019,orange,0,time_period_06,place-mlmnl,76286,3758,77,991,49,1367
Fall 2019,orange,0,time_period_06,place-north,154109,47450,77,2001,616,6230
Fall 2019,orange,0,time_period_01,place-dwnxg,5237,31431,77,68,408,673
Fall 2019,orange,0,time_period_06,place-ogmnl,32756,0,77,425,0,425
Fall 2019,orange,0,time_period_06,place-rcmnl,33092,75808,77,430,985,8443
Fall 2019,orange,0,time_period_06,place-rugg,67778,129232,77,880,1678,8998
Fall 2019,orange,0,time_period_01,place-forhl,0,9642,77,0,125,0
Fall 2019,orange,0,time_period_06,place-sbmnl,3813,109917,77,50,1427,5712
Fall 2019,orange,0,time_period_01,place-grnst,142,1002,77,2,13,125
Fall 2019,orange,0,time_period_06,place-state,225691,61111,77,2931,794,9128
Fall 2019,orange,0,time_period_01,place-haecl,5399,6085,77,70,79,935
Fall 2019,orange,0,time_period_06,place-sull,94358,12895,77,1225,167,4235
Fall 2019,orange,0,time_period_06,place-tumnl,59943,38979,77,778,506,10710
Fall 2019,orange,0,time_period_06,place-welln,70676,3611,77,918,47,2238
Fall 2019,orange,0,time_period_07,place-astao,36532,2986,77,474,39,1426
Fall 2019,orange,0,time_period_07,place-bbsta,78224,53090,77,1016,689,5288
Fall 2019,orange,0,time_period_07,place-ccmnl,36404,4805,77,473,62,2308
Fall 2019,orange,0,time_period_07,place-chncl,34035,13641,77,442,177,4849
Fall 2019,orange,0,time_period_07,place-dwnxg,160956,96045,77,2090,1247,4584
Fall 2019,orange,0,time_period_07,place-forhl,0,149852,77,0,1946,0
Fall 2019,orange,0,time_period_07,place-grnst,1394,55964,77,18,727,1946
Fall 2019,orange,0,time_period_07,place-haecl,42681,18282,77,554,237,3151
Fall 2019,orange,0,time_period_07,place-jaksn,6121,73403,77,79,953,3509
Fall 2019,orange,0,time_period_07,place-masta,35251,44855,77,458,583,5164
Fall 2019,orange,0,time_period_01,place-jaksn,588,1586,77,8,21,145
Fall 2019,orange,0,time_period_01,place-masta,587,4152,77,8,54,308
Fall 2019,orange,0,time_period_01,place-mlmnl,31827,41,77,413,1,529
Fall 2019,orange,0,time_period_01,place-north,710,12578,77,9,163,944
Fall 2019,orange,0,time_period_01,place-ogmnl,8910,0,77,116,0,116
Fall 2019,orange,0,time_period_01,place-rcmnl,376,2490,77,5,32,158
Fall 2019,orange,0,time_period_01,place-rugg,563,9998,77,7,130,185
Fall 2019,orange,0,time_period_01,place-sbmnl,162,797,77,2,10,136
Fall 2019,orange,0,time_period_01,place-state,17240,11250,77,224,146,1013
Fall 2019,orange,0,time_period_01,place-sull,26814,2037,77,348,26,1093
Fall 2019,orange,0,time_period_01,place-tumnl,786,7536,77,10,98,529
Fall 2019,orange,0,time_period_01,place-welln,18255,710,77,237,9,756
Fall 2019,orange,0,time_period_02,place-astao,8404,3406,77,109,44,2708
Fall 2019,orange,0,time_period_02,place-bbsta,5317,57116,77,69,742,1400
Fall 2019,orange,0,time_period_02,place-ccmnl,8472,9223,77,110,120,3173
Fall 2019,orange,0,time_period_02,place-chncl,1314,15086,77,17,196,2507
Fall 2019,orange,0,time_period_02,place-dwnxg,25116,105742,77,326,1373,2686
Fall 2019,orange,0,time_period_02,place-forhl,0,29257,77,0,380,0
Fall 2019,orange,0,time_period_02,place-grnst,552,5433,77,7,71,380
Fall 2019,orange,0,time_period_02,place-haecl,21441,19630,77,278,255,3236
Fall 2019,orange,0,time_period_02,place-jaksn,4320,6333,77,56,82,470
Fall 2019,orange,0,time_period_02,place-masta,4033,13029,77,52,169,1283
Fall 2019,orange,0,time_period_10,place-astao,26335,7408,12,2195,617,11269
Fall 2019,orange,0,time_period_10,place-bbsta,21957,48874,12,1830,4073,11399
Fall 2019,orange,0,time_period_10,place-ccmnl,12139,7398,12,1012,617,14316
Fall 2019,orange,0,time_period_10,place-chncl,12926,24260,12,1077,2022,14487
Fall 2019,orange,0,time_period_10,place-dwnxg,46742,65280,12,3895,5440,15431
Fall 2019,orange,0,time_period_10,place-forhl,0,35565,12,0,2964,0
Fall 2019,orange,0,time_period_10,place-grnst,462,8268,12,39,689,2964
Fall 2019,orange,0,time_period_10,place-haecl,29472,28210,12,2456,2351,15417
Fall 2019,orange,0,time_period_10,place-jaksn,2398,14193,12,200,1183,4440
Fall 2019,orange,0,time_period_10,place-masta,9068,27661,12,756,2305,9850
Fall 2019,orange,0,time_period_10,place-mlmnl,57499,2383,12,4792,199,6861
Fall 2019,orange,0,time_period_10,place-north,30519,18568,12,2543,1547,15312
Fall 2019,orange,0,time_period_10,place-ogmnl,27220,0,12,2268,0,2268
Fall 2019,orange,0,time_period_10,place-rcmnl,2830,8472,12,236,706,5423
Fall 2019,orange,0,time_period_10,place-rugg,5662,53145,12,472,4429,5893
Fall 2019,orange,0,time_period_10,place-sbmnl,736,10641,12,61,887,3614
Fall 2019,orange,0,time_period_10,place-state,46070,27359,12,3839,2280,16976
Fall 2019,orange,0,time_period_10,place-sull,38555,6733,12,3213,561,13921
Fall 2019,orange,0,time_period_10,place-tumnl,9548,19681,12,796,1640,13642
Fall 2019,orange,0,time_period_10,place-welln,36572,2607,12,3048,217,9692
Fall 2019,orange,0,time_period_11,place-astao,13734,3829,8,1717,479,8981
Fall 2019,orange,0,time_period_11,place-bbsta,10556,26895,8,1320,3362,8170
Fall 2019,orange,0,time_period_11,place-ccmnl,6276,3464,8,785,433,11390
Fall 2019,orange,0,time_period_11,place-chncl,6316,13237,8,790,1655,10956
Fall 2019,orange,0,time_period_11,place-dwnxg,24305,38712,8,3038,4839,11821
Fall 2019,orange,0,time_period_11,place-forhl,0,12742,8,0,1593,0
Fall 2019,orange,0,time_period_11,place-grnst,154,2960,8,19,370,1593
Fall 2019,orange,0,time_period_11,place-haecl,11338,12136,8,1417,1517,12260
Fall 2019,orange,0,time_period_11,place-jaksn,915,5345,8,114,668,2374
Fall 2019,orange,0,time_period_11,place-masta,3670,21266,8,459,2658,5971
Fall 2019,orange,0,time_period_11,place-mlmnl,30596,794,8,3825,99,5453
Fall 2019,orange,0,time_period_11,place-north,16098,8343,8,2012,1043,12360
Fall 2019,orange,0,time_period_11,place-ogmnl,13824,0,8,1728,0,1728
Fall 2019,orange,0,time_period_11,place-rcmnl,1067,3261,8,133,408,2927
Fall 2019,orange,0,time_period_11,place-rugg,2296,24450,8,287,3056,3202
Fall 2019,orange,0,time_period_11,place-sbmnl,247,3688,8,31,461,1944
Fall 2019,orange,0,time_period_11,place-state,25356,14461,8,3170,1808,13622
Fall 2019,orange,0,time_period_11,place-sull,19600,3139,8,2450,392,11039
Fall 2019,orange,0,time_period_11,place-tumnl,5076,11019,8,635,1377,10213
Fall 2019,orange,0,time_period_11,place-welln,19580,1261,8,2448,158,7743
Fall 2019,orange,1,time_period_06,place-mlmnl,2652,378445,77,34,4915,2967
Fall 2019,orange,1,time_period_06,place-north,140392,193456,77,1823,2512,14001
Fall 2019,orange,1,time_period_09,place-astao,210,1149,77,3,15,95
Fall 2019,orange,1,time_period_04,place-astao,5512,54518,77,72,708,2519
Fall 2019,orange,1,time_period_06,place-ogmnl,0,228424,77,0,2967,0
Fall 2019,orange,1,time_period_06,place-rcmnl,43829,13467,77,569,175,2945
Fall 2019,orange,1,time_period_06,place-rugg,169011,24330,77,2195,316,4824
Fall 2019,orange,1,time_period_06,place-sbmnl,28488,3904,77,370,51,2054
Fall 2019,orange,1,time_period_06,place-state,205681,187202,77,2671,2431,14481
Fall 2019,orange,1,time_period_06,place-sull,26391,165994,77,343,2156,11615
Fall 2019,orange,1,time_period_06,place-tumnl,110388,19193,77,1434,249,10463
Fall 2019,orange,1,time_period_06,place-welln,7446,234427,77,97,3045,7847
Fall 2019,orange,1,time_period_07,place-astao,10784,41502,77,140,539,4166
Fall 2019,orange,1,time_period_01,place-mlmnl,24,3970,77,0,52,17
Fall 2019,orange,1,time_period_11,place-mlmnl,409,32580,8,51,4073,930
Fall 2019,orange,1,time_period_07,place-bbsta,135289,16860,77,1757,219,4051
Fall 2019,orange,1,time_period_07,place-ccmnl,15529,37194,77,202,483,5782
Fall 2019,orange,1,time_period_07,place-chncl,58343,16342,77,758,212,5012
Fall 2019,orange,1,time_period_07,place-dwnxg,195717,104131,77,2542,1352,6202
Fall 2019,orange,1,time_period_07,place-forhl,47822,0,77,621,0,621
Fall 2019,orange,1,time_period_07,place-grnst,14263,3300,77,185,43,763
Fall 2019,orange,1,time_period_07,place-haecl,48851,44799,77,634,582,5896
Fall 2019,orange,1,time_period_07,place-jaksn,21410,6038,77,278,78,1102
Fall 2019,orange,1,time_period_07,place-masta,33328,12762,77,433,166,2513
Fall 2019,orange,1,time_period_07,place-mlmnl,2006,155802,77,26,2023,800
Fall 2019,orange,1,time_period_07,place-north,73620,60710,77,956,788,6063
Fall 2019,orange,1,time_period_07,place-ogmnl,0,61622,77,0,800,0
Fall 2019,orange,1,time_period_07,place-rcmnl,19861,5338,77,258,69,1290
Fall 2019,orange,1,time_period_07,place-rugg,83984,10390,77,1091,135,2246
Fall 2019,orange,1,time_period_07,place-sbmnl,12643,1961,77,164,25,902
Fall 2019,orange,1,time_period_07,place-state,68298,95923,77,887,1246,5843
Fall 2019,orange,1,time_period_07,place-sull,13075,106770,77,170,1387,4565
Fall 2019,orange,1,time_period_07,place-tumnl,42418,10415,77,551,135,4467
Fall 2019,orange,1,time_period_07,place-welln,3878,109260,77,50,1419,2798
Fall 2019,orange,1,time_period_08,place-astao,1596,10039,77,21,130,747
Fall 2019,orange,1,time_period_08,place-bbsta,31283,2855,77,406,37,912
Fall 2019,orange,1,time_period_08,place-ccmnl,1887,10175,77,25,132,1451
Fall 2019,orange,1,time_period_08,place-chncl,17989,2090,77,234,27,1245
Fall 2019,orange,1,time_period_08,place-dwnxg,40362,21038,77,524,273,1496
Fall 2019,orange,1,time_period_08,place-forhl,12396,0,77,161,0,161
Fall 2019,orange,1,time_period_08,place-grnst,2279,637,77,30,8,182
Fall 2019,orange,1,time_period_08,place-haecl,16399,11282,77,213,147,1192
Fall 2019,orange,1,time_period_08,place-jaksn,4390,1074,77,57,14,252
Fall 2019,orange,1,time_period_08,place-masta,11332,2608,77,147,34,543
Fall 2019,orange,1,time_period_08,place-mlmnl,112,20491,77,1,266,84
Fall 2019,orange,1,time_period_08,place-north,35765,7572,77,464,98,1558
Fall 2019,orange,1,time_period_08,place-ogmnl,0,6504,77,0,84,0
Fall 2019,orange,1,time_period_08,place-rcmnl,3581,1071,77,47,14,284
Fall 2019,orange,1,time_period_08,place-rugg,13534,2327,77,176,30,430
Fall 2019,orange,1,time_period_08,place-sbmnl,2512,491,77,33,6,209
Fall 2019,orange,1,time_period_08,place-state,13835,42378,77,180,550,1126
Fall 2019,orange,1,time_period_08,place-sull,2165,47930,77,28,622,856
Fall 2019,orange,1,time_period_08,place-tumnl,11914,2158,77,155,28,1039
Fall 2019,orange,1,time_period_08,place-welln,652,31264,77,8,406,349
Fall 2019,orange,1,time_period_01,place-north,713,7021,77,9,91,280
Fall 2019,orange,1,time_period_04,place-bbsta,118246,93299,77,1536,1212,7437
Fall 2019,orange,1,time_period_11,place-north,13224,12347,8,1653,1543,12175
Fall 2019,orange,1,time_period_04,place-ccmnl,19345,106380,77,251,1382,3865
Fall 2019,orange,1,time_period_01,place-ogmnl,0,1284,77,0,17,0
Fall 2019,orange,1,time_period_01,place-rcmnl,4083,722,77,53,9,325
Fall 2019,orange,1,time_period_09,place-bbsta,4381,308,77,57,4,127
Fall 2019,orange,1,time_period_01,place-rugg,9007,1022,77,117,13,429
Fall 2019,orange,1,time_period_09,place-ccmnl,293,837,77,4,11,200
Fall 2019,orange,1,time_period_01,place-sbmnl,4939,11,77,64,0,114
Fall 2019,orange,1,time_period_09,place-chncl,2000,290,77,26,4,167
Fall 2019,orange,1,time_period_01,place-state,7903,7762,77,103,101,378
Fall 2019,orange,1,time_period_11,place-ogmnl,0,7442,8,0,930,0
Fall 2019,orange,1,time_period_09,place-dwnxg,6284,2491,77,82,32,216
Fall 2019,orange,1,time_period_01,place-sull,1467,7290,77,19,95,167
Fall 2019,orange,1,time_period_04,place-chncl,51988,44831,77,675,582,7712
Fall 2019,orange,1,time_period_01,place-tumnl,1353,1667,77,18,22,391
Fall 2019,orange,1,time_period_11,place-rcmnl,2967,1048,8,371,131,2929
Fall 2019,orange,1,time_period_04,place-dwnxg,213436,242101,77,2772,3144,7340
Fall 2019,orange,1,time_period_09,place-forhl,2877,0,77,37,0,37
Fall 2019,orange,1,time_period_09,place-grnst,673,810,77,9,11,36
Fall 2019,orange,1,time_period_01,place-welln,244,5008,77,3,65,68
Fall 2019,orange,1,time_period_04,place-forhl,230027,0,77,2987,0,2987
Fall 2019,orange,1,time_period_11,place-rugg,40222,2049,8,5028,256,7701
Fall 2019,orange,1,time_period_02,place-astao,252,18602,77,3,242,361
Fall 2019,orange,1,time_period_09,place-haecl,2258,1419,77,29,18,170
Fall 2019,orange,1,time_period_02,place-bbsta,25516,30170,77,331,392,2365
Fall 2019,orange,1,time_period_09,place-jaksn,479,197,77,6,3,41
Fall 2019,orange,1,time_period_11,place-sbmnl,3201,280,8,400,35,2149
Fall 2019,orange,1,time_period_02,place-ccmnl,573,22700,77,7,295,856
Fall 2019,orange,1,time_period_09,place-masta,1382,342,77,18,4,74
Fall 2019,orange,1,time_period_04,place-grnst,65333,5309,77,848,69,3767
Fall 2019,orange,1,time_period_02,place-chncl,2409,5967,77,31,77,2175
Fall 2019,orange,1,time_period_11,place-state,16097,26256,8,2012,3282,12042
Fall 2019,orange,1,time_period_04,place-haecl,39583,87587,77,514,1137,5705
Fall 2019,orange,1,time_period_09,place-mlmnl,28,3366,77,0,44,5
Fall 2019,orange,1,time_period_02,place-dwnxg,33418,64418,77,434,837,1773
Fall 2019,orange,1,time_period_11,place-sull,3563,21113,8,445,2639,8855
Fall 2019,orange,1,time_period_04,place-jaksn,97375,9681,77,1265,126,5792
Fall 2019,orange,1,time_period_09,place-north,3608,783,77,47,10,207
Fall 2019,orange,1,time_period_02,place-forhl,136873,0,77,1778,0,1778
Fall 2019,orange,1,time_period_11,place-tumnl,9386,5069,8,1173,634,10895
Fall 2019,orange,1,time_period_04,place-masta,62221,49016,77,808,637,7113
Fall 2019,orange,1,time_period_09,place-ogmnl,0,352,77,0,5,0
Fall 2019,orange,1,time_period_11,place-welln,1100,19627,8,138,2453,4952
Fall 2019,orange,1,time_period_02,place-grnst,14330,2051,77,186,27,1937
Fall 2019,orange,1,time_period_04,place-mlmnl,1567,97137,77,20,1262,421
Fall 2019,orange,1,time_period_02,place-haecl,7608,19467,77,99,253,1465
Fall 2019,orange,1,time_period_02,place-jaksn,29634,1843,77,385,24,2483
Fall 2019,orange,1,time_period_04,place-north,41079,95704,77,533,1243,4996
Fall 2019,orange,1,time_period_02,place-masta,9247,11894,77,120,154,2426
Fall 2019,orange,1,time_period_04,place-ogmnl,0,32454,77,0,421,0
Fall 2019,orange,1,time_period_02,place-mlmnl,154,13370,77,2,174,50
Fall 2019,orange,1,time_period_02,place-north,6707,31492,77,87,409,1143
Fall 2019,orange,1,time_period_04,place-rcmnl,62322,22819,77,809,296,6305
Fall 2019,orange,1,time_period_09,place-rcmnl,442,178,77,6,2,45
Fall 2019,orange,1,time_period_02,place-ogmnl,0,3882,77,0,50,0
Fall 2019,orange,1,time_period_04,place-rugg,99466,50478,77,1292,656,6942
Fall 2019,orange,1,time_period_09,place-rugg,1635,415,77,21,5,60
Fall 2019,orange,1,time_period_01,place-astao,44,2926,77,1,38,130
Fall 2019,orange,1,time_period_01,place-bbsta,1806,6187,77,23,80,395
Fall 2019,orange,1,time_period_01,place-ccmnl,35,2889,77,0,38,243
Fall 2019,orange,1,time_period_01,place-chncl,642,719,77,8,9,390
Fall 2019,orange,1,time_period_01,place-dwnxg,10810,11839,77,140,154,376
Fall 2019,orange,1,time_period_01,place-forhl,837,0,77,11,0,11
Fall 2019,orange,1,time_period_01,place-grnst,3330,313,77,43,4,50
Fall 2019,orange,1,time_period_01,place-haecl,3183,4448,77,41,58,362
Fall 2019,orange,1,time_period_01,place-jaksn,12926,16,77,168,0,282
Fall 2019,orange,1,time_period_01,place-masta,3022,1274,77,39,17,452
Fall 2019,orange,1,time_period_02,place-rcmnl,9401,16436,77,122,213,2392
Fall 2019,orange,1,time_period_02,place-rugg,20838,15558,77,271,202,2460
Fall 2019,orange,1,time_period_02,place-sbmnl,14911,659,77,194,9,2122
Fall 2019,orange,1,time_period_09,place-sbmnl,230,89,77,3,1,37
Fall 2019,orange,1,time_period_02,place-state,24542,36380,77,319,472,1619
Fall 2019,orange,1,time_period_02,place-sull,3818,23547,77,50,306,600
Fall 2019,orange,1,time_period_09,place-state,2585,6947,77,34,90,159
Fall 2019,orange,1,time_period_02,place-tumnl,4745,15827,77,62,206,2222
Fall 2019,orange,1,time_period_09,place-sull,516,7666,77,7,100,107
Fall 2019,orange,1,time_period_02,place-welln,1050,11766,77,14,153,222
Fall 2019,orange,1,time_period_09,place-tumnl,1648,281,77,21,4,145
Fall 2019,orange,1,time_period_03,place-astao,832,65395,77,11,849,975
Fall 2019,orange,1,time_period_09,place-welln,255,3866,77,3,50,48
Fall 2019,orange,1,time_period_03,place-bbsta,144349,133138,77,1875,1729,9214
Fall 2019,orange,1,time_period_10,place-astao,6839,30945,12,570,2579,8866
Fall 2019,orange,1,time_period_04,place-sbmnl,71393,3123,77,927,41,4654
Fall 2019,orange,1,time_period_03,place-ccmnl,3820,76522,77,50,994,2476
Fall 2019,orange,1,time_period_03,place-chncl,11417,39724,77,148,516,8401
Fall 2019,orange,1,time_period_03,place-dwnxg,146984,254655,77,1909,3307,7003
Fall 2019,orange,1,time_period_04,place-state,72299,150194,77,939,1951,6328
Fall 2019,orange,1,time_period_03,place-forhl,352753,0,77,4581,0,4581
Fall 2019,orange,1,time_period_04,place-sull,16547,71186,77,215,924,3156
Fall 2019,orange,1,time_period_03,place-grnst,95815,6317,77,1244,82,5744
Fall 2019,orange,1,time_period_04,place-tumnl,56425,42390,77,733,551,7619
Fall 2019,orange,1,time_period_03,place-haecl,17819,76478,77,231,993,4800
Fall 2019,orange,1,time_period_04,place-welln,4103,70059,77,53,910,1663
Fall 2019,orange,1,time_period_03,place-jaksn,115639,5230,77,1502,68,8501
Fall 2019,orange,1,time_period_03,place-masta,59260,49430,77,770,642,9069
Fall 2019,orange,1,time_period_05,place-astao,8877,42894,77,115,557,3991
Fall 2019,orange,1,time_period_03,place-mlmnl,1000,35380,77,13,459,111
Fall 2019,orange,1,time_period_03,place-north,30864,137147,77,401,1781,3420
Fall 2019,orange,1,time_period_03,place-ogmnl,0,8525,77,0,111,0
Fall 2019,orange,1,time_period_03,place-rcmnl,62668,44567,77,814,579,8736
Fall 2019,orange,1,time_period_03,place-rugg,70612,54815,77,917,712,8941
Fall 2019,orange,1,time_period_03,place-sbmnl,104197,2288,77,1353,30,7067
Fall 2019,orange,1,time_period_03,place-state,54729,165700,77,711,2152,5562
Fall 2019,orange,1,time_period_03,place-sull,13044,63995,77,169,831,1814
Fall 2019,orange,1,time_period_03,place-tumnl,23852,58144,77,310,755,8769
Fall 2019,orange,1,time_period_03,place-welln,1840,34046,77,24,442,557
Fall 2019,orange,1,time_period_10,place-bbsta,44195,21537,12,3683,1795,12947
Fall 2019,orange,1,time_period_10,place-ccmnl,4012,21855,12,334,1821,13499
Fall 2019,orange,1,time_period_10,place-chncl,27034,14120,12,2253,1177,14659
Fall 2019,orange,1,time_period_10,place-dwnxg,67597,49984,12,5633,4165,16126
Fall 2019,orange,1,time_period_10,place-forhl,33872,0,12,2823,0,2823
Fall 2019,orange,1,time_period_10,place-grnst,7941,873,12,662,73,3412
Fall 2019,orange,1,time_period_10,place-haecl,32359,31242,12,2697,2604,14560
Fall 2019,orange,1,time_period_10,place-jaksn,13816,2118,12,1151,177,5140
Fall 2019,orange,1,time_period_10,place-masta,25973,18638,12,2164,1553,11059
Fall 2019,orange,1,time_period_10,place-mlmnl,619,60031,12,52,5003,1113
Fall 2019,orange,1,time_period_10,place-north,28741,23631,12,2395,1969,14986
Fall 2019,orange,1,time_period_10,place-ogmnl,0,13350,12,0,1113,0
Fall 2019,orange,1,time_period_10,place-rcmnl,8287,2870,12,691,239,5591
Fall 2019,orange,1,time_period_10,place-rugg,63489,5209,12,5291,434,10448
Fall 2019,orange,1,time_period_10,place-sbmnl,9765,728,12,814,61,4165
Fall 2019,orange,1,time_period_10,place-state,28351,48267,12,2363,4022,14467
Fall 2019,orange,1,time_period_10,place-sull,7716,39203,12,643,3267,10875
Fall 2019,orange,1,time_period_10,place-tumnl,16741,9115,12,1395,760,13582
Fall 2019,orange,1,time_period_10,place-welln,2324,35953,12,194,2996,6064
Fall 2019,orange,1,time_period_11,place-astao,3581,16281,8,448,2035,7268
Fall 2019,orange,1,time_period_11,place-bbsta,25616,10032,8,3202,1254,10356
Fall 2019,orange,1,time_period_11,place-ccmnl,2153,11162,8,269,1395,11049
Fall 2019,orange,1,time_period_11,place-chncl,15640,7176,8,1955,897,11954
Fall 2019,orange,1,time_period_11,place-dwnxg,39647,28780,8,4956,3598,13312
Fall 2019,orange,1,time_period_11,place-forhl,11831,0,8,1479,0,1479
Fall 2019,orange,1,time_period_11,place-grnst,2738,296,8,342,37,1784
Fall 2019,orange,1,time_period_11,place-haecl,12971,12784,8,1621,1598,12065
Fall 2019,orange,1,time_period_11,place-jaksn,5020,700,8,628,88,2689
Fall 2019,orange,1,time_period_11,place-masta,11504,5848,8,1438,731,8408
Fall 2019,orange,1,time_period_05,place-bbsta,108204,46051,77,1405,598,5291
Fall 2019,orange,1,time_period_05,place-ccmnl,17491,59874,77,227,778,5306
Fall 2019,orange,1,time_period_05,place-chncl,54881,22138,77,713,288,6217
Fall 2019,orange,1,time_period_05,place-dwnxg,227987,162838,77,2961,2115,7063
Fall 2019,orange,1,time_period_05,place-forhl,116360,0,77,1511,0,1511
Fall 2019,orange,1,time_period_05,place-grnst,28020,5871,77,364,76,1799
Fall 2019,orange,1,time_period_05,place-haecl,47604,60169,77,618,781,6083
Fall 2019,orange,1,time_period_05,place-jaksn,45350,13542,77,589,176,2467
Fall 2019,orange,1,time_period_05,place-masta,41153,25638,77,534,333,4484
Fall 2019,orange,1,time_period_05,place-mlmnl,1508,144060,77,20,1871,946
Fall 2019,orange,1,time_period_05,place-north,57349,74752,77,745,971,5857
Fall 2019,orange,1,time_period_05,place-ogmnl,0,72845,77,0,946,0
Fall 2019,orange,1,time_period_05,place-rcmnl,62237,14208,77,808,185,3091
Fall 2019,orange,1,time_period_05,place-rugg,118300,26567,77,1536,345,4282
Fall 2019,orange,1,time_period_05,place-sbmnl,22783,3144,77,296,41,2054
Fall 2019,orange,1,time_period_05,place-state,82726,145647,77,1074,1892,6246
Fall 2019,orange,1,time_period_05,place-sull,14936,82153,77,194,1067,4433
Fall 2019,orange,1,time_period_05,place-tumnl,61487,22917,77,799,298,5792
Fall 2019,orange,1,time_period_05,place-welln,3901,95848,77,51,1245,2797
Fall 2019,orange,1,time_period_06,place-astao,19136,82272,77,249,1068,10795
Fall 2019,orange,1,time_period_06,place-bbsta,342673,46327,77,4450,602,9279
Fall 2019,orange,1,time_period_06,place-ccmnl,33201,77323,77,431,1004,13428
Fall 2019,orange,1,time_period_06,place-chncl,90045,30998,77,1169,403,11230
Fall 2019,orange,1,time_period_06,place-dwnxg,456299,224440,77,5926,2915,14241
Fall 2019,orange,1,time_period_06,place-forhl,108691,0,77,1412,0,1412
Fall 2019,orange,1,time_period_06,place-grnst,28326,3417,77,368,44,1735
Fall 2019,orange,1,time_period_06,place-haecl,90454,74391,77,1175,966,14690
Fall 2019,orange,1,time_period_06,place-jaksn,50914,12693,77,661,165,2551
Fall 2019,orange,1,time_period_06,place-masta,69561,22878,77,903,297,5430
Fall 2019,red,0,time_period_05,place-asmnl,0,118221,77,0,1535,0
Fall 2019,red,0,time_period_05,place-brdwy,25436,45375,77,330,589,7553
Fall 2019,red,0,time_period_05,place-brntn,0,72016,77,0,935,0
Fall 2019,red,0,time_period_05,place-chmnl,102736,34439,77,1334,447,7287
Fall 2019,red,0,time_period_05,place-cntsq,100113,34045,77,1300,442,4835
Fall 2019,red,0,time_period_05,place-davis,62838,4611,77,816,60,1535
Fall 2019,red,0,time_period_05,place-dwnxg,203502,164500,77,2643,2136,8310
Fall 2019,red,0,time_period_05,place-fldcr,16259,72630,77,211,943,1993
Fall 2019,red,0,time_period_05,place-harsq,172338,23059,77,2238,299,3977
Fall 2019,red,0,time_period_05,place-jfk,60261,69807,77,783,907,3506
Fall 2019,red,0,time_period_05,place-knncl,157385,36882,77,2044,479,6400
Fall 2019,red,0,time_period_05,place-nqncy,13957,62834,77,181,816,3356
Fall 2019,red,0,time_period_05,place-pktrm,198084,158294,77,2573,2056,7804
Fall 2019,red,0,time_period_05,place-portr,45669,6903,77,593,90,2038
Fall 2019,red,0,time_period_05,place-qamnl,307,52538,77,4,682,935
Fall 2019,red,0,time_period_05,place-qnctr,2852,99259,77,37,1289,1614
Fall 2019,red,0,time_period_05,place-shmnl,4640,27354,77,60,355,2725
Fall 2019,red,0,time_period_05,place-smmnl,1749,37004,77,23,481,1535
Fall 2019,red,0,time_period_05,place-sstat,111357,149721,77,1446,1944,7812
Fall 2019,red,0,time_period_05,place-wlsta,4815,42594,77,63,553,2866
Fall 2019,red,0,time_period_06,place-alfcl,152376,0,77,1979,0,1979
Fall 2019,red,0,time_period_06,place-andrw,38641,114197,77,502,1483,16500
Fall 2019,red,0,time_period_06,place-asmnl,0,220672,77,0,2866,0
Fall 2019,red,0,time_period_06,place-brdwy,54184,113919,77,704,1479,17482
Fall 2019,red,0,time_period_02,place-shmnl,1662,1696,77,22,22,225
Fall 2019,red,0,time_period_02,place-smmnl,462,2710,77,6,35,160
Fall 2019,red,0,time_period_06,place-brntn,0,145157,77,0,1885,0
Fall 2019,red,0,time_period_06,place-chmnl,174562,61860,77,2267,803,13875
Fall 2019,red,0,time_period_06,place-cntsq,176758,60575,77,2296,787,7970
Fall 2019,red,0,time_period_02,place-sstat,8111,48876,77,105,635,981
Fall 2019,red,0,time_period_02,place-wlsta,1392,1521,77,18,20,322
Fall 2019,red,0,time_period_06,place-davis,95174,20443,77,1236,265,2949
Fall 2019,red,0,time_period_06,place-dwnxg,403860,282570,77,5245,3670,17815
Fall 2019,red,0,time_period_03,place-alfcl,372451,0,77,4837,0,4837
Fall 2019,red,0,time_period_06,place-fldcr,15305,106960,77,199,1389,3816
Fall 2019,red,0,time_period_06,place-harsq,261472,38963,77,3396,506,6461
Fall 2019,red,0,time_period_06,place-jfk,91894,138189,77,1193,1795,7950
Fall 2019,red,0,time_period_03,place-andrw,17199,24009,77,223,312,3203
Fall 2019,red,0,time_period_06,place-knncl,378498,36503,77,4916,474,12412
Fall 2019,red,0,time_period_03,place-asmnl,0,38739,77,0,503,0
Fall 2019,red,0,time_period_06,place-nqncy,19855,177107,77,258,2300,8091
Fall 2019,red,0,time_period_06,place-pktrm,447995,265892,77,5818,3453,16240
Fall 2019,red,0,time_period_06,place-portr,65715,17812,77,853,231,3572
Fall 2019,red,0,time_period_06,place-qamnl,841,144985,77,11,1883,1885
Fall 2019,red,0,time_period_06,place-qnctr,7058,229866,77,92,2985,3757
Fall 2019,red,0,time_period_06,place-shmnl,4676,63138,77,61,820,5007
Fall 2019,red,0,time_period_06,place-smmnl,1925,75118,77,25,976,2866
Fall 2019,red,0,time_period_06,place-sstat,348532,314496,77,4526,4084,18258
Fall 2019,red,0,time_period_06,place-wlsta,4779,115678,77,62,1502,6651
Fall 2019,red,0,time_period_07,place-alfcl,58141,0,77,755,0,755
Fall 2019,red,0,time_period_07,place-andrw,18057,70270,77,235,913,8210
Fall 2019,red,0,time_period_07,place-asmnl,0,103165,77,0,1340,0
Fall 2019,red,0,time_period_07,place-brdwy,28769,62123,77,374,807,8888
Fall 2019,red,0,time_period_07,place-brntn,0,42161,77,0,548,0
Fall 2019,red,0,time_period_07,place-chmnl,74143,30335,77,963,394,6000
Fall 2019,red,0,time_period_07,place-cntsq,97511,46836,77,1266,608,4278
Fall 2019,red,0,time_period_07,place-davis,65174,8302,77,846,108,1494
Fall 2019,red,0,time_period_03,place-brdwy,16061,43929,77,209,571,3292
Fall 2019,red,0,time_period_03,place-brntn,0,10549,77,0,137,0
Fall 2019,red,0,time_period_03,place-chmnl,31190,101949,77,405,1324,12003
Fall 2019,red,0,time_period_03,place-cntsq,199838,120944,77,2595,1571,15139
Fall 2019,red,0,time_period_03,place-davis,372722,3231,77,4841,42,9636
Fall 2019,red,0,time_period_03,place-dwnxg,163998,275678,77,2130,3580,7976
Fall 2019,red,0,time_period_03,place-fldcr,12980,30531,77,169,397,642
Fall 2019,red,0,time_period_03,place-harsq,184960,85248,77,2402,1107,14115
Fall 2019,red,0,time_period_03,place-jfk,24565,111386,77,319,1447,1038
Fall 2019,red,0,time_period_03,place-knncl,56897,227641,77,739,2956,12922
Fall 2019,red,0,time_period_03,place-nqncy,6705,36500,77,87,474,819
Fall 2019,red,0,time_period_03,place-pktrm,105230,303643,77,1367,3943,9426
Fall 2019,red,0,time_period_03,place-portr,255267,10087,77,3315,131,12820
Fall 2019,red,0,time_period_03,place-qamnl,565,15865,77,7,206,137
Fall 2019,red,0,time_period_03,place-qnctr,4337,41001,77,56,532,336
Fall 2019,red,0,time_period_03,place-shmnl,7276,7237,77,94,94,870
Fall 2019,red,0,time_period_03,place-smmnl,1807,12506,77,23,162,503
Fall 2019,red,0,time_period_03,place-sstat,46880,379692,77,609,4931,3654
Fall 2019,red,0,time_period_03,place-wlsta,5002,5567,77,65,72,812
Fall 2019,red,0,time_period_04,place-alfcl,196752,0,77,2555,0,2555
Fall 2019,red,0,time_period_04,place-andrw,23345,43564,77,303,566,4969
Fall 2019,red,0,time_period_04,place-asmnl,0,61480,77,0,798,0
Fall 2019,red,0,time_period_04,place-brdwy,17478,44967,77,227,584,5232
Fall 2019,red,0,time_period_04,place-brntn,0,25569,77,0,332,0
Fall 2019,red,0,time_period_04,place-chmnl,62761,78902,77,815,1025,9320
Fall 2019,red,0,time_period_04,place-cntsq,189460,85841,77,2461,1115,10904
Fall 2019,red,0,time_period_04,place-davis,231035,6548,77,3000,85,5471
Fall 2019,red,0,time_period_04,place-dwnxg,216904,234465,77,2817,3045,7673
Fall 2019,red,0,time_period_04,place-fldcr,10412,44444,77,135,577,1049
Fall 2019,red,0,time_period_04,place-harsq,233481,70560,77,3032,916,9558
Fall 2019,red,0,time_period_04,place-jfk,45103,130900,77,586,1700,1927
Fall 2019,red,0,time_period_04,place-knncl,91860,197667,77,1193,2567,9529
Fall 2019,red,0,time_period_04,place-nqncy,11873,43771,77,154,568,1817
Fall 2019,red,0,time_period_04,place-pktrm,161428,270663,77,2096,3515,7901
Fall 2019,red,0,time_period_04,place-portr,163336,11542,77,2121,150,7442
Fall 2019,red,0,time_period_04,place-qamnl,352,26221,77,5,341,332
Fall 2019,red,0,time_period_04,place-qnctr,5018,79523,77,65,1033,668
Fall 2019,red,0,time_period_04,place-shmnl,4819,15022,77,63,195,1491
Fall 2019,red,0,time_period_04,place-smmnl,1303,20577,77,17,267,798
Fall 2019,red,0,time_period_04,place-sstat,74421,234917,77,967,3051,5589
Fall 2019,red,0,time_period_04,place-wlsta,8633,22634,77,112,294,1636
Fall 2019,red,0,time_period_05,place-alfcl,59955,0,77,779,0,779
Fall 2019,red,0,time_period_05,place-andrw,28821,60989,77,374,792,7135
Fall 2019,red,0,time_period_01,place-alfcl,7839,0,77,102,0,102
Fall 2019,red,0,time_period_01,place-andrw,1732,5861,77,22,76,208
Fall 2019,red,0,time_period_01,place-asmnl,0,3853,77,0,50,0
Fall 2019,red,0,time_period_01,place-brdwy,1450,3157,77,19,41,262
Fall 2019,red,0,time_period_01,place-brntn,0,1923,77,0,25,0
Fall 2019,red,0,time_period_01,place-chmnl,1011,5657,77,13,73,374
Fall 2019,red,0,time_period_01,place-cntsq,7345,2808,77,95,36,483
Fall 2019,red,0,time_period_01,place-davis,8833,77,77,115,1,216
Fall 2019,red,0,time_period_01,place-dwnxg,10933,9313,77,142,121,404
Fall 2019,red,0,time_period_01,place-fldcr,628,1822,77,8,24,55
Fall 2019,red,0,time_period_01,place-harsq,12062,1688,77,157,22,424
Fall 2019,red,0,time_period_01,place-jfk,1600,2164,77,21,28,100
Fall 2019,red,0,time_period_01,place-knncl,1389,5162,77,18,67,434
Fall 2019,red,0,time_period_01,place-nqncy,18,1725,77,0,22,107
Fall 2019,red,0,time_period_01,place-pktrm,9017,8272,77,117,107,383
Fall 2019,red,0,time_period_01,place-portr,6098,409,77,79,5,289
Fall 2019,red,0,time_period_01,place-qamnl,0,1585,77,0,21,25
Fall 2019,red,0,time_period_01,place-qnctr,0,4525,77,0,59,46
Fall 2019,red,0,time_period_01,place-shmnl,241,303,77,3,4,70
Fall 2019,red,0,time_period_01,place-smmnl,97,462,77,1,6,50
Fall 2019,red,0,time_period_01,place-sstat,1852,11147,77,24,145,284
Fall 2019,red,0,time_period_01,place-wlsta,2,234,77,0,3,104
Fall 2019,red,0,time_period_02,place-alfcl,72111,0,77,937,0,937
Fall 2019,red,0,time_period_02,place-andrw,6553,13627,77,85,177,787
Fall 2019,red,0,time_period_02,place-asmnl,0,12337,77,0,160,0
Fall 2019,red,0,time_period_02,place-brdwy,4434,12317,77,58,160,879
Fall 2019,red,0,time_period_02,place-brntn,0,6412,77,0,83,0
Fall 2019,red,0,time_period_02,place-chmnl,3257,32451,77,42,421,1543
Fall 2019,red,0,time_period_02,place-cntsq,21951,18096,77,285,235,2159
Fall 2019,red,0,time_period_02,place-davis,43926,550,77,570,7,1500
Fall 2019,red,0,time_period_02,place-dwnxg,40055,32616,77,520,424,1511
Fall 2019,red,0,time_period_02,place-fldcr,3741,6481,77,49,84,189
Fall 2019,red,0,time_period_02,place-harsq,27623,7437,77,359,97,2109
Fall 2019,red,0,time_period_02,place-jfk,6176,17447,77,80,227,320
Fall 2019,red,0,time_period_02,place-knncl,6930,25192,77,90,327,1922
Fall 2019,red,0,time_period_02,place-nqncy,2371,9448,77,31,123,323
Fall 2019,red,0,time_period_02,place-pktrm,27070,36978,77,352,480,1414
Fall 2019,red,0,time_period_02,place-portr,28278,1548,77,367,20,1847
Fall 2019,red,0,time_period_02,place-qamnl,110,6433,77,1,84,83
Fall 2019,red,0,time_period_02,place-qnctr,1388,13430,77,18,174,165
Fall 2019,red,0,time_period_09,place-pktrm,11009,5807,77,143,75,253
Fall 2019,red,0,time_period_09,place-portr,1268,133,77,16,2,45
Fall 2019,red,0,time_period_09,place-qamnl,2,1496,77,0,19,1
Fall 2019,red,0,time_period_09,place-qnctr,22,2870,77,0,37,21
Fall 2019,red,0,time_period_09,place-shmnl,92,1899,77,1,25,164
Fall 2019,red,0,time_period_09,place-smmnl,32,6017,77,0,78,12
Fall 2019,red,0,time_period_07,place-dwnxg,211556,123867,77,2747,1609,8526
Fall 2019,red,0,time_period_09,place-sstat,6003,1935,77,78,25,355
Fall 2019,red,0,time_period_11,place-sstat,24904,25066,8,3113,3133,14975
Fall 2019,red,0,time_period_09,place-wlsta,51,1885,77,1,24,58
Fall 2019,red,0,time_period_07,place-fldcr,6134,68546,77,80,890,1913
Fall 2019,red,0,time_period_10,place-alfcl,42458,0,12,3538,0,3538
Fall 2019,red,0,time_period_11,place-wlsta,1635,9036,8,204,1130,4229
Fall 2019,red,0,time_period_07,place-harsq,148541,28143,77,1929,365,3620
Fall 2019,red,0,time_period_10,place-andrw,8599,19190,12,717,1599,13094
Fall 2019,red,0,time_period_07,place-jfk,55308,93942,77,718,1220,3854
Fall 2019,red,0,time_period_10,place-asmnl,0,30430,12,0,2536,0
Fall 2019,red,0,time_period_07,place-knncl,116815,28006,77,1517,364,5431
Fall 2019,red,0,time_period_07,place-nqncy,6189,91628,77,80,1190,3357
Fall 2019,red,0,time_period_07,place-pktrm,251472,144674,77,3266,1879,7387
Fall 2019,red,0,time_period_07,place-portr,52291,8973,77,679,117,2056
Fall 2019,red,0,time_period_10,place-brdwy,7318,15626,12,610,1302,13977
Fall 2019,red,0,time_period_07,place-qamnl,561,61514,77,7,799,548
Fall 2019,red,0,time_period_10,place-brntn,0,13801,12,0,1150,0
Fall 2019,red,0,time_period_10,place-chmnl,14521,16819,12,1210,1402,16595
Fall 2019,red,0,time_period_07,place-qnctr,2397,100907,77,31,1310,1339
Fall 2019,red,0,time_period_10,place-cntsq,44086,25235,12,3674,2103,16281
Fall 2019,red,0,time_period_07,place-shmnl,2784,42671,77,36,554,2723
Fall 2019,red,0,time_period_10,place-davis,50317,2922,12,4193,244,7488
Fall 2019,red,0,time_period_10,place-dwnxg,46830,44291,12,3903,3691,15172
Fall 2019,red,0,time_period_07,place-smmnl,1212,45323,77,16,589,1340
Fall 2019,red,0,time_period_10,place-fldcr,3744,21950,12,312,1829,3369
Fall 2019,red,0,time_period_07,place-sstat,154908,93704,77,2012,1217,9321
Fall 2019,red,0,time_period_10,place-harsq,78755,23259,12,6563,1938,14710
Fall 2019,red,0,time_period_07,place-wlsta,2891,59767,77,38,776,2618
Fall 2019,red,0,time_period_10,place-jfk,13087,25025,12,1091,2085,6050
Fall 2019,red,0,time_period_08,place-alfcl,9202,0,77,120,0,120
Fall 2019,red,0,time_period_10,place-knncl,23808,17751,12,1984,1479,16786
Fall 2019,red,0,time_period_08,place-andrw,6109,17622,77,79,229,2361
Fall 2019,red,0,time_period_10,place-nqncy,3290,18783,12,274,1565,5374
Fall 2019,red,0,time_period_10,place-pktrm,81487,101097,12,6791,8425,14960
Fall 2019,red,0,time_period_10,place-portr,35588,4412,12,2966,368,10086
Fall 2019,red,0,time_period_10,place-qamnl,193,12275,12,16,1023,1150
Fall 2019,red,0,time_period_10,place-qnctr,1129,29681,12,94,2473,2157
Fall 2019,red,0,time_period_10,place-shmnl,1989,8576,12,166,715,4886
Fall 2019,red,0,time_period_10,place-smmnl,347,10340,12,29,862,2536
Fall 2019,red,0,time_period_10,place-sstat,31676,37713,12,2640,3143,14669
Fall 2019,red,0,time_period_10,place-wlsta,2677,12726,12,223,1061,4536
Fall 2019,red,0,time_period_11,place-alfcl,26599,0,8,3325,0,3325
Fall 2019,red,0,time_period_11,place-andrw,5300,13738,8,663,1717,13192
Fall 2019,red,0,time_period_11,place-asmnl,0,19352,8,0,2419,0
Fall 2019,red,0,time_period_11,place-brdwy,5904,11731,8,738,1466,14247
Fall 2019,red,0,time_period_11,place-brntn,0,7632,8,0,954,0
Fall 2019,red,0,time_period_11,place-chmnl,10400,11771,8,1300,1471,16806
Fall 2019,red,0,time_period_11,place-cntsq,31730,17906,8,3966,2238,16458
Fall 2019,red,0,time_period_11,place-davis,32138,1655,8,4017,207,7135
Fall 2019,red,0,time_period_11,place-dwnxg,32730,33488,8,4091,4186,14995
Fall 2019,red,0,time_period_11,place-fldcr,1711,14838,8,214,1855,3220
Fall 2019,red,0,time_period_11,place-harsq,54548,14568,8,6818,1821,14730
Fall 2019,red,0,time_period_11,place-jfk,6869,17467,8,859,2183,5934
Fall 2019,red,0,time_period_11,place-knncl,16594,12443,8,2074,1555,16977
Fall 2019,red,0,time_period_11,place-nqncy,2161,13239,8,270,1655,5154
Fall 2019,red,0,time_period_11,place-pktrm,50858,64584,8,6357,8073,15090
Fall 2019,red,0,time_period_11,place-portr,23630,2849,8,2954,356,9733
Fall 2019,red,0,time_period_11,place-qamnl,101,7567,8,13,946,954
Fall 2019,red,0,time_period_11,place-qnctr,698,19431,8,87,2429,1887
Fall 2019,red,0,time_period_11,place-shmnl,2059,5801,8,257,725,4861
Fall 2019,red,0,time_period_11,place-smmnl,182,6589,8,23,824,2419
Fall 2019,red,0,time_period_08,place-asmnl,0,30148,77,0,392,0
Fall 2019,red,0,time_period_08,place-brdwy,6748,10516,77,88,137,2510
Fall 2019,red,0,time_period_08,place-brntn,0,11500,77,0,149,0
Fall 2019,red,0,time_period_08,place-chmnl,20876,4777,77,271,62,1670
Fall 2019,red,0,time_period_08,place-cntsq,28512,7839,77,370,102,1231
Fall 2019,red,0,time_period_08,place-davis,16661,1226,77,216,16,320
Fall 2019,red,0,time_period_08,place-dwnxg,44470,30784,77,578,400,2360
Fall 2019,red,0,time_period_08,place-fldcr,1359,29221,77,18,379,561
Fall 2019,red,0,time_period_08,place-harsq,41924,4848,77,544,63,963
Fall 2019,red,0,time_period_08,place-jfk,8193,24075,77,106,313,1077
Fall 2019,red,0,time_period_08,place-knncl,22520,4825,77,292,63,1461
Fall 2019,red,0,time_period_08,place-nqncy,1920,21301,77,25,277,837
Fall 2019,red,0,time_period_08,place-pktrm,85566,46130,77,1111,599,2182
Fall 2019,red,0,time_period_08,place-portr,13569,1169,77,176,15,481
Fall 2019,red,0,time_period_08,place-qamnl,124,15110,77,2,196,149
Fall 2019,red,0,time_period_08,place-qnctr,264,22753,77,3,295,344
Fall 2019,red,0,time_period_08,place-shmnl,516,11504,77,7,149,923
Fall 2019,red,0,time_period_08,place-smmnl,103,13169,77,1,171,392
Fall 2019,red,0,time_period_08,place-sstat,34679,19308,77,450,251,2559
Fall 2019,red,0,time_period_08,place-wlsta,961,16452,77,12,214,636
Fall 2019,red,0,time_period_09,place-alfcl,603,0,77,8,0,8
Fall 2019,red,0,time_period_09,place-andrw,1080,2548,77,14,33,328
Fall 2019,red,0,time_period_09,place-asmnl,0,910,77,0,12,0
Fall 2019,red,0,time_period_09,place-brdwy,1128,1733,77,15,23,347
Fall 2019,red,0,time_period_09,place-brntn,0,107,77,0,1,0
Fall 2019,red,0,time_period_09,place-chmnl,1302,604,77,17,8,186
Fall 2019,red,0,time_period_09,place-cntsq,3672,904,77,48,12,142
Fall 2019,red,0,time_period_09,place-davis,1729,39,77,22,1,30
Fall 2019,red,0,time_period_09,place-dwnxg,6541,2822,77,85,37,302
Fall 2019,red,0,time_period_09,place-fldcr,264,6012,77,3,78,90
Fall 2019,red,0,time_period_09,place-harsq,5108,374,77,66,5,106
Fall 2019,red,0,time_period_09,place-jfk,1065,3637,77,14,47,147
Fall 2019,red,0,time_period_09,place-knncl,3190,502,77,41,7,177
Fall 2019,red,0,time_period_09,place-nqncy,161,2087,77,2,27,82
Fall 2019,red,1,time_period_10,place-alfcl,0,42133,12,0,3511,0
Fall 2019,red,1,time_period_10,place-andrw,16942,8864,12,1412,739,13783
Fall 2019,red,1,time_period_10,place-asmnl,33378,0,12,2782,0,2782
Fall 2019,red,1,time_period_10,place-brdwy,14732,7719,12,1228,643,14367
Fall 2019,red,1,time_period_10,place-brntn,20671,0,12,1723,0,1723
Fall 2019,red,1,time_period_03,place-brntn,132333,0,77,1719,0,1719
Fall 2019,red,1,time_period_05,place-harsq,48728,127965,77,633,1662,4133
Fall 2019,red,1,time_period_07,place-qamnl,11136,1742,77,145,23,297
Fall 2019,red,1,time_period_10,place-chmnl,17067,15027,12,1422,1252,17363
Fall 2019,red,1,time_period_10,place-cntsq,22853,50006,12,1904,4167,14437
Fall 2019,red,1,time_period_10,place-davis,2716,52742,12,226,4395,3511
Fall 2019,red,1,time_period_10,place-dwnxg,45721,58665,12,3810,4889,15555
Fall 2019,red,1,time_period_10,place-fldcr,19732,3723,12,1644,310,4741
Fall 2019,red,1,time_period_10,place-harsq,24135,74149,12,2011,6179,10269
Fall 2019,red,1,time_period_10,place-jfk,22476,10078,12,1873,840,13110
Fall 2019,red,1,time_period_10,place-knncl,16913,24874,12,1409,2073,16700
Fall 2019,red,1,time_period_10,place-nqncy,17671,3468,12,1473,289,6784
Fall 2019,red,1,time_period_10,place-pktrm,98762,79104,12,8230,6592,17193
Fall 2019,red,1,time_period_10,place-portr,4423,35494,12,369,2958,7680
Fall 2019,red,1,time_period_10,place-qamnl,12697,632,12,1058,53,2728
Fall 2019,red,1,time_period_10,place-qnctr,27419,1934,12,2285,161,4852
Fall 2019,red,1,time_period_10,place-shmnl,7603,984,12,634,82,5293
Fall 2019,red,1,time_period_10,place-smmnl,8404,894,12,700,75,3407
Fall 2019,red,1,time_period_10,place-sstat,51816,24621,12,4318,2052,16634
Fall 2019,red,1,time_period_10,place-wlsta,11573,2593,12,964,216,5600
Fall 2019,red,1,time_period_11,place-alfcl,0,26079,8,0,3260,0
Fall 2019,red,1,time_period_11,place-andrw,11814,5434,8,1477,679,13188
Fall 2019,red,1,time_period_11,place-asmnl,20450,0,8,2556,0,2556
Fall 2019,red,1,time_period_11,place-brdwy,10830,6065,8,1354,758,13784
Fall 2019,red,1,time_period_11,place-brntn,9701,0,8,1213,0,1213
Fall 2019,red,1,time_period_11,place-chmnl,12460,10290,8,1557,1286,18159
Fall 2019,red,1,time_period_11,place-cntsq,17643,36527,8,2205,4566,15158
Fall 2019,red,1,time_period_11,place-davis,1438,35857,8,180,4482,3260
Fall 2019,red,1,time_period_11,place-dwnxg,35054,39301,8,4382,4913,16361
Fall 2019,red,1,time_period_11,place-fldcr,12463,1779,8,1558,222,4523
Fall 2019,red,1,time_period_11,place-harsq,15557,53002,8,1945,6625,10477
Fall 2019,red,1,time_period_11,place-jfk,14607,4746,8,1826,593,12391
Fall 2019,red,1,time_period_11,place-knncl,12295,17421,8,1537,2178,17518
Fall 2019,red,1,time_period_11,place-nqncy,11881,2240,8,1485,280,6209
Fall 2019,red,1,time_period_11,place-pktrm,62805,50592,8,7851,6324,17888
Fall 2019,red,1,time_period_11,place-portr,2664,25982,8,333,3248,7562
Fall 2019,red,1,time_period_11,place-qamnl,7671,340,8,959,43,2129
Fall 2019,red,1,time_period_11,place-qnctr,17772,999,8,2222,125,4226
Fall 2019,red,1,time_period_11,place-shmnl,3925,516,8,491,65,4949
Fall 2019,red,1,time_period_11,place-smmnl,5651,600,8,706,75,3188
Fall 2019,red,1,time_period_11,place-sstat,40803,15938,8,5100,1992,16892
Fall 2019,red,1,time_period_11,place-wlsta,7858,1635,8,982,204,5004
Fall 2019,red,1,time_period_03,place-chmnl,53239,156500,77,691,2032,9742
Fall 2019,red,1,time_period_07,place-qnctr,32886,2590,77,427,34,691
Fall 2019,red,1,time_period_07,place-shmnl,6113,2245,77,79,29,784
Fall 2019,red,1,time_period_03,place-cntsq,29389,143156,77,382,1859,3997
Fall 2019,red,1,time_period_05,place-jfk,114824,27207,77,1491,353,4629
Fall 2019,red,1,time_period_03,place-davis,16320,47496,77,212,617,1255
Fall 2019,red,1,time_period_05,place-knncl,74515,60019,77,968,779,5944
Fall 2019,red,1,time_period_01,place-alfcl,0,7794,77,0,101,0
Fall 2019,red,1,time_period_07,place-smmnl,6711,2174,77,87,28,585
Fall 2019,red,1,time_period_03,place-dwnxg,197611,409877,77,2566,5323,13602
Fall 2019,red,1,time_period_05,place-nqncy,30260,8482,77,393,110,1604
Fall 2019,red,1,time_period_01,place-andrw,12279,4277,77,159,56,1427
Fall 2019,red,1,time_period_07,place-sstat,196369,21307,77,2550,277,4761
Fall 2019,red,1,time_period_03,place-fldcr,95861,18464,77,1245,240,4945
Fall 2019,red,1,time_period_03,place-harsq,16938,176222,77,220,2289,1928
Fall 2019,red,1,time_period_03,place-jfk,106596,80675,77,1384,1048,15131
Fall 2019,red,1,time_period_03,place-knncl,13960,342585,77,181,4449,5474
Fall 2019,red,1,time_period_03,place-nqncy,156174,18180,77,2028,236,9135
Fall 2019,red,1,time_period_03,place-pktrm,131586,325508,77,1709,4227,11083
Fall 2019,red,1,time_period_03,place-portr,11635,32277,77,151,419,1660
Fall 2019,red,1,time_period_03,place-qamnl,137256,5073,77,1783,66,3435
Fall 2019,red,1,time_period_03,place-qnctr,209637,6724,77,2723,87,6071
Fall 2019,red,1,time_period_03,place-shmnl,59779,4822,77,776,63,5659
Fall 2019,red,1,time_period_03,place-smmnl,67373,5179,77,875,67,3940
Fall 2019,red,1,time_period_03,place-sstat,299729,339404,77,3893,4408,16358
Fall 2019,red,1,time_period_03,place-wlsta,100121,2123,77,1300,28,7343
Fall 2019,red,1,time_period_04,place-alfcl,0,84168,77,0,1093,0
Fall 2019,red,1,time_period_04,place-andrw,77176,25393,77,1002,330,10219
Fall 2019,red,1,time_period_04,place-asmnl,147921,0,77,1921,0,1921
Fall 2019,red,1,time_period_04,place-brdwy,64628,31040,77,839,403,10655
Fall 2019,red,1,time_period_04,place-brntn,50304,0,77,653,0,653
Fall 2019,red,1,time_period_04,place-chmnl,65593,99003,77,852,1286,8636
Fall 2019,red,1,time_period_04,place-cntsq,48849,147544,77,634,1916,5279
Fall 2019,red,1,time_period_04,place-davis,8917,88989,77,116,1156,1093
Fall 2019,red,1,time_period_04,place-dwnxg,219075,328264,77,2845,4263,9976
Fall 2019,red,1,time_period_04,place-fldcr,84700,11325,77,1100,147,3380
Fall 2019,red,1,time_period_04,place-harsq,36576,216085,77,475,2806,2948
Fall 2019,red,1,time_period_04,place-jfk,122634,73503,77,1593,955,9546
Fall 2019,red,1,time_period_04,place-knncl,52114,211932,77,677,2752,6561
Fall 2019,red,1,time_period_04,place-nqncy,99983,14684,77,1298,191,5076
Fall 2019,red,1,time_period_04,place-pktrm,189161,258951,77,2457,3363,9070
Fall 2019,red,1,time_period_04,place-portr,8962,71688,77,116,931,2133
Fall 2019,red,1,time_period_04,place-qamnl,70463,3738,77,915,49,1520
Fall 2019,red,1,time_period_04,place-qnctr,138753,5090,77,1802,66,3256
Fall 2019,red,1,time_period_04,place-shmnl,37591,2833,77,488,37,3832
Fall 2019,red,1,time_period_04,place-smmnl,40878,1878,77,531,24,2428
Fall 2019,red,1,time_period_04,place-sstat,205931,149002,77,2674,1935,11394
Fall 2019,red,1,time_period_04,place-wlsta,62039,7142,77,806,93,3969
Fall 2019,red,1,time_period_05,place-alfcl,0,132451,77,0,1720,0
Fall 2019,red,1,time_period_05,place-andrw,43374,20795,77,563,270,4922
Fall 2019,red,1,time_period_05,place-asmnl,80549,0,77,1046,0,1046
Fall 2019,red,1,time_period_05,place-brdwy,32033,19745,77,416,256,5081
Fall 2019,red,1,time_period_05,place-brntn,22404,0,77,291,0,291
Fall 2019,red,1,time_period_05,place-chmnl,48567,48904,77,631,635,5755
Fall 2019,red,1,time_period_05,place-cntsq,47597,107786,77,618,1400,5162
Fall 2019,red,1,time_period_05,place-davis,3597,110015,77,47,1429,1720
Fall 2019,red,1,time_period_05,place-dwnxg,147778,210525,77,1919,2734,5532
Fall 2019,red,1,time_period_05,place-fldcr,53917,15640,77,700,203,1732
Fall 2019,red,1,time_period_07,place-wlsta,6766,5228,77,88,68,711
Fall 2019,red,1,time_period_08,place-alfcl,0,32378,77,0,420,0
Fall 2019,red,1,time_period_08,place-andrw,4360,3661,77,57,48,413
Fall 2019,red,1,time_period_05,place-pktrm,154253,136723,77,2003,1776,5760
Fall 2019,red,1,time_period_01,place-asmnl,743,0,77,10,0,10
Fall 2019,red,1,time_period_01,place-brdwy,3695,4431,77,48,58,1417
Fall 2019,red,1,time_period_05,place-portr,6046,85409,77,79,1109,3102
Fall 2019,red,1,time_period_08,place-asmnl,9591,0,77,125,0,125
Fall 2019,red,1,time_period_01,place-brntn,0,0,77,0,0,0
Fall 2019,red,1,time_period_05,place-qamnl,20964,1624,77,272,21,542
Fall 2019,red,1,time_period_08,place-brdwy,9011,2270,77,117,29,501
Fall 2019,red,1,time_period_08,place-brntn,2897,0,77,38,0,38
Fall 2019,red,1,time_period_08,place-chmnl,12271,5259,77,159,68,1681
Fall 2019,red,1,time_period_08,place-cntsq,15375,29313,77,200,381,1500
Fall 2019,red,1,time_period_08,place-davis,1246,44182,77,16,574,420
Fall 2019,red,1,time_period_08,place-dwnxg,30415,20835,77,395,271,1043
Fall 2019,red,1,time_period_08,place-fldcr,4138,1995,77,54,26,168
Fall 2019,red,1,time_period_08,place-harsq,14453,27627,77,188,359,1329
Fall 2019,red,1,time_period_08,place-jfk,4857,4810,77,63,62,404
Fall 2019,red,1,time_period_08,place-knncl,13235,13275,77,172,172,1681
Fall 2019,red,1,time_period_08,place-nqncy,4304,1410,77,56,18,221
Fall 2019,red,1,time_period_08,place-pktrm,66446,24316,77,863,316,1590
Fall 2019,red,1,time_period_08,place-portr,1786,28778,77,23,374,978
Fall 2019,red,1,time_period_08,place-qamnl,1848,435,77,24,6,56
Fall 2019,red,1,time_period_08,place-qnctr,8860,294,77,115,4,167
Fall 2019,red,1,time_period_08,place-shmnl,1486,379,77,19,5,182
Fall 2019,red,1,time_period_08,place-smmnl,1499,301,77,19,4,140
Fall 2019,red,1,time_period_08,place-sstat,36708,4538,77,477,59,919
Fall 2019,red,1,time_period_08,place-wlsta,2086,813,77,27,11,184
Fall 2019,red,1,time_period_09,place-alfcl,0,1737,77,0,23,0
Fall 2019,red,1,time_period_09,place-andrw,587,366,77,8,5,40
Fall 2019,red,1,time_period_09,place-asmnl,1406,0,77,18,0,18
Fall 2019,red,1,time_period_09,place-brdwy,1339,210,77,17,3,55
Fall 2019,red,1,time_period_09,place-brntn,261,0,77,3,0,3
Fall 2019,red,1,time_period_09,place-chmnl,1503,634,77,20,8,195
Fall 2019,red,1,time_period_09,place-cntsq,2245,4038,77,29,52,177
Fall 2019,red,1,time_period_09,place-davis,101,7021,77,1,91,23
Fall 2019,red,1,time_period_09,place-dwnxg,3582,3091,77,47,40,137
Fall 2019,red,1,time_period_09,place-fldcr,537,220,77,7,3,23
Fall 2019,red,1,time_period_09,place-harsq,2460,3508,77,32,46,164
Fall 2019,red,1,time_period_09,place-jfk,395,753,77,5,10,37
Fall 2019,red,1,time_period_09,place-knncl,2251,1801,77,29,23,201
Fall 2019,red,1,time_period_09,place-nqncy,363,166,77,5,2,19
Fall 2019,red,1,time_period_09,place-pktrm,7577,3979,77,98,52,184
Fall 2019,red,1,time_period_09,place-portr,299,4262,77,4,55,112
Fall 2019,red,1,time_period_09,place-qamnl,190,16,77,2,0,6
Fall 2019,red,1,time_period_09,place-qnctr,781,31,77,10,0,15
Fall 2019,red,1,time_period_09,place-shmnl,139,142,77,2,2,23
Fall 2019,red,1,time_period_09,place-smmnl,120,44,77,2,1,19
Fall 2019,red,1,time_period_09,place-sstat,6190,355,77,80,5,131
Fall 2019,red,1,time_period_09,place-wlsta,127,82,77,2,1,16
Fall 2019,red,1,time_period_05,place-qnctr,54394,3657,77,706,47,1201
Fall 2019,red,1,time_period_01,place-chmnl,788,20015,77,10,260,627
Fall 2019,red,1,time_period_01,place-cntsq,1104,10171,77,14,132,261
Fall 2019,red,1,time_period_01,place-davis,668,2871,77,9,37,101
Fall 2019,red,1,time_period_05,place-shmnl,16287,4319,77,212,56,1887
Fall 2019,red,1,time_period_01,place-dwnxg,12187,28392,77,158,369,997
Fall 2019,red,1,time_period_05,place-smmnl,17338,2832,77,225,37,1234
Fall 2019,red,1,time_period_01,place-fldcr,17356,31,77,225,0,370
Fall 2019,red,1,time_period_05,place-sstat,149227,51783,77,1938,673,6347
Fall 2019,red,1,time_period_01,place-harsq,912,8812,77,12,114,159
Fall 2019,red,1,time_period_05,place-wlsta,15039,5811,77,195,75,1321
Fall 2019,red,1,time_period_01,place-jfk,7172,2852,77,93,37,1323
Fall 2019,red,1,time_period_06,place-alfcl,0,408993,77,0,5312,0
Fall 2019,red,1,time_period_06,place-andrw,42037,20536,77,546,267,4788
Fall 2019,red,1,time_period_01,place-knncl,224,19341,77,3,251,379
Fall 2019,red,1,time_period_01,place-nqncy,18649,587,77,242,8,812
Fall 2019,red,1,time_period_01,place-pktrm,13188,22404,77,171,291,877
Fall 2019,red,1,time_period_06,place-asmnl,69616,0,77,904,0,904
Fall 2019,red,1,time_period_06,place-brdwy,58050,18530,77,754,241,5301
Fall 2019,red,1,time_period_01,place-portr,214,2432,77,3,32,130
Fall 2019,red,1,time_period_06,place-brntn,31235,0,77,406,0,406
Fall 2019,red,1,time_period_01,place-qamnl,15298,0,77,199,0,199
Fall 2019,red,1,time_period_06,place-chmnl,113559,42691,77,1475,554,15253
Fall 2019,red,1,time_period_01,place-qnctr,16790,99,77,218,1,415
Fall 2019,red,1,time_period_06,place-cntsq,134531,278212,77,1747,3613,15604
Fall 2019,red,1,time_period_01,place-shmnl,6694,125,77,87,2,455
Fall 2019,red,1,time_period_06,place-davis,6465,403390,77,84,5239,5312
Fall 2019,red,1,time_period_06,place-dwnxg,337645,267593,77,4385,3475,11611
Fall 2019,red,1,time_period_01,place-smmnl,10390,2,77,135,0,145
Fall 2019,red,1,time_period_06,place-fldcr,38727,11460,77,503,149,1392
Fall 2019,red,1,time_period_06,place-harsq,106292,227207,77,1380,2951,14034
Fall 2019,red,1,time_period_06,place-jfk,110424,29899,77,1434,388,4509
Fall 2019,red,1,time_period_06,place-knncl,268943,98205,77,3493,1275,17470
Fall 2019,red,1,time_period_06,place-nqncy,50304,9333,77,653,121,1955
Fall 2019,red,1,time_period_06,place-pktrm,382181,172638,77,4963,2242,14333
Fall 2019,red,1,time_period_06,place-portr,14448,289150,77,188,3755,10466
Fall 2019,red,1,time_period_06,place-qamnl,31378,1842,77,408,24,789
Fall 2019,red,1,time_period_01,place-sstat,3645,19809,77,47,257,1207
Fall 2019,red,1,time_period_06,place-qnctr,51042,8702,77,663,113,1339
Fall 2019,red,1,time_period_01,place-wlsta,12602,153,77,164,2,577
Fall 2019,red,1,time_period_06,place-shmnl,12448,3474,77,162,45,1508
Fall 2019,red,1,time_period_02,place-alfcl,0,25144,77,0,327,0
Fall 2019,red,1,time_period_06,place-smmnl,13901,3620,77,181,47,1038
Fall 2019,red,1,time_period_02,place-andrw,28326,22273,77,368,289,5581
Fall 2019,red,1,time_period_06,place-sstat,469317,53492,77,6095,695,10701
Fall 2019,red,1,time_period_02,place-asmnl,103444,0,77,1343,0,1343
Fall 2019,red,1,time_period_06,place-wlsta,13217,6792,77,172,88,1423
Fall 2019,red,1,time_period_07,place-alfcl,0,165086,77,0,2144,0
Fall 2019,red,1,time_period_07,place-andrw,20013,11973,77,260,155,2195
Fall 2019,red,1,time_period_07,place-asmnl,40482,0,77,526,0,526
Fall 2019,red,1,time_period_07,place-brdwy,32342,9833,77,420,128,2488
Fall 2019,red,1,time_period_07,place-brntn,13484,0,77,175,0,175
Fall 2019,red,1,time_period_07,place-chmnl,62786,27055,77,815,351,8154
Fall 2019,red,1,time_period_07,place-cntsq,79696,162964,77,1035,2116,7788
Fall 2019,red,1,time_period_07,place-davis,6037,229692,77,78,2983,2144
Fall 2019,red,1,time_period_07,place-dwnxg,172740,105452,77,2243,1370,5635
Fall 2019,red,1,time_period_07,place-fldcr,18560,7113,77,241,92,733
Fall 2019,red,1,time_period_07,place-harsq,70628,140972,77,917,1831,6874
Fall 2019,red,1,time_period_07,place-jfk,49491,15390,77,643,200,2091
Fall 2019,red,1,time_period_07,place-knncl,116818,61766,77,1517,802,8869
Fall 2019,red,1,time_period_07,place-nqncy,17752,5899,77,231,77,864
Fall 2019,red,1,time_period_07,place-pktrm,252883,94623,77,3284,1229,7690
Fall 2019,red,1,time_period_07,place-portr,12196,152783,77,158,1984,5049
Fall 2019,red,1,time_period_02,place-brdwy,17757,17991,77,231,234,5578
Fall 2019,red,1,time_period_02,place-brntn,96199,0,77,1249,0,1249
Fall 2019,red,1,time_period_02,place-chmnl,4774,105056,77,62,1364,2457
Fall 2019,red,1,time_period_02,place-cntsq,4272,36905,77,55,479,945
Fall 2019,red,1,time_period_02,place-davis,3082,9795,77,40,127,327
Fall 2019,red,1,time_period_02,place-dwnxg,57229,120148,77,743,1560,4671
Fall 2019,red,1,time_period_02,place-fldcr,36814,2905,77,478,38,2040
Fall 2019,red,1,time_period_02,place-harsq,2670,36096,77,35,469,511
Fall 2019,red,1,time_period_02,place-jfk,21468,23879,77,279,310,5502
Fall 2019,red,1,time_period_02,place-knncl,1439,85225,77,19,1107,1369
Fall 2019,red,1,time_period_02,place-nqncy,41220,2995,77,535,39,3335
Fall 2019,red,1,time_period_02,place-pktrm,32535,102787,77,423,1335,3759
Fall 2019,red,1,time_period_02,place-portr,1744,9205,77,23,120,414
Fall 2019,red,1,time_period_02,place-qamnl,42476,5446,77,552,71,1730
Fall 2019,red,1,time_period_02,place-qnctr,59614,1332,77,774,17,2487
Fall 2019,red,1,time_period_02,place-shmnl,13031,833,77,169,11,2198
Fall 2019,red,1,time_period_02,place-smmnl,20852,1131,77,271,15,1600
Fall 2019,red,1,time_period_02,place-sstat,68307,75200,77,887,977,5489
Fall 2019,red,1,time_period_02,place-wlsta,27854,762,77,362,10,2839
Fall 2019,red,1,time_period_03,place-alfcl,0,96646,77,0,1255,0
Fall 2019,red,1,time_period_03,place-andrw,102423,30032,77,1330,390,16071
Fall 2019,red,1,time_period_03,place-asmnl,241181,0,77,3132,0,3132
Fall 2019,red,1,time_period_03,place-brdwy,112013,50212,77,1455,652,16874
